"","Vaccine.Exemption","Dose","Geography.Type","Geography","School.Year","Estimate....","Population.Size","Percent.Surveyed","Footnotes","Number.of.Exemptions","Survey.Type"
"1","MMR (PAC)","MMR (PAC)","States","Kansas","2025-26",NA,"NULL","NULL","NULL","NULL","Stratified 2-stage cluster sample"
"2","Varicella","1 Dose (or disease history)","States","Arizona","2024-25","93.4","75024","97.4","NULL","NULL","Census"
"3","MMR (PAC)","MMR (PAC)","States","Texas","2025-26","95.2","358586","98.3","NULL","NULL","Census (pub.), vol. response (prv.)"
"4","MMR (PAC)","MMR (PAC)","States","New Jersey","2025-26","94.3","101602","92.3","NULL","NULL","Census"
"5","MMR (PAC)","MMR (PAC)","States","Tennessee","2025-26","95.2","73415","97.4","NULL","NULL","Census"
"6","Varicella","1 Dose (or disease history)","States","Florida","2024-25","NReq","221053","100",">=. *","NULL","Census"
"7","Varicella","1 Dose (or disease history)","States","Georgia","2024-25","NReq","114568","100",">=. *","NULL","Census"
"8","Varicella","1 Dose (or disease history)","States","Hawaii","2024-25","NReq","13804","10.5","NULL","NULL","Stratified 2-stage cluster sample"
"9","Varicella","1 Dose (or disease history)","States","Idaho","2024-25","NReq","22242","99.5","NULL","NULL","Census"
"10","Varicella","1 Dose (or disease history)","States","Illinois","2024-25","NReq","132769","99.5","NULL","NULL","Census"
"11","Varicella","1 Dose (or disease history)","States","Alabama","2024-25","98","53589","99.9","NULL","NULL","Census"
"12","MMR (PAC)","MMR (PAC)","States","Arizona","2025-26","90.4","73907","92.5","NULL","NULL","Census (pub.), vol. response (prv.)"
"13","Varicella","1 Dose (or disease history)","States","Oklahoma","2024-25","94","47544","86.7","‡","NULL","Vol. response"
"14","Varicella","1 Dose (or disease history)","States","District of Columbia","2025-26","NReq","7871","100","NULL","NULL","Census"
"15","Varicella","1 Dose (or disease history)","States","Iowa","2025-26","NReq","37490","100","NULL","NULL","Census"
"16","Varicella","1 Dose (or disease history)","States","North Dakota","2025-26","NReq","9344","98.6","NULL","NULL","Census"
"17","Varicella","1 Dose (or disease history)","States","Indiana","2025-26","NReq","70886","87.1","NULL","NULL","Vol. response"
"18","Varicella","1 Dose (or disease history)","States","Maryland","2025-26","NReq","66945","97.8","NULL","NULL","Census (pub.), vol. response (prv.)"
"19","Varicella","1 Dose (or disease history)","States","North Carolina","2025-26","NReq","120045","90.1","NULL","NULL","Census (pub.), vol. response (prv.)"
"20","Varicella","1 Dose (or disease history)","States","NY-City of New York","2025-26","NReq","82534","98.1","NULL","NULL","Census"
"21","Varicella","1 Dose (or disease history)","States","Massachusetts","2025-26","NReq","65331","100","NULL","NULL","Census"
"22","Varicella","1 Dose (or disease history)","States","Illinois","2025-26","NReq","128598","99.8","NULL","NULL","Census"
"23","Varicella","1 Dose (or disease history)","States","Michigan","2025-26","NReq","104614","100","NULL","NULL","Census"
"24","Varicella","1 Dose (or disease history)","States","Idaho","2025-26","NReq","21728","100","NULL","NULL","Census"
"25","Varicella","1 Dose (or disease history)","States","Wisconsin","2025-26","NReq","59360","96.6","NULL","NULL","Census (pub.), vol. response (prv.)"
"26","Varicella","1 Dose (or disease history)","States","West Virginia","2025-26","NReq","15445","93.3","NULL","NULL","Census"
"27","Varicella","1 Dose (or disease history)","States","Wyoming","2024-25","93.4","6564","100","*","NULL","Census"
"28","Varicella","1 Dose (or disease history)","States","Oregon","2024-25","93.3","38247","100","*. ‡","NULL","Census"
"29","Varicella","1 Dose (or disease history)","States","New Jersey","2024-25","92.8","104339","100",">=. *","NULL","Census"
"30","Varicella","1 Dose (or disease history)","States","Delaware","2024-25","NReq","10393","14.2","‡","NULL","2-stage cluster sample (pub.), nonrandom 2-stage cluster sample (prv.)"
"31","Varicella","1 Dose (or disease history)","States","Kansas","2025-26","NReq","NULL","NULL","NULL","NULL","Stratified 2-stage cluster sample"
"32","Varicella","1 Dose (or disease history)","States","Nebraska","2025-26","NReq","23807","100","NULL","NULL","Census"
"33","Varicella","1 Dose (or disease history)","States","Kentucky","2025-26","NReq","49937","100","NULL","NULL","Census"
"34","Varicella","1 Dose (or disease history)","States","Arkansas","2024-25","NReq","37570","96.4","NULL","NULL","Census (pub.), vol. response (prv.)"
"35","Varicella","1 Dose (or disease history)","States","District of Columbia","2024-25","NReq","7997","100","*","NULL","Census"
"36","Varicella","1 Dose (or disease history)","States","Rhode Island","2025-26","NReq","10123","97.1","NULL","NULL","Census"
"37","Varicella","1 Dose (or disease history)","States","Pennsylvania","2025-26","NReq","134313","95.7","NULL","NULL","Census (pub.), vol. response (prv.)"
"38","Varicella","1 Dose (or disease history)","States","Delaware","2025-26","NReq","10729","12.9","NULL","NULL","2-stage cluster sample (pub.), nonrandom 2-stage cluster sample (prv.)"
"39","Varicella","1 Dose (or disease history)","States","Hawaii","2025-26","NReq","13791","11.7","NULL","NULL","Stratified 2-stage cluster sample"
"40","Varicella","1 Dose (or disease history)","States","South Dakota","2025-26","NReq","11009","100","NULL","NULL","Census"
"41","Varicella","1 Dose (or disease history)","States","Tennessee","2025-26","NReq","73415","97.4","NULL","NULL","Census"
"42","Varicella","1 Dose (or disease history)","States","Texas","2025-26","NReq","358586","98.3","NULL","NULL","Census (pub.), vol. response (prv.)"
"43","Varicella","1 Dose (or disease history)","States","TX-City of Houston","2025-26","NReq","36071","94.6","NULL","NULL","Census (pub.), vol. response (prv.)"
"44","Varicella","1 Dose (or disease history)","States","Colorado","2025-26","NReq","60049","100","NULL","NULL","Census"
"45","Varicella","2 Doses (or disease history)","States","Arkansas","2009-10","NReq","34733","100","*","NULL","Census"
"46","Varicella","2 Doses (or disease history)","States","Arizona","2009-10","NReq","89287","93.9","NULL","NULL","Census"
"47","Varicella","2 Doses (or disease history)","States","Alabama","2009-10","NReq","75358","100","*. **","NULL","Census"
"48","Varicella","2 Doses (or disease history)","States","Alaska","2009-10",NA,"9641","76.4","NULL","NULL","Voluntary response"
"49","Varicella","2 Doses (or disease history)","States","Iowa","2009-10","84.5","42698","100","≥","NULL","Census"
"50","Varicella","2 Doses (or disease history)","States","Kansas","2009-10","85.3","39073","39.1","†","NULL","Stratified 1-stage sample  (Public);  Census (Private)"
"51","Varicella","2 Doses (or disease history)","States","Rhode Island","2009-10","86.9","11818","11.6","NULL","NULL","Random sample"
"52","Varicella","2 Doses (or disease history)","States","Vermont","2009-10","88.2","6713","100","*","NULL","Census"
"53","Varicella","2 Doses (or disease history)","States","West Virginia","2009-10","88.4","22730","86.7","NULL","NULL","Voluntary response"
"54","Varicella","2 Doses (or disease history)","States","Washington","2009-10","88.6","81511","93.3","NULL","NULL","Census"
"55","Varicella","2 Doses (or disease history)","States","Delaware","2009-10","89","11327","9.2","NULL","NULL","Random sample"
"56","Varicella","2 Doses (or disease history)","States","North Dakota","2009-10","89.6","8323","6","¶","NULL","Random sample"
"57","Varicella","2 Doses (or disease history)","States","Wisconsin","2009-10","90.3","61095","2.3","¶","NULL","Random sample"
"58","Varicella","2 Doses (or disease history)","States","Florida","2009-10","91.3","218630","100","≥. * .§","NULL","Census"
"59","Varicella","2 Doses (or disease history)","States","Louisiana","2009-10","93.7","53846","100","*","NULL","Census"
"60","Varicella","2 Doses (or disease history)","States","Minnesota","2009-10","94","70653","100","*","NULL","Census"
"61","Varicella","2 Doses (or disease history)","States","New Mexico","2009-10","94.9","26318","2.2","NULL","NULL","Random sample"
"62","Varicella","2 Doses (or disease history)","States","Texas","2009-10","96.8","381425","98.3","NULL","NULL","Census"
"63","Varicella","1 Dose (or disease history)","States","Indiana","2024-25","NReq","73744","92.7","§","NULL","Census (pub.), vol. response (prv.)"
"64","Varicella","1 Dose (or disease history)","States","Iowa","2024-25","NReq","38268","100",">=. *","NULL","Census"
"65","Varicella","1 Dose (or disease history)","States","Oregon","2025-26","92.9","37309","100","NULL","NULL","Census"
"66","Varicella","1 Dose (or disease history)","States","Oklahoma","2025-26","92.9","47844","90.7","NULL","NULL","Census (pub.), vol. response (prv.)"
"67","Varicella","1 Dose (or disease history)","States","Wyoming","2025-26","92.6","6146","100","NULL","NULL","Census"
"68","Varicella","2 Doses (or disease history)","States","Oregon","2009-10","NReq","44676","100","*","NULL","Census"
"69","Varicella","2 Doses (or disease history)","States","Pennsylvania","2009-10","NReq","149656","100","*","NULL","Census"
"70","Varicella","1 Dose (or disease history)","States","New Jersey","2025-26","92.5","101602","92.3","NULL","NULL","Census"
"71","Varicella","1 Dose (or disease history)","States","Arizona","2025-26","92.3","73907","92.5","NULL","NULL","Census (pub.), vol. response (prv.)"
"72","Varicella","1 Dose (or disease history)","States","Georgia","2025-26","NReq","118864","100","NULL","NULL","Census"
"73","Varicella","1 Dose (or disease history)","States","Florida","2025-26","NReq","213535","100","NULL","NULL","Census"
"74","Varicella","2 Doses (or disease history)","States","California","2010-11",NA,"NULL","NULL","NULL","NULL",NA
"75","Varicella","2 Doses (or disease history)","States","Colorado","2010-11",NA,"NULL","NULL","NULL","NULL",NA
"76","Varicella","2 Doses (or disease history)","States","Connecticut","2010-11",NA,"NULL","NULL","NULL","NULL",NA
"77","Varicella","2 Doses (or disease history)","States","Delaware","2010-11",NA,"NULL","NULL","NULL","NULL",NA
"78","Varicella","2 Doses (or disease history)","States","District of Columbia","2010-11",NA,"NULL","NULL","NULL","NULL",NA
"79","Varicella","2 Doses (or disease history)","States","Florida","2010-11",NA,"NULL","NULL","NULL","NULL",NA
"80","Varicella","2 Doses (or disease history)","States","Georgia","2010-11",NA,"NULL","NULL","NULL","NULL",NA
"81","Varicella","2 Doses (or disease history)","States","Hawaii","2010-11",NA,"NULL","NULL","NULL","NULL",NA
"82","Varicella","2 Doses (or disease history)","States","Idaho","2010-11",NA,"NULL","NULL","NULL","NULL",NA
"83","Varicella","2 Doses (or disease history)","States","Illinois","2010-11",NA,"NULL","NULL","NULL","NULL",NA
"84","Varicella","2 Doses (or disease history)","States","Indiana","2010-11",NA,"NULL","NULL","NULL","NULL",NA
"85","Varicella","2 Doses (or disease history)","States","Iowa","2010-11",NA,"NULL","NULL","NULL","NULL",NA
"86","Varicella","2 Doses (or disease history)","States","Kansas","2010-11",NA,"NULL","NULL","NULL","NULL",NA
"87","Varicella","2 Doses (or disease history)","States","Kentucky","2010-11",NA,"NULL","NULL","NULL","NULL",NA
"88","Varicella","2 Doses (or disease history)","States","Louisiana","2010-11",NA,"NULL","NULL","NULL","NULL",NA
"89","Varicella","2 Doses (or disease history)","States","Maine","2010-11",NA,"NULL","NULL","NULL","NULL",NA
"90","Varicella","2 Doses (or disease history)","States","Maryland","2010-11",NA,"NULL","NULL","NULL","NULL",NA
"91","Varicella","2 Doses (or disease history)","States","Massachusetts","2010-11",NA,"NULL","NULL","NULL","NULL",NA
"92","Varicella","2 Doses (or disease history)","States","Michigan","2010-11",NA,"NULL","NULL","NULL","NULL",NA
"93","Varicella","2 Doses (or disease history)","States","Minnesota","2010-11",NA,"NULL","NULL","NULL","NULL",NA
"94","Varicella","2 Doses (or disease history)","States","Mississippi","2010-11",NA,"NULL","NULL","NULL","NULL",NA
"95","Varicella","2 Doses (or disease history)","States","Missouri","2010-11",NA,"NULL","NULL","NULL","NULL",NA
"96","Varicella","2 Doses (or disease history)","States","Montana","2010-11",NA,"NULL","NULL","NULL","NULL",NA
"97","Varicella","2 Doses (or disease history)","States","Nebraska","2010-11",NA,"NULL","NULL","NULL","NULL",NA
"98","Varicella","1 Dose (or disease history)","States","Washington","2025-26","NReq","75631","99.1","NULL","NULL","Census"
"99","Varicella","1 Dose (or disease history)","States","Virginia","2025-26","NReq","88950","95.7","NULL","NULL","Census"
"100","Varicella","1 Dose (or disease history)","States","Vermont","2025-26","NReq","5298","100","NULL","NULL","Census"
"101","Varicella","1 Dose (or disease history)","States","Utah","2025-26","NReq","44001","100","NULL","NULL","Census"
"102","Varicella","1 Dose (or disease history)","States","Alabama","2025-26","97.6","53378","100","NULL","NULL","Census"
"103","Varicella","1 Dose (or disease history)","States","California","2025-26","NReq","614405","100","NULL","NULL","Census"
"104","Varicella","1 Dose (or disease history)","States","Arkansas","2025-26","NReq","35543","96.7","NULL","NULL","Census (pub.), vol. response (prv.)"
"105","Varicella","1 Dose (or disease history)","States","Alaska","2025-26","NReq","8253","60.9","NULL","NULL","Vol. response (public), not conducted (private)"
"106","Varicella","1 Dose (or disease history)","States","Connecticut","2025-26","NReq","33118","100","NULL","NULL","Census"
"107","Varicella","1 Dose (or disease history)","States","New York","2025-26","NReq","203514","95.8","NULL","NULL","Census (pub.), vol. response (prv.)"
"108","Varicella","1 Dose (or disease history)","States","New Mexico","2025-26","NReq","19843","100","NULL","NULL","Census"
"109","Varicella","1 Dose (or disease history)","States","Ohio","2025-26","NReq","129087","95.9","NULL","NULL","Census (pub.), vol. response (prv.)"
"110","Varicella","1 Dose (or disease history)","States","New Hampshire","2025-26","NReq","11544","100","NULL","NULL","Census"
"111","Varicella","1 Dose (or disease history)","States","Nevada","2025-26","NReq","32815","93.6","NULL","NULL","Census (pub.), vol. response (prv.)"
"112","Varicella","2 Doses (or disease history)","States","South Dakota","2011-12","95.5","12127","100","*","NULL","Census"
"113","Varicella","1 Dose (or disease history)","States","Missouri","2025-26","NReq","66610","100","NULL","NULL","Census"
"114","Varicella","1 Dose (or disease history)","States","Mississippi","2025-26","NReq","34969","100","NULL","NULL","Census"
"115","Varicella","1 Dose (or disease history)","States","Louisiana","2025-26","NReq","50223","100","NULL","NULL","Census"
"116","Varicella","1 Dose (or disease history)","States","Minnesota","2025-26","NReq","63451","99.9","NULL","NULL","Census"
"117","Varicella","1 Dose (or disease history)","States","Maine","2025-26","NReq","11634","94.4","NULL","NULL","Census"
"118","Varicella","1 Dose (or disease history)","States","South Carolina","2025-26","NReq","57542","26.2","NULL","NULL","Stratified 1-stage cluster sample"
"119","Varicella","2 Doses (or disease history)","States","Maryland","2011-12","NReq","72957","67.2","NULL","NULL","Voluntary Response"
"120","Varicella","2 Doses (or disease history)","States","Utah","2011-12","NReq","53800","100","*","NULL","Census"
"121","Varicella","2 Doses (or disease history)","States","Maine","2011-12","NReq","13829","97","NULL","NULL","Census"
"122","Varicella","2 Doses (or disease history)","States","Kentucky","2011-12","NReq","58185","91.8","NULL","NULL","Census"
"123","Varicella","2 Doses (or disease history)","States","Montana","2011-12","NReq","12128","100","*","NULL","Census"
"124","Varicella","2 Doses (or disease history)","States","New Hampshire","2011-12",NA,"13022","100","*","NULL","Census"
"125","Varicella","2 Doses (or disease history)","States","Wyoming","2011-12",NA,"NULL","NULL","NULL","NULL","Not conducted"
"126","Varicella","2 Doses (or disease history)","States","New Jersey","2011-12","NReq","118669","96.6","NULL","NULL","Census"
"127","Varicella","2 Doses (or disease history)","States","Alaska","2011-12",NA,"10286","7.3","NULL","NULL","Non-random Cluster Sample"
"128","Varicella","2 Doses (or disease history)","States","South Dakota","2009-10","97.7","11499","100","*","NULL","Census"
"129","Varicella","2 Doses (or disease history)","States","Georgia","2009-10","99.6","141949","1.2","NULL","NULL","Random sample"
"130","Varicella","2 Doses (or disease history)","States","Mississippi","2009-10","99.7","46922","100","≥. *","NULL","Census"
"131","Varicella","2 Doses (or disease history)","States","Kentucky","2009-10","NReq","56526","92.9","NULL","NULL","Census"
"132","Varicella","2 Doses (or disease history)","States","Indiana","2009-10","NReq","84390","94.7","NULL","NULL","Census"
"133","Varicella","2 Doses (or disease history)","States","Illinois","2009-10","NReq","165845","100","NULL","NULL","Census"
"134","Varicella","2 Doses (or disease history)","States","Idaho","2009-10","NReq","22624","100","*","NULL","Census"
"135","Varicella","2 Doses (or disease history)","States","Maine","2009-10","NReq","14162","75.3","NULL","NULL","Voluntary response"
"136","Varicella","2 Doses (or disease history)","States","California","2009-10","NReq","507191","100","*","NULL","Census"
"137","Varicella","2 Doses (or disease history)","States","Colorado","2009-10",NA,"NULL","NULL","NULL","NULL","Not conducted"
"138","Varicella","2 Doses (or disease history)","States","Maryland","2009-10","NReq","75061","75","NULL","NULL","Voluntary response"
"139","Varicella","2 Doses (or disease history)","States","Massachusetts","2009-10","NReq","74476","100","*","NULL","Census"
"140","Varicella","2 Doses (or disease history)","States","Michigan","2009-10","NReq","129810","100","*","NULL","Census"
"141","Varicella","2 Doses (or disease history)","States","Connecticut","2009-10","NReq","46158","100","*","NULL","Census"
"142","Varicella","2 Doses (or disease history)","States","Hawaii","2009-10","NReq","18427","6.4","NULL","NULL","Random sample"
"143","Varicella","2 Doses (or disease history)","States","Missouri","2009-10","NReq","75958","3","NULL","NULL","Random sample"
"144","Varicella","2 Doses (or disease history)","States","District of Columbia","2009-10",NA,"6092","100","*","NULL","Census"
"145","Varicella","2 Doses (or disease history)","States","Montana","2009-10","NReq","12335","98.8","NULL","NULL","Census"
"146","Varicella","2 Doses (or disease history)","States","Nebraska","2009-10","NReq","29607","96.4","NULL","NULL","Census"
"147","Varicella","2 Doses (or disease history)","States","Nevada","2009-10","NReq","35209","5.6","NULL","NULL","Random sample"
"148","Varicella","2 Doses (or disease history)","States","New Hampshire","2009-10",NA,"NULL","NULL","NULL","NULL","Not conducted"
"149","Varicella","2 Doses (or disease history)","States","New Jersey","2009-10","NReq","118347","95.1","NULL","NULL","Census"
"150","Varicella","2 Doses (or disease history)","States","New York","2009-10","NReq","229273","100","*","NULL","Census"
"151","Varicella","2 Doses (or disease history)","States","North Carolina","2009-10","NReq","116087","96","NULL","NULL","Census"
"152","Varicella","2 Doses (or disease history)","States","Ohio","2009-10","NReq","131137","100","*","NULL","Census"
"153","Varicella","2 Doses (or disease history)","States","Oklahoma","2009-10","NReq","51128","88.9","NULL","NULL","Voluntary response"
"154","Varicella","2 Doses (or disease history)","States","Utah","2012-13","NReq","54605","100","*","NULL","Census"
"155","Varicella","2 Doses (or disease history)","States","South Carolina","2012-13","NReq","61799","17.9","NULL","NULL","1-Stage Cluster Sample"
"156","Varicella","2 Doses (or disease history)","States","Oregon","2012-13","NReq","47102","100","*. ‡","NULL","Census"
"157","Varicella","2 Doses (or disease history)","States","Illinois","2012-13","NReq","166884","100","*","NULL","Census"
"158","Varicella","2 Doses (or disease history)","States","South Carolina","2009-10","NReq","53725","10.2","NULL","NULL","Random sample"
"159","Varicella","2 Doses (or disease history)","States","Tennessee","2009-10","NReq","90811","88.1","NULL","NULL","Voluntary response"
"160","Varicella","2 Doses (or disease history)","States","Utah","2009-10","NReq","49957","100","*","NULL","Census"
"161","Varicella","2 Doses (or disease history)","States","Virginia","2009-10","NReq","100891","4.4","NULL","NULL","Random sample"
"162","Varicella","2 Doses (or disease history)","States","Wyoming","2009-10",NA,"NULL","NULL","NULL","NULL","Not conducted"
"163","Varicella","2 Doses (or disease history)","States","Alaska","2010-11",NA,"NULL","NULL","NULL","NULL",NA
"164","Varicella","2 Doses (or disease history)","States","Arizona","2010-11",NA,"NULL","NULL","NULL","NULL",NA
"165","Varicella","2 Doses (or disease history)","States","Arkansas","2010-11",NA,"NULL","NULL","NULL","NULL",NA
"166","Varicella","2 Doses (or disease history)","States","Washington","2010-11",NA,"NULL","NULL","NULL","NULL",NA
"167","Varicella","2 Doses (or disease history)","States","Virginia","2010-11",NA,"NULL","NULL","NULL","NULL",NA
"168","Varicella","2 Doses (or disease history)","States","Vermont","2010-11",NA,"NULL","NULL","NULL","NULL",NA
"169","Varicella","2 Doses (or disease history)","States","Utah","2010-11",NA,"NULL","NULL","NULL","NULL",NA
"170","Varicella","2 Doses (or disease history)","States","Texas","2010-11",NA,"NULL","NULL","NULL","NULL",NA
"171","Varicella","2 Doses (or disease history)","States","Tennessee","2010-11",NA,"NULL","NULL","NULL","NULL",NA
"172","Varicella","2 Doses (or disease history)","States","South Dakota","2010-11",NA,"NULL","NULL","NULL","NULL",NA
"173","Varicella","2 Doses (or disease history)","States","South Carolina","2010-11",NA,"NULL","NULL","NULL","NULL",NA
"174","Varicella","2 Doses (or disease history)","States","Rhode Island","2010-11",NA,"NULL","NULL","NULL","NULL",NA
"175","Varicella","2 Doses (or disease history)","States","Pennsylvania","2010-11",NA,"NULL","NULL","NULL","NULL",NA
"176","Varicella","2 Doses (or disease history)","States","Oregon","2010-11",NA,"NULL","NULL","NULL","NULL",NA
"177","Varicella","2 Doses (or disease history)","States","Oklahoma","2010-11",NA,"NULL","NULL","NULL","NULL",NA
"178","Varicella","2 Doses (or disease history)","States","Ohio","2010-11",NA,"NULL","NULL","NULL","NULL",NA
"179","Varicella","2 Doses (or disease history)","States","North Dakota","2010-11",NA,"NULL","NULL","NULL","NULL",NA
"180","Varicella","2 Doses (or disease history)","States","North Carolina","2010-11",NA,"NULL","NULL","NULL","NULL",NA
"181","Varicella","2 Doses (or disease history)","States","New York","2010-11",NA,"NULL","NULL","NULL","NULL",NA
"182","Varicella","2 Doses (or disease history)","States","New Mexico","2010-11",NA,"NULL","NULL","NULL","NULL",NA
"183","Varicella","2 Doses (or disease history)","States","New Jersey","2010-11",NA,"NULL","NULL","NULL","NULL",NA
"184","Varicella","2 Doses (or disease history)","States","New Hampshire","2010-11",NA,"NULL","NULL","NULL","NULL",NA
"185","Varicella","2 Doses (or disease history)","States","Alabama","2010-11",NA,"NULL","NULL","NULL","NULL",NA
"186","Varicella","2 Doses (or disease history)","States","Wisconsin","2011-12","91","70672","2.3","NULL","NULL","2-stage Cluster Sample"
"187","Varicella","2 Doses (or disease history)","States","Iowa","2011-12","91.1","40978","100","≥. *","NULL","Census"
"188","Varicella","2 Doses (or disease history)","States","Rhode Island","2011-12","91.3","12552","13.9","NULL","NULL","2-stage Cluster Sample"
"189","Varicella","2 Doses (or disease history)","States","Indiana","2011-12","91.9","83416","67.5","NULL","NULL","Voluntary Response"
"190","Varicella","2 Doses (or disease history)","States","Florida","2011-12","92.6","225532","100","≥. * .§","NULL","Census"
"191","Varicella","2 Doses (or disease history)","States","Massachusetts","2011-12","92.7","79551","97.5","NULL","NULL","Census"
"192","Varicella","2 Doses (or disease history)","States","Michigan","2011-12","93.2","124962","100","*","NULL","Census"
"193","Varicella","2 Doses (or disease history)","States","New Mexico","2011-12","94.2","29159","2","NULL","NULL","2-stage Cluster Sample"
"194","Varicella","2 Doses (or disease history)","States","Minnesota","2011-12","94.9","71213","99.2","NULL","NULL","Census"
"195","Varicella","2 Doses (or disease history)","States","Missouri","2011-12","95.1","75240","4.7","NULL","NULL","2-stage Cluster Sample"
"196","Varicella","2 Doses (or disease history)","States","Arkansas","2011-12","95.4","38754","92.2","NULL","NULL","Census"
"197","Varicella","2 Doses (or disease history)","States","Ohio","2011-12","95.4","146144","94.5","NULL","NULL","Convenient"
"198","Varicella","2 Doses (or disease history)","States","South Carolina","2013-14","NReq","61661","11","NULL","NULL","1-stage stratified sample"
"199","Varicella","2 Doses (or disease history)","States","Alabama","2011-12","NReq","73190","100","* .**","NULL","Census"
"200","Varicella","2 Doses (or disease history)","States","Arizona","2011-12","NReq","88293","96.9","NULL","NULL","Census"
"201","Varicella","2 Doses (or disease history)","States","New York","2011-12","NReq","236016","100","*","NULL","Census"
"202","Varicella","2 Doses (or disease history)","States","North Carolina","2011-12","NReq","128854","95.4","NULL","NULL","Census"
"203","Varicella","2 Doses (or disease history)","States","Georgia","2011-12","96.6","143065","1.9","NULL","NULL","2-stage Cluster Sample"
"204","Varicella","2 Doses (or disease history)","States","Nebraska","2011-12","96.8","26715","96.6","NULL","NULL","Census"
"205","Varicella","2 Doses (or disease history)","States","Delaware","2011-12","96.9","11327","7.4","≥","NULL","2-stage Cluster Sample"
"206","Varicella","2 Doses (or disease history)","States","Connecticut","2011-12","97.1","45695","100","*","NULL","Census"
"207","Varicella","2 Doses (or disease history)","States","Louisiana","2011-12","97.2","69013","100","*","NULL","Census"
"208","Varicella","2 Doses (or disease history)","States","Tennessee","2011-12","97.3","83950","99.9","≥","NULL","Census"
"209","Varicella","2 Doses (or disease history)","States","Mississippi","2011-12","99.2","44912","100","≥. *","NULL","Census"
"210","Varicella","2 Doses (or disease history)","States","Texas","2011-12","99.2","388178","100","*","NULL","Census"
"211","Varicella","2 Doses (or disease history)","States","South Carolina","2011-12","NReq","59307","10.7","NULL","NULL","1-stage Cluster Sample"
"212","Varicella","2 Doses (or disease history)","States","Vermont","2011-12","90.3","6548","100","*","NULL","Census"
"213","Varicella","2 Doses (or disease history)","States","Nevada","2011-12","90.3","36557","5.2","NULL","NULL","2-stage Cluster Sample"
"214","Varicella","2 Doses (or disease history)","States","Washington","2011-12","90.4","85134","89.1","NULL","NULL","Voluntary Response"
"215","Varicella","2 Doses (or disease history)","States","Virginia","2011-12","90.6","101121","4.3","NULL","NULL","2-stage Cluster Sample"
"216","Varicella","2 Doses (or disease history)","States","Florida","2012-13","92.1","234628","100","≥. *. §","NULL","Census"
"217","Varicella","2 Doses (or disease history)","States","Nevada","2012-13","92.2","36070","4.3","NULL","NULL","2-stage Cluster Sample"
"218","Varicella","2 Doses (or disease history)","States","Michigan","2012-13","92.9","124662","100","*","NULL","Census"
"219","Varicella","2 Doses (or disease history)","States","Massachusetts","2012-13","93.6","79661","97.6","‡","NULL","Census"
"220","Varicella","2 Doses (or disease history)","States","Indiana","2012-13","93.9","86983","83.4","NULL","NULL","Voluntary Response"
"221","Varicella","2 Doses (or disease history)","States","New Mexico","2012-13","94","29279","3.3","‡","NULL","2-stage Cluster Sample"
"222","Varicella","2 Doses (or disease history)","States","Rhode Island","2012-13","94.2","12552","75.2","‡","NULL","Voluntary Response"
"223","Varicella","2 Doses (or disease history)","States","Tennessee","2012-13","94.5","85801","97","≥","NULL","Census"
"224","Varicella","2 Doses (or disease history)","States","Nebraska","2012-13","94.7","24999","96.6","‡","NULL","Census"
"225","Varicella","2 Doses (or disease history)","States","Georgia","2012-13","95.1","142732","2.4","≥","NULL","2-stage Cluster Sample"
"226","Varicella","2 Doses (or disease history)","States","Ohio","2012-13","95.7","163687","86.9","NULL","NULL","Census"
"227","Varicella","2 Doses (or disease history)","States","Delaware","2012-13","95.7","11997","7.8","≥","NULL","2-stage Cluster Sample"
"228","Varicella","2 Doses (or disease history)","States","Minnesota","2012-13","95.9","73310","100","*. ‡","NULL","Census"
"229","Varicella","2 Doses (or disease history)","States","South Dakota","2012-13","96","12468","100","*","NULL","Census"
"230","Varicella","2 Doses (or disease history)","States","Missouri","2012-13","96.1","78416","5.9","NULL","NULL","2-stage Cluster Sample"
"231","Varicella","2 Doses (or disease history)","States","West Virginia","2012-13","96.2","22588","86.5","NULL","NULL","Voluntary Response"
"232","Varicella","2 Doses (or disease history)","States","Louisiana","2012-13","96.5","68874","100","*","NULL","Census"
"233","Varicella","2 Doses (or disease history)","States","Connecticut","2012-13","96.8","41604","100","*","NULL","Census"
"234","Varicella","2 Doses (or disease history)","States","Wyoming","2012-13","97","8133","100","* .¶","NULL","Census"
"235","Varicella","2 Doses (or disease history)","States","Texas","2012-13","97.2","414688","96.6","‡","NULL","Census"
"236","Varicella","2 Doses (or disease history)","States","Mississippi","2012-13","99.9","46595","100","≥. *","NULL","Census"
"237","Varicella","2 Doses (or disease history)","States","Maryland","2012-13","NReq","75007","84.3","‡","NULL","Voluntary Response"
"238","Varicella","2 Doses (or disease history)","States","Maine","2012-13","NReq","14313","94.6","‡","NULL","Census"
"239","Varicella","2 Doses (or disease history)","States","Kentucky","2012-13","89.5","58466","97.2","‡","NULL","Census"
"240","Varicella","2 Doses (or disease history)","States","Vermont","2012-13","90.1","6792","100","*","NULL","Census"
"241","Varicella","2 Doses (or disease history)","States","Washington","2012-13","90.3","87773","94.7","NULL","NULL","Census"
"242","Varicella","2 Doses (or disease history)","States","Iowa","2012-13","90.5","41701","99.9","≥","NULL","Census"
"243","Varicella","2 Doses (or disease history)","States","Oklahoma","2012-13","NReq","56943","95.5","NULL","NULL","Census"
"244","Varicella","2 Doses (or disease history)","States","Hawaii","2012-13","NReq","20104","6.7","NULL","NULL","2-stage Cluster Sample"
"245","Varicella","2 Doses (or disease history)","States","North Carolina","2012-13","NReq","130612","97.3","NULL","NULL","Census"
"246","Varicella","2 Doses (or disease history)","States","New York","2012-13","NReq","239484","100","*. ‡","NULL","Census"
"247","Varicella","2 Doses (or disease history)","States","New Jersey","2012-13","NReq","122516","96.7","‡","NULL","Census"
"248","Varicella","2 Doses (or disease history)","States","New Hampshire","2012-13",NA,"12943","99.2","NULL","NULL","Census"
"249","Varicella","2 Doses (or disease history)","States","Montana","2012-13","NReq","12516","95.8","NULL","NULL","Census"
"250","Varicella","2 Doses (or disease history)","States","Nevada","2010-11",NA,"NULL","NULL","NULL","NULL",NA
"251","Varicella","2 Doses (or disease history)","States","Wyoming","2010-11",NA,"NULL","NULL","NULL","NULL",NA
"252","Varicella","2 Doses (or disease history)","States","Wisconsin","2010-11",NA,"NULL","NULL","NULL","NULL",NA
"253","Varicella","2 Doses (or disease history)","States","West Virginia","2010-11",NA,"NULL","NULL","NULL","NULL",NA
"254","Varicella","2 Doses (or disease history)","States","New Hampshire","2013-14","94.7","13240","100","≥. *","NULL","Census"
"255","Varicella","2 Doses (or disease history)","States","Rhode Island","2013-14","94.7","11521","99.1","‡","NULL","Census"
"256","Varicella","2 Doses (or disease history)","States","Nebraska","2013-14","94.9","27000","97.3","‡","NULL","Census"
"257","Varicella","2 Doses (or disease history)","States","Tennessee","2013-14","94.9","80212","99.8","≥","NULL","Census"
"258","Varicella","2 Doses (or disease history)","States","South Dakota","2013-14","95.3","12566","100","*","NULL","Census"
"259","Varicella","2 Doses (or disease history)","States","West Virginia","2013-14","95.5","22814","84.7","NULL","NULL","Voluntary response"
"260","Varicella","2 Doses (or disease history)","States","Ohio","2013-14","95.7","150000","92.5","NULL","NULL","Census"
"261","Varicella","2 Doses (or disease history)","States","Louisiana","2013-14","96.1","63976","100","*","NULL","Census"
"262","Varicella","2 Doses (or disease history)","States","Delaware","2013-14","96.4","11997","12.2","≥","NULL","Stratified  2-stage cluster sample"
"263","Varicella","2 Doses (or disease history)","States","Connecticut","2013-14","96.7","40978","100","*","NULL","Census"
"264","Varicella","2 Doses (or disease history)","States","Texas","2013-14","97.2","409255","97.1","‡","NULL","Census"
"265","Varicella","2 Doses (or disease history)","States","Mississippi","2013-14","99.7","45719","100","≥. *","NULL","Census"
"266","Varicella","2 Doses (or disease history)","States","Wyoming","2013-14",NA,"NULL","NULL","NULL","NULL","Not conducted"
"267","Varicella","2 Doses (or disease history)","States","California","2013-14","NReq","548606","97.3","‡","NULL","Census"
"268","Varicella","2 Doses (or disease history)","States","Arizona","2013-14","NReq","89606","95.8","NULL","NULL","Census"
"269","Varicella","2 Doses (or disease history)","States","District of Columbia","2013-14",NA,"7856","100","*","NULL","Census"
"270","Varicella","2 Doses (or disease history)","States","Alabama","2013-14","NReq","76927","100","*. **","NULL","Census"
"271","Varicella","2 Doses (or disease history)","States","Hawaii","2013-14","NReq","20056","5.4","NULL","NULL","Stratified  2-stage cluster sample"
"272","Varicella","2 Doses (or disease history)","States","Illinois","2013-14","NReq","163316","100","*","NULL","Census"
"273","Varicella","2 Doses (or disease history)","States","Maine","2013-14","NReq","15441","82.4","‡","NULL","Voluntary response"
"274","Varicella","2 Doses (or disease history)","States","Maryland","2013-14","NReq","75659","96.9","‡","NULL","Census"
"275","Varicella","2 Doses (or disease history)","States","Montana","2013-14","NReq","12855","95.4","NULL","NULL","Census"
"276","Varicella","2 Doses (or disease history)","States","New Jersey","2013-14","NReq","123085","95.4","≥. ‡","NULL","Census"
"277","Varicella","2 Doses (or disease history)","States","New York","2013-14","NReq","240318","100","*. ‡","NULL","Census"
"278","Varicella","2 Doses (or disease history)","States","North Carolina","2013-14","NReq","126084","97.7","NULL","NULL","Census"
"279","Varicella","2 Doses (or disease history)","States","Oklahoma","2013-14","NReq","57377","71.3","NULL","NULL","Voluntary response"
"280","Varicella","2 Doses (or disease history)","States","Oregon","2013-14","NReq","47649","100","*. ‡","NULL","Census"
"281","Varicella","2 Doses (or disease history)","States","Missouri","2014-15","95.3","75900","100","*","NULL","Census"
"282","Varicella","2 Doses (or disease history)","States","Rhode Island","2014-15","95.4","11163","98.9","‡","NULL","Census"
"283","Varicella","2 Doses (or disease history)","States","California","2011-12","NReq","542544","97.6","NULL","NULL","Census"
"284","Varicella","2 Doses (or disease history)","States","Illinois","2011-12","NReq","163311","100","*","NULL","Census"
"285","Varicella","2 Doses (or disease history)","States","District of Columbia","2011-12",NA,"6854","100","*","NULL","Census"
"286","Varicella","2 Doses (or disease history)","States","Hawaii","2011-12","NReq","19443","7.7","NULL","NULL","2-stage Cluster Sample"
"287","Varicella","2 Doses (or disease history)","States","Oklahoma","2011-12","NReq","52987","90.9","¶","NULL","Census"
"288","Varicella","2 Doses (or disease history)","States","Oregon","2011-12","NReq","45855","100","*","NULL","Census"
"289","Varicella","2 Doses (or disease history)","States","Colorado","2011-12","84","70142","0.5","NULL","NULL","Simple Random Sample"
"290","Varicella","2 Doses (or disease history)","States","Pennsylvania","2011-12","85.1","148042","99","NULL","NULL","Census"
"291","Varicella","2 Doses (or disease history)","States","Idaho","2011-12","85.8","22762","100","*","NULL","Census"
"292","Varicella","2 Doses (or disease history)","States","Kansas","2011-12","85.9","38402","52.7","†","NULL","Stratified 1-stage sample  (Public);  Census (Private)"
"293","Varicella","2 Doses (or disease history)","States","North Dakota","2011-12","88.9","8412","5.8","¶","NULL","Convenient"
"294","Varicella","2 Doses (or disease history)","States","West Virginia","2011-12","88.9","22449","94.9","NULL","NULL","Convenient"
"295","Varicella","2 Doses (or disease history)","States","California","2014-15","NReq","552583","96.9","‡","NULL","Census"
"296","Varicella","2 Doses (or disease history)","States","Montana","2014-15","NReq","12501","95.7","NULL","NULL","Census (public); Voluntary response (private)"
"297","Varicella","2 Doses (or disease history)","States","Arizona","2014-15","NReq","86153","98.3","NULL","NULL","Census"
"298","Varicella","2 Doses (or disease history)","States","New Jersey","2014-15","NReq","120471","93.9","‡","NULL","Census (public); Voluntary response (private)"
"299","Varicella","2 Doses (or disease history)","States","Alabama","2014-15","NReq","59660","100","*","NULL","Census"
"300","Varicella","2 Doses (or disease history)","States","North Carolina","2014-15","NReq","129792","95","NULL","NULL","Census (public). Voluntary response (private)"
"301","Varicella","2 Doses (or disease history)","States","Oklahoma","2014-15","NReq","56967","95.9","‡","NULL","Census"
"302","Varicella","2 Doses (or disease history)","States","Oregon","2014-15","NReq","46229","100","*. ‡","NULL","Census"
"303","Varicella","2 Doses (or disease history)","States","Utah","2014-15","NReq","50916","100","*","NULL","Census"
"304","Varicella","2 Doses (or disease history)","States","Colorado","2014-15","85.4","70597","0.5","NULL","NULL","Simple random sample"
"305","Varicella","2 Doses (or disease history)","States","Washington","2014-15","87.9","88809","96.7","NULL","NULL","Census (public); Voluntary response (private)"
"306","Varicella","2 Doses (or disease history)","States","Arkansas","2014-15","88","41252","95.9","‡","NULL","Census (public); Voluntary response (private)"
"307","Varicella","2 Doses (or disease history)","States","Idaho","2014-15","88.4","22968","100","*","NULL","Census"
"308","Varicella","2 Doses (or disease history)","States","Kansas","2014-15","88.9","39685","24.5","†.‡","NULL","Stratified 2-stage cluster sample"
"309","Varicella","2 Doses (or disease history)","States","North Dakota","2014-15","89.5","10017","99.9","NULL","NULL","Census"
"310","Varicella","2 Doses (or disease history)","States","District of Columbia","2014-15","89.5","7840","100","*","NULL","Census"
"311","Varicella","2 Doses (or disease history)","States","District of Columbia","2012-13",NA,"7842","100","*","NULL","Census"
"312","Varicella","2 Doses (or disease history)","States","California","2012-13","NReq","535523","99","‡","NULL","Census"
"313","Varicella","2 Doses (or disease history)","States","Arizona","2012-13","NReq","90054","97.6","NULL","NULL","Census"
"314","Varicella","2 Doses (or disease history)","States","Alaska","2012-13",NA,"10319","97.8","NULL","NULL","Census"
"315","Varicella","2 Doses (or disease history)","States","Alabama","2012-13","NReq","72929","100","* . ‡. **","NULL","Census"
"316","Varicella","2 Doses (or disease history)","States","Colorado","2012-13","84.6","70657","0.5","NULL","NULL","Simple Random Sample"
"317","Varicella","2 Doses (or disease history)","States","Arkansas","2012-13","84.8","43212","96.3","‡","NULL","Census"
"318","Varicella","2 Doses (or disease history)","States","Pennsylvania","2012-13","85.7","151364","97.5","NULL","NULL","Census"
"319","Varicella","2 Doses (or disease history)","States","Idaho","2012-13","86.6","23888","100","*","NULL","Census"
"320","Varicella","2 Doses (or disease history)","States","Kansas","2012-13","88.4","40738","31.8","†. ‡","NULL","Stratified 1-stage sample  (Public);  Census (Private)"
"321","Varicella","2 Doses (or disease history)","States","North Dakota","2012-13","88.5","9503","4.9","NULL","NULL","2-stage Cluster Sample"
"322","Varicella","2 Doses (or disease history)","States","Louisiana","2015-16","96.8","59159","100","*","NULL","Census"
"323","Varicella","2 Doses (or disease history)","States","North Carolina","2015-16","97","128290","92","‡.§","NULL","Census (public). Voluntary response (private)"
"324","Varicella","2 Doses (or disease history)","States","Texas","2015-16","97.2","394801","98.7","‡.§","NULL","Census (public); Voluntary response (private)"
"325","Varicella","2 Doses (or disease history)","States","Nebraska","2015-16","97.3","30409","100","*.‡","NULL","Census"
"326","Varicella","2 Doses (or disease history)","States","Delaware","2015-16","97.6","11589","9.5","NULL","NULL","Stratified 2-stage cluster sample"
"327","Varicella","2 Doses (or disease history)","States","Wisconsin","2012-13","91.1","72416","1.8","‡","NULL","2-stage Cluster Sample"
"328","Varicella","2 Doses (or disease history)","States","Virginia","2012-13","91.2","104826","4.2","NULL","NULL","2-stage Cluster Sample"
"329","Varicella","2 Doses (or disease history)","States","Alaska","2013-14","92.5","10222","9.3","†","NULL","Stratified  2-stage cluster sample"
"330","Varicella","2 Doses (or disease history)","States","Minnesota","2013-14","92.6","72087","98.5","‡","NULL","Census"
"331","Varicella","2 Doses (or disease history)","States","Michigan","2013-14","93","120297","100","*","NULL","Census"
"332","Varicella","2 Doses (or disease history)","States","Florida","2013-14","93.2","233797","100","≥. *. §","NULL","Census"
"333","Varicella","2 Doses (or disease history)","States","New Mexico","2013-14","93.4","30725","2.7","‡","NULL","Stratified  2-stage cluster sample"
"334","Varicella","2 Doses (or disease history)","States","Nevada","2013-14","93.6","35782","3.1","NULL","NULL","Stratified  2-stage cluster sample"
"335","Varicella","2 Doses (or disease history)","States","Massachusetts","2013-14","93.9","79894","97.9","‡","NULL","Census"
"336","Varicella","2 Doses (or disease history)","States","Georgia","2013-14","94","143988","100","≥. *","NULL","Census"
"337","Varicella","2 Doses (or disease history)","States","Missouri","2013-14","94.6","78140","100","*","NULL","Census"
"338","Varicella","2 Doses (or disease history)","States","Arkansas","2015-16","90.6","40258","95.6","‡","NULL","Census (public); Voluntary response (private)"
"339","Varicella","2 Doses (or disease history)","States","Ohio","2015-16","91.5","144604","93.7","NULL","NULL","Census (public); Voluntary response (private)"
"340","Varicella","2 Doses (or disease history)","States","Kentucky","2015-16","91.6","54353","99.5","‡.§","NULL","Census"
"341","Varicella","2 Doses (or disease history)","States","Iowa","2015-16","91.8","41215","100","≥.*","NULL","Census"
"342","Varicella","2 Doses (or disease history)","States","Vermont","2015-16","91.9","6366","100","*","NULL","Census"
"343","Varicella","2 Doses (or disease history)","States","Utah","2013-14","NReq","54779","100","*","NULL","Census"
"344","Varicella","2 Doses (or disease history)","States","Colorado","2013-14","81.7","69904","0.5","NULL","NULL","Random Sample"
"345","Varicella","2 Doses (or disease history)","States","Pennsylvania","2013-14","84","151253","100","*. ‡","NULL","Census"
"346","Varicella","2 Doses (or disease history)","States","Arkansas","2013-14","85.4","42649","96.3","NULL","NULL","Census"
"347","Varicella","2 Doses (or disease history)","States","Kansas","2013-14","85.5","41107","29","†. ‡","NULL","Stratified 1-stage sample (Public); Census (Private)"
"348","Varicella","2 Doses (or disease history)","States","Idaho","2013-14","86.5","23934","100","*","NULL","Census"
"349","Varicella","2 Doses (or disease history)","States","Washington","2013-14","88.4","89165","88.5","NULL","NULL","Voluntary response"
"350","Varicella","2 Doses (or disease history)","States","North Dakota","2013-14","89.4","9780","96.1","NULL","NULL","Census (Public); Stratified  2-stage cluster sample(Private)"
"351","Varicella","2 Doses (or disease history)","States","Vermont","2013-14","89.4","6771","100","*","NULL","Census"
"352","Varicella","2 Doses (or disease history)","States","Indiana","2013-14","90.2","87193","70.3","NULL","NULL","Voluntary response"
"353","Varicella","2 Doses (or disease history)","States","Iowa","2013-14","91","43728","94.6","≥","NULL","Census"
"354","Varicella","2 Doses (or disease history)","States","Wisconsin","2013-14","91.2","71363","2.8","‡","NULL","Stratified  2-stage cluster sample"
"355","Varicella","2 Doses (or disease history)","States","Virginia","2013-14","91.3","105692","4.1","NULL","NULL","2-stage cluster  sample"
"356","Varicella","2 Doses (or disease history)","States","Kentucky","2013-14","91.9","57857","100","*","NULL","Census"
"357","Varicella","2 Doses (or disease history)","States","Florida","2014-15","93.3","228982","100","≥. *. §","NULL","Census"
"358","Varicella","2 Doses (or disease history)","States","Michigan","2014-15","93.9","117963","100","*","NULL","Census"
"359","Varicella","2 Doses (or disease history)","States","Georgia","2014-15","94","139471","100","≥. *","NULL","Census"
"360","Varicella","2 Doses (or disease history)","States","Massachusetts","2014-15","94.1","74869","100","*. ‡","NULL","Census"
"361","Varicella","2 Doses (or disease history)","States","Tennessee","2014-15","95.1","78276","100","≥. *","NULL","Census"
"362","Varicella","2 Doses (or disease history)","States","Illinois","2014-15","95.3","156942","100","*","NULL","Census"
"363","Varicella","2 Doses (or disease history)","States","Wisconsin","2016-17","92.8","67607","2.2","†.‡.§","NULL","Stratified 2-stage cluster sample"
"364","Varicella","2 Doses (or disease history)","States","Virginia","2016-17","92.7","102357","4","†","NULL","Stratified 2-stage cluster sample"
"365","Varicella","2 Doses (or disease history)","States","West Virginia","2016-17","92.6","28666","66.5","§","NULL","Census (public). voluntary response (private)"
"366","Varicella","2 Doses (or disease history)","States","Iowa","2016-17","92.6","39587","100","≥.*","NULL","Census"
"367","Varicella","2 Doses (or disease history)","States","Vermont","2016-17","92.5","6344","100","*","NULL","Census"
"368","Varicella","2 Doses (or disease history)","States","Minnesota","2016-17","92.3","69140","96.7","§","NULL","Census"
"369","Varicella","2 Doses (or disease history)","States","South Carolina","2014-15","95.4","62864","12.2","NULL","NULL","Stratified 1-stage cluster sample"
"370","Varicella","2 Doses (or disease history)","States","Nebraska","2014-15","95.8","26665","100","*. ‡","NULL","Census"
"371","Varicella","2 Doses (or disease history)","States","New York","2014-15","96.4","237045","100","*. ‡","NULL","Census"
"372","Varicella","2 Doses (or disease history)","States","Wyoming","2014-15","96.5","7983","97.9","¶","NULL","Census"
"373","Varicella","2 Doses (or disease history)","States","Louisiana","2014-15","96.7","60377","100","*","NULL","Census"
"374","Varicella","2 Doses (or disease history)","States","South Dakota","2014-15","96.8","12008","100","*","NULL","Census"
"375","Varicella","2 Doses (or disease history)","States","Connecticut","2014-15","96.8","39948","100","*","NULL","Census"
"376","Varicella","2 Doses (or disease history)","States","Texas","2014-15","97","406099","98.3","‡","NULL","Census (public); Voluntary response (private)"
"377","Varicella","2 Doses (or disease history)","States","West Virginia","2014-15","97","22016","81.3","NULL","NULL","Voluntary response"
"378","Varicella","2 Doses (or disease history)","States","New Mexico","2014-15","97.2","29918","3.3","†","NULL","Stratified 2-stage cluster sample"
"379","Varicella","2 Doses (or disease history)","States","Delaware","2014-15","97.7","11476","7.9","NULL","NULL","Stratified 2-stage cluster sample"
"380","Varicella","2 Doses (or disease history)","States","Maryland","2014-15","98.8","75391","90.2","‡","NULL","Census (public); Voluntary response (private)"
"381","Varicella","2 Doses (or disease history)","States","Mississippi","2014-15","99.2","44129","100","≥. *","NULL","Census"
"382","Varicella","2 Doses (or disease history)","States","Maine","2014-15","NReq","13704","88.9","‡","NULL","Voluntary response (public); Census (private)"
"383","Varicella","2 Doses (or disease history)","States","Hawaii","2014-15","NReq","20085","5.6","NULL","NULL","Stratified 2-stage cluster sample"
"384","Varicella","2 Doses (or disease history)","States","Alaska","2014-15","91.6","10129","7.8","†","NULL","Stratified 2-stage cluster sample"
"385","Varicella","2 Doses (or disease history)","States","Iowa","2014-15","91.9","43239","96.3","≥","NULL","Census"
"386","Varicella","2 Doses (or disease history)","States","Pennsylvania","2014-15","92","146378","98.3","‡","NULL","Census"
"387","Varicella","2 Doses (or disease history)","States","Kentucky","2014-15","92.3","57884","97.2","‡","NULL","Census"
"388","Varicella","2 Doses (or disease history)","States","Minnesota","2014-15","92.7","70896","97.8","NULL","NULL","Census"
"389","Varicella","2 Doses (or disease history)","States","Nevada","2014-15","92.9","36755","2.8","NULL","NULL","Stratified 2-stage cluster sample"
"390","Varicella","2 Doses (or disease history)","States","Georgia","2015-16","94.6","131403","100","≥.*","NULL","Census"
"391","Varicella","2 Doses (or disease history)","States","New York","2015-16","94.8","232521","100","*","NULL","Census"
"392","Varicella","2 Doses (or disease history)","States","Utah","2015-16","94.8","50114","100","*","NULL","Census"
"393","Varicella","2 Doses (or disease history)","States","Michigan","2015-16","95.2","116299","100","*","NULL","Census"
"394","Varicella","2 Doses (or disease history)","States","South Dakota","2015-16","95.2","12181","100","*","NULL","Census"
"395","Varicella","2 Doses (or disease history)","States","Missouri","2015-16","95.4","74413","100","*.§","NULL","Census"
"396","Varicella","2 Doses (or disease history)","States","Illinois","2015-16","95.5","151309","100","*","NULL","Census"
"397","Varicella","2 Doses (or disease history)","States","New Mexico","2015-16","95.8","29049","2.7","†","NULL","Stratified 2-stage cluster sample"
"398","Varicella","2 Doses (or disease history)","States","Massachusetts","2015-16","95.8","72897","100","*.‡","NULL","Census"
"399","Varicella","2 Doses (or disease history)","States","Rhode Island","2015-16","96","11165","100","*.‡.§","NULL","Census"
"400","Varicella","2 Doses (or disease history)","States","South Carolina","2015-16","96.2","59240","8.9","NULL","NULL","Stratified 1-stage cluster sample"
"401","Varicella","2 Doses (or disease history)","States","Pennsylvania","2015-16","96.5","143298","93.2","NULL","NULL","Census (public); Voluntary response (private)"
"402","Varicella","2 Doses (or disease history)","States","Wyoming","2015-16","96.5","7825","74","§.¶","NULL","Voluntary response"
"403","Varicella","2 Doses (or disease history)","States","Connecticut","2015-16","96.6","39533","100","*","NULL","Census"
"404","Varicella","2 Doses (or disease history)","States","Delaware","2018-19","97.6","10798","9.5","NULL","NULL","Stratified 2-stage cluster sample"
"405","Varicella","2 Doses (or disease history)","States","Maryland","2018-19","97.1","71431","100","‡","NULL","Census"
"406","Varicella","2 Doses (or disease history)","States","Rhode Island","2018-19","97","10964","100","*.‡.§","NULL","Census"
"407","Varicella","2 Doses (or disease history)","States","New York","2018-19","96.7","220495","100","*","NULL","Census"
"408","Varicella","2 Doses (or disease history)","States","Texas","2018-19","96.5","390034","99.4","‡.§","NULL","Census"
"409","Varicella","2 Doses (or disease history)","States","Massachusetts","2018-19","96.5","65279","100","*.‡","NULL","Census"
"410","Varicella","2 Doses (or disease history)","States","Nebraska","2018-19","96.3","26925","98.6","‡.‡‡","NULL","Census"
"411","Varicella","2 Doses (or disease history)","States","Maryland","2015-16","99.2","72012","94.3","‡","NULL","Census (public); Voluntary response (private)"
"412","Varicella","2 Doses (or disease history)","States","Mississippi","2015-16","99.4","41042","100","≥.*","NULL","Census"
"413","Varicella","2 Doses (or disease history)","States","Alabama","2015-16","NReq","60392","100","≥.*","NULL","Census"
"414","Varicella","2 Doses (or disease history)","States","New Jersey","2015-16","NReq","110116","100","≥.*","NULL","Census"
"415","Varicella","2 Doses (or disease history)","States","Oklahoma","2015-16","NReq","54335","96.1","‡","NULL","Census"
"416","Varicella","2 Doses (or disease history)","States","Oregon","2015-16","NReq","45531","100","*.‡","NULL","Census"
"417","Varicella","2 Doses (or disease history)","States","Arizona","2015-16","NReq","83088","100","*","NULL","Census"
"418","Varicella","2 Doses (or disease history)","States","California","2015-16","NReq","593788","92.8","‡","NULL","Census"
"419","Varicella","2 Doses (or disease history)","States","Hawaii","2015-16","NReq","16325","6.7","NULL","NULL","Stratified 2-stage cluster sample"
"420","Varicella","2 Doses (or disease history)","States","Maine","2015-16","NReq","13526","90.5","NULL","NULL","Census"
"421","Varicella","2 Doses (or disease history)","States","Colorado","2015-16","85.7","69137","0.5","NULL","NULL","Simple random sample"
"422","Varicella","2 Doses (or disease history)","States","Kansas","2015-16","87.9","39555","21","†.‡.§","NULL","Stratified 2-stage cluster sample"
"423","Varicella","2 Doses (or disease history)","States","Indiana","2015-16","88","83525","69.5","NULL","NULL","Voluntary response"
"424","Varicella","2 Doses (or disease history)","States","District of Columbia","2015-16","88.1","8080","100","*","NULL","Census"
"425","Varicella","2 Doses (or disease history)","States","Idaho","2015-16","89.1","22686","100","*","NULL","Census"
"426","Varicella","2 Doses (or disease history)","States","Washington","2015-16","89.4","86492","97.3","§","NULL","Census"
"427","Varicella","2 Doses (or disease history)","States","North Dakota","2015-16","90.4","9875","97.1","NULL","NULL","Census"
"428","Varicella","2 Doses (or disease history)","States","Connecticut","2016-17","96.5","39002","100","*","NULL","Census"
"429","Varicella","2 Doses (or disease history)","States","North Carolina","2016-17","95.9","126454","88.2","‡.§","NULL","Voluntary response"
"430","Varicella","2 Doses (or disease history)","States","Nebraska","2016-17","95.8","27117","100","*.‡.‡‡","NULL","Census"
"431","Varicella","2 Doses (or disease history)","States","South Carolina","2016-17","95.7","59177","8.9","NULL","NULL","Stratified 1-stage cluster sample"
"432","Varicella","2 Doses (or disease history)","States","Massachusetts","2016-17","95.7","70109","100","*.‡","NULL","Census"
"433","Varicella","2 Doses (or disease history)","States","South Dakota","2016-17","95.4","12106","99.8","NULL","NULL","Census"
"434","Varicella","2 Doses (or disease history)","States","Michigan","2016-17","95.3","118777","100","*","NULL","Census"
"435","Varicella","2 Doses (or disease history)","States","Missouri","2016-17","95.1","73355","100","*","NULL","Census"
"436","Varicella","2 Doses (or disease history)","States","Rhode Island","2016-17","94.8","11100","98.4","‡.§","NULL","Census"
"437","Varicella","2 Doses (or disease history)","States","Utah","2016-17","94.6","49073","100","*","NULL","Census"
"438","Varicella","2 Doses (or disease history)","States","New Mexico","2016-17","94.6","27119","4.5","NULL","NULL","Stratified 2-stage cluster sample"
"439","Varicella","2 Doses (or disease history)","States","Pennsylvania","2016-17","94.6","143888","84.4","NULL","NULL","Voluntary response"
"440","Varicella","2 Doses (or disease history)","States","Illinois","2016-17","94.5","151309","97.7","NULL","NULL","Census"
"441","Varicella","2 Doses (or disease history)","States","Florida","2016-17","94.1","224463","100","≥.*.§","NULL","Census"
"442","Varicella","2 Doses (or disease history)","States","North Dakota","2016-17","93.5","9799","98.7","NULL","NULL","Census"
"443","Varicella","2 Doses (or disease history)","States","Georgia","2016-17","93.3","136165","100","≥.*","NULL","Census"
"444","Varicella","2 Doses (or disease history)","States","Montana","2016-17","92.9","11956","100","*","NULL","Census"
"445","Varicella","2 Doses (or disease history)","States","New Mexico","2017-18","94.5","26896","99.6","NULL","NULL","Stratified 2-stage cluster sample"
"446","Varicella","2 Doses (or disease history)","States","Michigan","2017-18","94.7","119028","100","*","NULL","Census"
"447","Varicella","2 Doses (or disease history)","States","Illinois","2017-18","94.8","144858","100","*","NULL","Census"
"448","Varicella","2 Doses (or disease history)","States","Missouri","2017-18","95","73113","100","*","NULL","Census"
"449","Varicella","2 Doses (or disease history)","States","Nebraska","2017-18","95.5","26313","98.6","‡.‡‡","NULL","Census"
"450","Varicella","2 Doses (or disease history)","States","Louisiana","2017-18","95.6","58277","100","*","NULL","Census"
"451","Varicella","2 Doses (or disease history)","States","South Dakota","2017-18","95.8","12125","99.9","NULL","NULL","Census"
"452","Varicella","2 Doses (or disease history)","States","Ohio","2016-17","91.9","137542","95.5","NULL","NULL","Census"
"453","Varicella","2 Doses (or disease history)","States","Arkansas","2016-17","91.7","39666","75.9","‡","NULL","Voluntary response"
"454","Varicella","2 Doses (or disease history)","States","New Hampshire","2016-17","91.5","12145","100","≥.*","NULL","Census"
"455","Varicella","2 Doses (or disease history)","States","Nevada","2016-17","90.5","36885","3.7","NULL","NULL","Stratified 2-stage cluster sample"
"456","Varicella","2 Doses (or disease history)","States","Kentucky","2016-17","90.4","51487","92.9","‡.§","NULL","Census"
"457","Varicella","2 Doses (or disease history)","States","Washington","2016-17","89.3","87142","98.2","§","NULL","Census"
"458","Varicella","2 Doses (or disease history)","States","Idaho","2016-17","89.1","22589","100","*","NULL","Census"
"459","Varicella","2 Doses (or disease history)","States","Alaska","2016-17","88.9","9815","7.6","†.§","NULL","Stratified 2-stage cluster sample"
"460","Varicella","2 Doses (or disease history)","States","Kansas","2016-17","88.8","38298","22.9","†.‡.§","NULL","Stratified 2-stage cluster sample"
"461","Varicella","2 Doses (or disease history)","States","Indiana","2016-17","87.9","83263","80.3","NULL","NULL","Voluntary response"
"462","Varicella","2 Doses (or disease history)","States","Colorado","2016-17","86.1","64440","100","*","NULL","Census"
"463","Varicella","2 Doses (or disease history)","States","Wyoming","2016-17",NA,"NULL","NULL","NULL","NULL","Not conducted"
"464","Varicella","2 Doses (or disease history)","States","North Dakota","2017-18","93.9","10365","99.4","NULL","NULL","Census"
"465","Varicella","2 Doses (or disease history)","States","Indiana","2014-15","90.1","85477","70.1","NULL","NULL","Voluntary response"
"466","Varicella","2 Doses (or disease history)","States","Virginia","2014-15","90.4","103821","4.1","NULL","NULL","Stratified 2-stage cluster sample"
"467","Varicella","2 Doses (or disease history)","States","Vermont","2014-15","90.5","6277","100","*","NULL","Census"
"468","Varicella","2 Doses (or disease history)","States","Wisconsin","2014-15","90.9","69335","2.5","‡","NULL","Stratified 2-stage cluster sample"
"469","Varicella","2 Doses (or disease history)","States","Ohio","2014-15","91.2","149080","91","NULL","NULL","Census (public); Voluntary response (private)"
"470","Varicella","2 Doses (or disease history)","States","New Hampshire","2014-15","91.4","12422","98.9","≥","NULL","Census (public); Voluntary response (private)"
"471","Varicella","2 Doses (or disease history)","States","Ohio","2017-18","91.5","138753","94.9","NULL","NULL","Census"
"472","Varicella","2 Doses (or disease history)","States","Arkansas","2017-18","91.6","39630","95.4","‡","NULL","Census"
"473","Varicella","2 Doses (or disease history)","States","Montana","2017-18","91.6","12188","100","*","NULL","Census"
"474","Varicella","2 Doses (or disease history)","States","Kentucky","2017-18","91.7","55152","99","‡.§","NULL","Census"
"475","Varicella","2 Doses (or disease history)","States","Minnesota","2017-18","92.2","69807","98.1","§","NULL","Census"
"476","Varicella","2 Doses (or disease history)","States","New Hampshire","2017-18","92.4","12165","100","≥","NULL","Census"
"477","Varicella","2 Doses (or disease history)","States","Nevada","2017-18","92.6","37178","4.8","NULL","NULL","Stratified 2-stage cluster sample"
"478","Varicella","2 Doses (or disease history)","States","Iowa","2017-18","93","39632","100","≥.*","NULL","Census"
"479","Varicella","2 Doses (or disease history)","States","Vermont","2017-18","93.2","6255","100","*","NULL","Census"
"480","Varicella","2 Doses (or disease history)","States","Virginia","2017-18","93.3","100581","4.4","†","NULL","Stratified 2-stage cluster sample"
"481","Varicella","2 Doses (or disease history)","States","Georgia","2017-18","93.4","131459","100","≥.*","NULL","Census"
"482","Varicella","2 Doses (or disease history)","States","Utah","2017-18","93.7","48827","100","*","NULL","Census"
"483","Varicella","2 Doses (or disease history)","States","Florida","2017-18","93.7","222397","100","≥.*.§","NULL","Census"
"484","Varicella","2 Doses (or disease history)","States","Mississippi","2018-19","99.2","37775","100","≥.*","NULL","Census"
"485","Varicella","2 Doses (or disease history)","States","West Virginia","2018-19","98.5","19442","79.3","¶","NULL","Voluntary response"
"486","Varicella","2 Doses (or disease history)","States","Arkansas","2018-19","93.8","39257","95.4","‡","NULL","Census (public). voluntary response (private)"
"487","Varicella","2 Doses (or disease history)","States","North Dakota","2018-19","93.8","10382","99.4","NULL","NULL","Census"
"488","Varicella","2 Doses (or disease history)","States","Virginia","2018-19","93.6","100394","4.4","†","NULL","Stratified 2-stage cluster sample"
"489","Varicella","2 Doses (or disease history)","States","Georgia","2018-19","93.6","131275","100","≥.*","NULL","Census"
"490","Varicella","2 Doses (or disease history)","States","South Carolina","2018-19","93.5","58442","27","NULL","NULL","Stratified 1-stage cluster sample"
"491","Varicella","2 Doses (or disease history)","States","Indiana","2018-19","93.5","82324","96.4","NULL","NULL","Census"
"492","Varicella","2 Doses (or disease history)","States","Iowa","2018-19","93.3","40624","100","≥.*","NULL","Census"
"493","Varicella","2 Doses (or disease history)","States","Tennessee","2018-19","96.2","78630","100","*.§","NULL","Census"
"494","Varicella","2 Doses (or disease history)","States","Pennsylvania","2018-19","95.8","143560","93.3","NULL","NULL","Census (public). voluntary response (private)"
"495","Varicella","2 Doses (or disease history)","States","New Mexico","2018-19","95.7","25269","99.6","NULL","NULL","Census"
"496","Varicella","2 Doses (or disease history)","States","New Hampshire","2015-16","91.9","11852","99.8","≥","NULL","Census"
"497","Varicella","2 Doses (or disease history)","States","Minnesota","2015-16","92.3","69710","97.8","§","NULL","Census"
"498","Varicella","2 Doses (or disease history)","States","Wisconsin","2015-16","92.5","70220","2","‡.§","NULL","Stratified 2-stage cluster sample"
"499","Varicella","2 Doses (or disease history)","States","Alaska","2015-16","92.6","9937","7.8","†.§","NULL","Stratified 2-stage cluster sample"
"500","Varicella","2 Doses (or disease history)","States","Nevada","2015-16","93.4","37118","3.3","NULL","NULL","Stratified 2-stage cluster sample"
"501","Varicella","2 Doses (or disease history)","States","Tennessee","2015-16","93.5","79233","100","*.§","NULL","Census"
"502","Varicella","2 Doses (or disease history)","States","Montana","2015-16","93.6","11484","100","*","NULL","Census"
"503","Varicella","2 Doses (or disease history)","States","Florida","2015-16","93.7","224430","100","≥.*.§","NULL","Census"
"504","Varicella","2 Doses (or disease history)","States","Virginia","2015-16","93.7","100074","4.3","†.§","NULL","Stratified 2-stage cluster sample"
"505","Varicella","2 Doses (or disease history)","States","West Virginia","2015-16","94.3","21333","87.6","NULL","NULL","Voluntary response"
"506","Varicella","2 Doses (or disease history)","States","Mississippi","2016-17","99.4","40509","100","≥.*","NULL","Census"
"507","Varicella","2 Doses (or disease history)","States","Delaware","2016-17","98.2","11490","9.3","NULL","NULL","Stratified 2-stage cluster sample"
"508","Varicella","2 Doses (or disease history)","States","Maryland","2016-17","97.6","71467","98.1","‡","NULL","Census"
"509","Varicella","2 Doses (or disease history)","States","New York","2016-17","96.9","227050","100","*","NULL","Census"
"510","Varicella","2 Doses (or disease history)","States","Tennessee","2016-17","96.7","78169","100","*.§","NULL","Census"
"511","Varicella","2 Doses (or disease history)","States","Texas","2016-17","96.6","389999","99","‡.§","NULL","Census"
"512","Varicella","2 Doses (or disease history)","States","Louisiana","2016-17","96.5","55257","100","*","NULL","Census"
"513","Varicella","2 Doses (or disease history)","States","South Dakota","2019-20","95.2","12367","99.8","NULL","NULL","Census"
"514","Varicella","2 Doses (or disease history)","States","North Carolina","2019-20","95.3","124548","97.8","‡.§","NULL","Census"
"515","Varicella","2 Doses (or disease history)","States","Nebraska","2019-20","95.6","26893","96.7","‡.‡‡","NULL","Census"
"516","Varicella","2 Doses (or disease history)","States","Connecticut","2019-20","95.9","38888","100","*","NULL","Census"
"517","Varicella","2 Doses (or disease history)","States","California","2019-20","96.1","566155","97.9","‡","NULL","Census"
"518","Varicella","2 Doses (or disease history)","States","Pennsylvania","2019-20","96.3","140197","98.8","NULL","NULL","Census"
"519","Varicella","2 Doses (or disease history)","States","Texas","2019-20","96.4","398680","99.6","‡.§","NULL","Census"
"520","Varicella","2 Doses (or disease history)","States","Illinois","2019-20","96.4","145891","100","*","NULL","Census"
"521","Varicella","2 Doses (or disease history)","States","Tennessee","2019-20","96.5","80595","100","*.§","NULL","Census"
"522","Varicella","2 Doses (or disease history)","States","New Mexico","2019-20","96.7","23087","100","*","NULL","Census"
"523","Varicella","2 Doses (or disease history)","States","Rhode Island","2019-20","97","11219","98.5","*.‡.§","NULL","Census"
"524","Varicella","2 Doses (or disease history)","States","Massachusetts","2019-20","97","66756","100","*.‡","NULL","Census"
"525","Varicella","2 Doses (or disease history)","States","Maryland","2019-20","97.5","72443","98.3","‡","NULL","Census (public). voluntary response (private)"
"526","Varicella","2 Doses (or disease history)","States","West Virginia","2019-20","97.8","17114","49.6","¶","NULL","Voluntary response"
"527","Varicella","2 Doses (or disease history)","States","Utah","2019-20","92.4","49208","100","*","NULL","Census"
"528","Varicella","2 Doses (or disease history)","States","Kentucky","2019-20","92.5","59233","92.9","‡.§","NULL","Census"
"529","Varicella","2 Doses (or disease history)","States","Washington","2019-20","92.7","87757","91.9","§","NULL","Census"
"530","Varicella","2 Doses (or disease history)","States","Georgia","2019-20","93.1","130102","100","≥.*","NULL","Census"
"531","Varicella","2 Doses (or disease history)","States","Montana","2019-20","93.2","12501","100","*","NULL","Census"
"532","Varicella","2 Doses (or disease history)","States","Iowa","2019-20","93.2","40812","100","≥.*","NULL","Census"
"533","Varicella","2 Doses (or disease history)","States","Virginia","2019-20","93.3","99399","1.2","†","NULL","Stratified 2-stage cluster sample"
"534","Varicella","2 Doses (or disease history)","States","Florida","2019-20","93.5","228298","100","≥.*.§","NULL","Census"
"535","Varicella","2 Doses (or disease history)","States","Massachusetts","2017-18","96","63377","100","*.‡","NULL","Census"
"536","Varicella","2 Doses (or disease history)","States","Rhode Island","2017-18","96","11025","100","*.‡.§","NULL","Census"
"537","Varicella","2 Doses (or disease history)","States","South Carolina","2017-18","96.1","58458","27","NULL","NULL","Stratified 1-stage cluster sample"
"538","Varicella","2 Doses (or disease history)","States","Connecticut","2017-18","96.3","39174","100","*","NULL","Census"
"539","Varicella","2 Doses (or disease history)","States","Texas","2017-18","96.4","387981","99.4","‡.§","NULL","Census"
"540","Varicella","2 Doses (or disease history)","States","Delaware","2017-18","96.7","10988","9.5","NULL","NULL","Stratified 2-stage cluster sample"
"541","Varicella","2 Doses (or disease history)","States","Tennessee","2017-18","96.8","78743","100","*.§","NULL","Census"
"542","Varicella","2 Doses (or disease history)","States","North Carolina","2017-18","96.8","127197","90.9","‡.§","NULL","Census"
"543","Varicella","2 Doses (or disease history)","States","New York","2017-18","96.9","226456","100","*","NULL","Census"
"544","Varicella","2 Doses (or disease history)","States","Pennsylvania","2017-18","97","141571","93.3","NULL","NULL","Voluntary response"
"545","Varicella","2 Doses (or disease history)","States","Maryland","2017-18","97.5","68528","98.5","‡","NULL","Census"
"546","Varicella","2 Doses (or disease history)","States","West Virginia","2017-18","98.1","19519","79.3","¶","NULL","Voluntary response"
"547","Varicella","2 Doses (or disease history)","States","Mississippi","2017-18","99.4","39284","100","≥.*","NULL","Census"
"548","Varicella","2 Doses (or disease history)","States","Wyoming","2017-18",NA,"NULL","NULL","NULL","NULL","Not conducted"
"549","Varicella","2 Doses (or disease history)","States","Colorado","2017-18","87.7","65718","100","*","NULL","Census"
"550","Varicella","2 Doses (or disease history)","States","Kansas","2017-18","88.3","38484","23.1","†.‡.§","NULL","Stratified 2-stage cluster sample"
"551","Varicella","2 Doses (or disease history)","States","Idaho","2017-18","88.6","22553","99","NULL","NULL","Census"
"552","Varicella","2 Doses (or disease history)","States","Washington","2017-18","89.4","85118","96.9","§","NULL","Census"
"553","Varicella","2 Doses (or disease history)","States","Indiana","2017-18","90.2","84296","96.4","NULL","NULL","Voluntary Response"
"554","Varicella","2 Doses (or disease history)","States","Wisconsin","2017-18","91.2","66178","2.3","†.‡.§","NULL","Stratified 2-stage cluster sample"
"555","Varicella","2 Doses (or disease history)","States","Alaska","2017-18","91.3","9692","84.4","†.§","NULL","Stratified 2-stage cluster sample"
"556","Varicella","2 Doses (or disease history)","States","South Dakota","2020-21","94","11512","99.9","NULL","NULL","Census"
"557","Varicella","2 Doses (or disease history)","States","Virginia","2020-21","94.1","88273","2","†","NULL","Stratified 2-stage cluster sample"
"558","Varicella","2 Doses (or disease history)","States","South Carolina","2020-21","94.2","56330","26.5","†","NULL","Stratified 1-stage cluster sample"
"559","Varicella","2 Doses (or disease history)","States","Connecticut","2018-19","95.7","38230","100","*","NULL","Census"
"560","Varicella","2 Doses (or disease history)","States","South Dakota","2018-19","95.5","12062","99.9","NULL","NULL","Census"
"561","Varicella","2 Doses (or disease history)","States","Louisiana","2018-19","95.4","56203","100","*","NULL","Census"
"562","Varicella","2 Doses (or disease history)","States","Nevada","2018-19","94.7","37971","4.8","NULL","NULL","Stratified 2-stage cluster sample"
"563","Varicella","2 Doses (or disease history)","States","Wyoming","2018-19","94.7","7734","100","*","NULL","Census"
"564","Varicella","2 Doses (or disease history)","States","Missouri","2018-19","94.5","72687","100","*","NULL","Census"
"565","Varicella","2 Doses (or disease history)","States","Illinois","2018-19","94.4","143876","100","*","NULL","Census"
"566","Varicella","2 Doses (or disease history)","States","Michigan","2018-19","94.3","118632","100","*","NULL","Census"
"567","Varicella","2 Doses (or disease history)","States","Florida","2018-19","93.8","224641","100","≥.*.§","NULL","Census"
"568","DTP, DTaP, or DT","","States","Rhode Island","2014-15","96.1","11163","98.9","‡","NULL","Census"
"569","DTP, DTaP, or DT","","States","Missouri","2014-15","96","75900","100","*","NULL","Census"
"570","DTP, DTaP, or DT","","States","Maine","2014-15","95.4","13704","88.9","‡","NULL","Voluntary response (public); Census (private)"
"571","DTP, DTaP, or DT","","States","Tennessee","2014-15","95.1","78276","100","≥. *","NULL","Census"
"572","DTP, DTaP, or DT","","States","Michigan","2014-15","95.1","117963","100","*","NULL","Census"
"573","DTP, DTaP, or DT","","States","Illinois","2014-15","94.9","156942","100","*","NULL","Census"
"574","DTP, DTaP, or DT","","States","Montana","2014-15","94.6","12501","95.7","NULL","NULL","Census (public); Voluntary response (private)"
"575","DTP, DTaP, or DT","","States","Kentucky","2014-15","94.4","57884","97.2","‡","NULL","Census"
"576","DTP, DTaP, or DT","","States","Arizona","2014-15","94.3","86153","98.3","NULL","NULL","Census"
"577","Varicella","2 Doses (or disease history)","States","North Carolina","2018-19","93.1","124343","90.9","‡.§","NULL","Census (public). voluntary response (private)"
"578","Varicella","2 Doses (or disease history)","States","Montana","2018-19","92.9","12480","100","*","NULL","Census"
"579","Varicella","2 Doses (or disease history)","States","Kentucky","2018-19","92.8","55587","99","‡.§","NULL","Census"
"580","Varicella","2 Doses (or disease history)","States","Utah","2018-19","92.5","50179","100","*","NULL","Census"
"581","Varicella","2 Doses (or disease history)","States","Vermont","2018-19","92.3","6126","100","*","NULL","Census"
"582","Varicella","2 Doses (or disease history)","States","Minnesota","2018-19","92","70085","98.1","§","NULL","Census"
"583","Varicella","2 Doses (or disease history)","States","New Hampshire","2018-19","91.8","12421","100","≥","NULL","Census"
"584","Varicella","2 Doses (or disease history)","States","Wisconsin","2018-19","91.6","66344","2.3","†.‡.§","NULL","Stratified 2-stage cluster sample"
"585","Varicella","2 Doses (or disease history)","States","Ohio","2018-19","91.2","139679","94.9","NULL","NULL","Census (public). voluntary response (private)"
"586","Varicella","2 Doses (or disease history)","States","Washington","2018-19","89.7","87510","96.9","§","NULL","Census"
"587","Varicella","2 Doses (or disease history)","States","Kansas","2018-19","89.2","37838","23.1","†.‡.§","NULL","Stratified 2-stage cluster sample"
"588","Varicella","2 Doses (or disease history)","States","Idaho","2018-19","88.3","22995","99","NULL","NULL","Census"
"589","Varicella","2 Doses (or disease history)","States","Colorado","2018-19","86.5","64191","100","*","NULL","Census"
"590","Varicella","2 Doses (or disease history)","States","Arkansas","2019-20","93.9","39510","96.2","‡","NULL","Census (public). voluntary response (private)"
"591","Varicella","2 Doses (or disease history)","States","Indiana","2019-20","94","88253","65.7","NULL","NULL","Voluntary response"
"592","Varicella","2 Doses (or disease history)","States","Missouri","2019-20","94.2","72324","100","*","NULL","Census"
"593","Varicella","2 Doses (or disease history)","States","Michigan","2019-20","94.4","120565","100","*","NULL","Census"
"594","Varicella","2 Doses (or disease history)","States","South Carolina","2019-20","94.5","65938","27.5","†","NULL","Stratified 1-stage cluster sample"
"595","Varicella","2 Doses (or disease history)","States","Nevada","2019-20","94.6","37724","99.9","NULL","NULL","Census"
"596","Varicella","2 Doses (or disease history)","States","North Dakota","2019-20","94.8","10587","99.5","NULL","NULL","Census"
"597","Varicella","2 Doses (or disease history)","States","Louisiana","2019-20","95","59685","100","*","NULL","Census"
"598","Varicella","2 Doses (or disease history)","States","Delaware","2019-20",NA,"NULL","NULL","NULL","NULL","Not Conducted"
"599","Varicella","2 Doses (or disease history)","States","Oregon","2019-20","NReq","45959","100","*.‡","NULL","Census"
"600","Varicella","2 Doses (or disease history)","States","Hawaii","2019-20","70.2","15695","8.9","NULL","NULL","Stratified 2-stage cluster sample"
"601","Varicella","2 Doses (or disease history)","States","Wyoming","2019-20","85.6","7913","100","*","NULL","Census"
"602","Varicella","2 Doses (or disease history)","States","Idaho","2019-20","88.5","23301","98.5","NULL","NULL","Census"
"603","Varicella","2 Doses (or disease history)","States","Kansas","2019-20","89.1","37865","34.3","†.‡.§","NULL","Stratified 2-stage cluster sample"
"604","Varicella","2 Doses (or disease history)","States","Colorado","2019-20","90.1","69088","98.2","NULL","NULL","Census"
"605","Varicella","2 Doses (or disease history)","States","New Hampshire","2019-20","91.5","12447","100","≥.*","NULL","Census"
"606","Varicella","2 Doses (or disease history)","States","Wisconsin","2019-20","91.6","67391","2.6","†.‡.§","NULL","Stratified 2-stage cluster sample"
"607","Varicella","2 Doses (or disease history)","States","Ohio","2019-20","91.9","139103","98.8","NULL","NULL","Census"
"608","Varicella","2 Doses (or disease history)","States","Minnesota","2019-20","92","71223","98.7","§","NULL","Census"
"609","DTP, DTaP, or DT","","States","Vermont","2014-15","93.2","6277","100","*","NULL","Census"
"610","DTP, DTaP, or DT","","States","Nevada","2014-15","93.2","36755","2.8","NULL","NULL","Stratified 2-stage cluster sample"
"611","DTP, DTaP, or DT","","States","Florida","2014-15","93.3","228982","100","≥. *. §","NULL","Census"
"612","DTP, DTaP, or DT","","States","Alabama","2014-15","93.5","59660","100","≥. *","NULL","Census"
"613","DTP, DTaP, or DT","","States","Minnesota","2014-15","93.7","70896","97.8","NULL","NULL","Census"
"614","DTP, DTaP, or DT","","States","Utah","2014-15","93.8","50916","100","*","NULL","Census"
"615","DTP, DTaP, or DT","","States","Oregon","2014-15","93.8","46229","100","*.‡","NULL","Census"
"616","DTP, DTaP, or DT","","States","Georgia","2014-15","94","139471","100","≥. *","NULL","Census"
"617","DTP, DTaP, or DT","","States","Pennsylvania","2014-15","NReq","146378","98.3","||. ‡","NULL","Census"
"618","Varicella","2 Doses (or disease history)","States","Vermont","2019-20","93.9","6293","100","*","NULL","Census"
"619","Varicella","2 Doses (or disease history)","States","Tennessee","2020-21","96.4","73819","100","*.§","NULL","Census"
"620","Varicella","2 Doses (or disease history)","States","Nevada","2020-21","95.8","34171","94.7","NULL","NULL","Census (public). voluntary response (private)"
"621","Varicella","2 Doses (or disease history)","States","Massachusetts","2020-21","95.4","60724","100","*.‡","NULL","Census"
"622","Varicella","2 Doses (or disease history)","States","Delaware","2020-21","95.3","10587","9.2","NULL","NULL","Stratified 2-stage cluster sample"
"623","Varicella","2 Doses (or disease history)","States","Ohio","2020-21","88.7","128535","91.1","NULL","NULL","Census (public). voluntary response (private)"
"624","Varicella","2 Doses (or disease history)","States","Minnesota","2020-21","89","66007","95.2","NULL","NULL","Census"
"625","Varicella","2 Doses (or disease history)","States","Colorado","2020-21","89.4","63619","97.3","NULL","NULL","Census"
"626","Varicella","2 Doses (or disease history)","States","Wyoming","2020-21","90.2","6923","100",">=.*","NULL","Census"
"627","Varicella","2 Doses (or disease history)","States","New Hampshire","2020-21","90.8","10242","57",">=. §","NULL","Voluntary response"
"628","Varicella","2 Doses (or disease history)","States","Utah","2020-21","91.2","46247","100","*","NULL","Census"
"629","Varicella","2 Doses (or disease history)","States","Kansas","2020-21","91.8","34687","32.7","†.‡.§","NULL","Stratified 2-stage cluster sample"
"630","Varicella","2 Doses (or disease history)","States","Montana","2020-21","91.9","11279","100","*","NULL","Census"
"631","Varicella","2 Doses (or disease history)","States","Missouri","2020-21","92.1","63093","100","*","NULL","Census"
"632","Varicella","2 Doses (or disease history)","States","Arkansas","2020-21","92.8","37540","95.6","‡","NULL","Census (public). voluntary response (private)"
"633","Varicella","2 Doses (or disease history)","States","Indiana","2020-21","92.8","78694","71.4","§","NULL","Voluntary response"
"634","Varicella","2 Doses (or disease history)","States","North Dakota","2020-21","93.2","10116","99.1","NULL","NULL","Census"
"635","Varicella","2 Doses (or disease history)","States","Washington","2020-21","93.2","74931","100","§","NULL","Census"
"636","Varicella","2 Doses (or disease history)","States","Louisiana","2020-21","93.2","61912","100","*","NULL","Census"
"637","Varicella","2 Doses (or disease history)","States","Florida","2020-21","93.3","207026","100",">=.*","NULL","Census"
"638","Varicella","2 Doses (or disease history)","States","Vermont","2020-21","93.3","5535","100","*","NULL","Census"
"639","Varicella","2 Doses (or disease history)","States","Iowa","2020-21","93.4","39141","100",">=.*","NULL","Census"
"640","DTP, DTaP, or DT","","States","Virginia","2014-15","97.4","103821","4.1","NULL","NULL","Stratified 2-stage cluster sample"
"641","DTP, DTaP, or DT","","States","Texas","2014-15","97.2","406099","98.3","‡","NULL","Census (public); Voluntary response (private)"
"642","DTP, DTaP, or DT","","States","South Dakota","2014-15","97.2","12008","100","*","NULL","Census"
"643","DTP, DTaP, or DT","","States","South Carolina","2014-15","97.2","62864","12.2","NULL","NULL","Stratified 1-stage cluster sample"
"644","DTP, DTaP, or DT","","States","Connecticut","2014-15","97","39948","100","*","NULL","Census"
"645","DTP, DTaP, or DT","","States","Wyoming","2014-15","96.7","7983","97.9","¶","NULL","Census"
"646","DTP, DTaP, or DT","","States","North Carolina","2014-15","96.5","129792","95","NULL","NULL","Census (public). Voluntary response (private)"
"647","DTP, DTaP, or DT","","States","Wisconsin","2014-15","96.5","69335","2.5","‡","NULL","Stratified 2-stage cluster sample"
"648","DTP, DTaP, or DT","","States","New Mexico","2014-15","96.4","29918","3.3","†","NULL","Stratified 2-stage cluster sample"
"649","DTP, DTaP, or DT","","States","Nebraska","2014-15","96.4","26665","100","*. ‡","NULL","Census"
"650","DTP, DTaP, or DT","","States","New York","2015-16","94.1","232521","100","*","NULL","Census"
"651","DTP, DTaP, or DT","","States","Nevada","2015-16","94.2","37118","3.3","NULL","NULL","Stratified 2-stage cluster sample"
"652","DTP, DTaP, or DT","","States","California","2015-16","94.2","593788","92.8","‡","NULL","Census"
"653","DTP, DTaP, or DT","","States","Arizona","2015-16","94.2","83088","100","*","NULL","Census"
"654","DTP, DTaP, or DT","","States","Georgia","2015-16","94.6","131403","100","≥.*","NULL","Census"
"655","DTP, DTaP, or DT","","States","New Mexico","2016-17","94.8","27119","4.5","NULL","NULL","Stratified 2-stage cluster sample"
"656","DTP, DTaP, or DT","","States","Illinois","2016-17","95","151309","97.7","NULL","NULL","Census"
"657","DTP, DTaP, or DT","","States","Missouri","2016-17","95.5","73355","100","*","NULL","Census"
"658","DTP, DTaP, or DT","","States","Rhode Island","2016-17","95.6","11100","98.4","‡.§","NULL","Census"
"659","DTP, DTaP, or DT","","States","West Virginia","2016-17","95.7","28666","66.5","§","NULL","Census (public). voluntary response (private)"
"660","DTP, DTaP, or DT","","States","Idaho","2013-14","88","23934","100","*","NULL","Census"
"661","DTP, DTaP, or DT","","States","North Dakota","2013-14","90.2","9780","96.1","NULL","NULL","Census (Public); Stratified  2-stage cluster sample(Private)"
"662","DTP, DTaP, or DT","","States","Oklahoma","2013-14","96.1","57377","71.3","NULL","NULL","Voluntary response"
"663","DTP, DTaP, or DT","","States","Ohio","2013-14","96.1","150000","92.5","NULL","NULL","Census"
"664","DTP, DTaP, or DT","","States","Rhode Island","2013-14","96","11521","99.1","‡","NULL","Census"
"665","DTP, DTaP, or DT","","States","Alaska","2013-14","96","10222","9.3","†","NULL","Stratified  2-stage cluster sample"
"666","DTP, DTaP, or DT","","States","Missouri","2013-14","96","78140","100","*","NULL","Census"
"667","DTP, DTaP, or DT","","States","Illinois","2013-14","95","163316","100","*","NULL","Census"
"668","DTP, DTaP, or DT","","States","Tennessee","2013-14","94.9","80212","99.8","≥","NULL","Census"
"669","DTP, DTaP, or DT","","States","Mississippi","2014-15","99.2","44129","100","≥. *","NULL","Census"
"670","DTP, DTaP, or DT","","States","North Carolina","2013-14",NA,"126084","97.7","NULL","NULL","Census"
"671","DTP, DTaP, or DT","","States","Colorado","2013-14","80.9","69904","0.5","NULL","NULL","Random Sample"
"672","DTP, DTaP, or DT","","States","Indiana","2013-14","81.8","87193","70.3","NULL","NULL","Voluntary response"
"673","DTP, DTaP, or DT","","States","Arkansas","2013-14","83.3","42649","96.3","NULL","NULL","Census"
"674","DTP, DTaP, or DT","","States","Kansas","2013-14","87.6","41107","29","†. ‡","NULL","Stratified 1-stage sample  (Public);  Census (Private)"
"675","Varicella","2 Doses (or disease history)","States","New York","2019-20","98.1","234165","99.9","NULL","NULL","Census"
"676","Varicella","2 Doses (or disease history)","States","Mississippi","2019-20","99.1","37870","100","≥.*","NULL","Census"
"677","Varicella","2 Doses (or disease history)","States","New Jersey","2019-20","NReq","107900","100","≥.*","NULL","Census"
"678","Varicella","2 Doses (or disease history)","States","Alabama","2019-20","NReq","59477","94.9","≥","NULL","Census"
"679","Varicella","2 Doses (or disease history)","States","Alaska","2019-20","NR","10381","82.7","§","NULL","Voluntary response"
"680","Varicella","2 Doses (or disease history)","States","Maine","2019-20","NReq","13450","99.6","NULL","NULL","Census"
"681","Varicella","2 Doses (or disease history)","States","Arizona","2019-20","NReq","83976","98.7","NULL","NULL","Census (public). voluntary response (private)"
"682","Varicella","2 Doses (or disease history)","States","Oklahoma","2019-20","NReq","55348","85.6","§","NULL","Voluntary response"
"683","Varicella","2 Doses (or disease history)","States","District of Columbia","2019-20",NA,"NULL","NULL","NULL","NULL","Not Conducted"
"684","DTP, DTaP, or DT","","States","New Hampshire","2014-15","91.4","12422","98.9","≥","NULL","Census (public); Voluntary response (private)"
"685","DTP, DTaP, or DT","","States","Iowa","2014-15","91.9","43239","96.3","≥","NULL","Census"
"686","DTP, DTaP, or DT","","States","Ohio","2014-15","92.2","149080","91","NULL","NULL","Census (public); Voluntary response (private)"
"687","DTP, DTaP, or DT","","States","New Jersey","2014-15","92.3","120471","93.9","≥. ‡","NULL","Census (public); Voluntary response (private)"
"688","DTP, DTaP, or DT","","States","California","2014-15","92.4","552583","96.9","‡","NULL","Census"
"689","DTP, DTaP, or DT","","States","Alaska","2014-15","92.7","10129","7.8","†","NULL","Stratified 2-stage cluster sample"
"690","DTP, DTaP, or DT","","States","Indiana","2014-15","92.7","85477","70.1","NULL","NULL","Voluntary response"
"691","DTP, DTaP, or DT","","States","Massachusetts","2014-15","92.9","74869","100","*. ‡","NULL","Census"
"692","DTP, DTaP, or DT","","States","South Dakota","2017-18","95.9","12125","99.9","NULL","NULL","Census"
"693","DTP, DTaP, or DT","","States","New Jersey","2017-18","96.1","107630","100","≥.*","NULL","Census"
"694","DTP, DTaP, or DT","","States","Rhode Island","2017-18","96.2","11025","100","*.‡.§","NULL","Census"
"695","DTP, DTaP, or DT","","States","California","2017-18","96.4","574702","100","‡","NULL","Census"
"696","DTP, DTaP, or DT","","States","Massachusetts","2017-18","96.4","63377","100","*.‡","NULL","Census"
"697","DTP, DTaP, or DT","","States","Wisconsin","2017-18","96.5","66178","2.3","†.‡.§","NULL","Stratified 2-stage cluster sample"
"698","DTP, DTaP, or DT","","States","Connecticut","2017-18","96.5","39174","100","*","NULL","Census"
"699","DTP, DTaP, or DT","","States","South Carolina","2017-18","96.6","58458","27","NULL","NULL","Stratified 1-stage cluster sample"
"700","DTP, DTaP, or DT","","States","Tennessee","2017-18","96.7","78743","100","*.§","NULL","Census"
"701","DTP, DTaP, or DT","","States","Nebraska","2017-18","96.7","26313","98.6","‡.‡‡","NULL","Census"
"702","DTP, DTaP, or DT","","States","Texas","2017-18","96.8","387981","99.4","‡.§","NULL","Census"
"703","DTP, DTaP, or DT","","States","North Carolina","2017-18","96.8","127197","90.9","‡.§","NULL","Census"
"704","DTP, DTaP, or DT","","States","New Mexico","2015-16","94.7","29049","2.7","†","NULL","Stratified 2-stage cluster sample"
"705","DTP, DTaP, or DT","","States","West Virginia","2015-16","94.8","21333","87.6","NULL","NULL","Voluntary response"
"706","DTP, DTaP, or DT","","States","Massachusetts","2015-16","94.9","72897","100","*.‡","NULL","Census"
"707","DTP, DTaP, or DT","","States","Illinois","2015-16","95","151309","100","*","NULL","Census"
"708","DTP, DTaP, or DT","","States","Missouri","2015-16","95.6","74413","100","*.§","NULL","Census"
"709","DTP, DTaP, or DT","","States","Michigan","2015-16","95.9","116299","100","*","NULL","Census"
"710","DTP, DTaP, or DT","","States","Oklahoma","2015-16","96.1","54335","96.1","‡","NULL","Census"
"711","DTP, DTaP, or DT","","States","Maine","2015-16","96.1","13526","90.5","NULL","NULL","Census"
"712","DTP, DTaP, or DT","","States","New Jersey","2015-16","96.3","110116","100","≥.*","NULL","Census"
"713","DTP, DTaP, or DT","","States","South Dakota","2015-16","96.4","12181","100","*","NULL","Census"
"714","DTP, DTaP, or DT","","States","Wyoming","2015-16","96.6","7825","74","§.¶","NULL","Voluntary response"
"715","DTP, DTaP, or DT","","States","Rhode Island","2015-16","96.8","11165","100","*.‡.§","NULL","Census"
"716","DTP, DTaP, or DT","","States","Nebraska","2015-16","96.8","30409","100","*.‡","NULL","Census"
"717","DTP, DTaP, or DT","","States","Wisconsin","2015-16","96.9","70220","2","‡.§","NULL","Stratified 2-stage cluster sample"
"718","DTP, DTaP, or DT","","States","Connecticut","2015-16","97","39533","100","*","NULL","Census"
"719","DTP, DTaP, or DT","","States","South Carolina","2015-16","97","59240","8.9","NULL","NULL","Stratified 1-stage cluster sample"
"720","DTP, DTaP, or DT","","States","North Carolina","2015-16","97.1","128290","92","‡.§","NULL","Census (public). Voluntary response (private)"
"721","DTP, DTaP, or DT","","States","Texas","2015-16","97.4","394801","98.7","‡.§","NULL","Census (public); Voluntary response (private)"
"722","DTP, DTaP, or DT","","States","Delaware","2015-16","98","11589","9.5","NULL","NULL","Stratified 2-stage cluster sample"
"723","DTP, DTaP, or DT","","States","Louisiana","2015-16","98.3","59159","100","*","NULL","Census"
"724","DTP, DTaP, or DT","","States","Virginia","2015-16","98.3","100074","4.3","†.§","NULL","Stratified 2-stage cluster sample"
"725","DTP, DTaP, or DT","","States","Mississippi","2015-16","99.4","41042","100","≥.*","NULL","Census"
"726","DTP, DTaP, or DT","","States","Louisiana","2014-15","98.3","60377","100","*","NULL","Census"
"727","DTP, DTaP, or DT","","States","Delaware","2014-15","97.7","11476","7.9","NULL","NULL","Stratified 2-stage cluster sample"
"728","DTP, DTaP, or DT","","States","West Virginia","2014-15","97.6","22016","81.3","NULL","NULL","Voluntary response"
"729","DTP, DTaP, or DT","","States","New York","2014-15","97.5","237045","100","*.‡","NULL","Census"
"730","DTP, DTaP, or DT","","States","Florida","2015-16","93.7","224430","100","≥.*.§","NULL","Census"
"731","DTP, DTaP, or DT","","States","Hawaii","2015-16","93.8","16325","6.7","NULL","NULL","Stratified 2-stage cluster sample"
"732","DTP, DTaP, or DT","","States","Kentucky","2015-16","93.9","54353","99.5","‡.§","NULL","Census"
"733","DTP, DTaP, or DT","","States","Montana","2015-16","94","11484","100","*","NULL","Census"
"734","DTP, DTaP, or DT","","States","Nevada","2018-19","95","37971","4.8","NULL","NULL","Stratified 2-stage cluster sample"
"735","DTP, DTaP, or DT","","States","Wyoming","2018-19","95.3","7734","100","*","NULL","Census"
"736","DTP, DTaP, or DT","","States","South Dakota","2018-19","95.8","12062","99.9","NULL","NULL","Census"
"737","DTP, DTaP, or DT","","States","New Mexico","2018-19","96","25269","99.6","NULL","NULL","Census"
"738","DTP, DTaP, or DT","","States","California","2018-19","96","568947","97.7","‡","NULL","Census"
"739","DTP, DTaP, or DT","","States","Connecticut","2018-19","96.1","38230","100","*","NULL","Census"
"740","DTP, DTaP, or DT","","States","Wisconsin","2018-19","96.2","66344","2.3","†.‡.§","NULL","Stratified 2-stage cluster sample"
"741","DTP, DTaP, or DT","","States","Tennessee","2018-19","96.2","78630","100","*.§","NULL","Census"
"742","DTP, DTaP, or DT","","States","Pennsylvania","2018-19","96.6","143560","93.3","NULL","NULL","Census (public). voluntary response (private)"
"743","DTP, DTaP, or DT","","States","New York","2018-19","96.7","220495","100","*","NULL","Census"
"744","DTP, DTaP, or DT","","States","Texas","2018-19","96.7","390034","99.4","‡.§","NULL","Census"
"745","DTP, DTaP, or DT","","States","Michigan","2016-17","95.8","118777","100","*","NULL","Census"
"746","DTP, DTaP, or DT","","States","North Carolina","2016-17","96.1","126454","88.2","‡.§","NULL","Voluntary response"
"747","DTP, DTaP, or DT","","States","Massachusetts","2016-17","96.1","70109","100","*.‡","NULL","Census"
"748","DTP, DTaP, or DT","","States","South Carolina","2016-17","96.2","59177","8.9","NULL","NULL","Stratified 1-stage cluster sample"
"749","DTP, DTaP, or DT","","States","Maine","2016-17","96.3","13834","90.1","NULL","NULL","Voluntary response (public). census (private)"
"750","DTP, DTaP, or DT","","States","South Dakota","2016-17","96.4","12106","99.8","NULL","NULL","Census"
"751","DTP, DTaP, or DT","","States","New Jersey","2016-17","96.5","109577","100","≥.*","NULL","Census"
"752","DTP, DTaP, or DT","","States","Wisconsin","2016-17","96.6","67607","2.2","†.‡.§","NULL","Stratified 2-stage cluster sample"
"753","DTP, DTaP, or DT","","States","Connecticut","2016-17","96.7","39002","100","*","NULL","Census"
"754","DTP, DTaP, or DT","","States","Tennessee","2016-17","96.8","78169","100","*.§","NULL","Census"
"755","DTP, DTaP, or DT","","States","New York","2016-17","96.9","227050","100","*","NULL","Census"
"756","DTP, DTaP, or DT","","States","California","2016-17","96.9","575305","97.8","‡","NULL","Census"
"757","DTP, DTaP, or DT","","States","Texas","2016-17","97.2","389999","99","‡.§","NULL","Census"
"758","DTP, DTaP, or DT","","States","Nebraska","2016-17","97.2","27117","100","*.‡.‡‡","NULL","Census"
"759","DTP, DTaP, or DT","","States","Louisiana","2016-17","98","55257","100","*","NULL","Census"
"760","DTP, DTaP, or DT","","States","Virginia","2016-17","98.2","102357","4","†","NULL","Stratified 2-stage cluster sample"
"761","DTP, DTaP, or DT","","States","Maryland","2016-17","98.2","71467","98.1","‡","NULL","Census"
"762","DTP, DTaP, or DT","","States","Delaware","2016-17","98.7","11490","9.3","NULL","NULL","Stratified 2-stage cluster sample"
"763","DTP, DTaP, or DT","","States","Maryland","2014-15","99.6","75391","90.2","‡","NULL","Census (public); Voluntary response (private)"
"764","DTP, DTaP, or DT","","States","Hawaii","2014-15",NA,"20085","5.6","NULL","NULL","Stratified 2-stage cluster sample"
"765","DTP, DTaP, or DT","","States","Colorado","2014-15","84.3","70597","0.5","NULL","NULL","Simple random sample"
"766","DTP, DTaP, or DT","","States","Arkansas","2014-15","85.6","41252","95.9","‡","NULL","Census (public); Voluntary response (private)"
"767","DTP, DTaP, or DT","","States","Idaho","2014-15","89.4","22968","100","*","NULL","Census"
"768","DTP, DTaP, or DT","","States","Kansas","2014-15","89.6","39685","24.5","†.‡","NULL","Stratified 2-stage cluster sample"
"769","DTP, DTaP, or DT","","States","North Dakota","2014-15","89.6","10017","99.9","NULL","NULL","Census"
"770","DTP, DTaP, or DT","","States","District of Columbia","2014-15","89.8","7840","100","*","NULL","Census"
"771","DTP, DTaP, or DT","","States","Oklahoma","2014-15","90","56967","95.9","‡","NULL","Census"
"772","DTP, DTaP, or DT","","States","Washington","2014-15","90.7","88809","96.7","NULL","NULL","Census (public); Voluntary response (private)"
"773","DTP, DTaP, or DT","","States","Michigan","2017-18","95.3","119028","100","*","NULL","Census"
"774","DTP, DTaP, or DT","","States","Missouri","2017-18","95.3","73113","100","*","NULL","Census"
"775","DTP, DTaP, or DT","","States","Hawaii","2017-18","95.4","16325","6.6","NULL","NULL","Stratified 2-stage cluster sample"
"776","DTP, DTaP, or DT","","States","Tennessee","2019-20","96.4","80595","100","*.§","NULL","Census"
"777","DTP, DTaP, or DT","","States","Indiana","2017-18","94.3","84296","96.4","NULL","NULL","Voluntary Response"
"778","DTP, DTaP, or DT","","States","North Dakota","2017-18","94.1","10365","99.4","NULL","NULL","Census"
"779","DTP, DTaP, or DT","","States","Vermont","2017-18","94","6255","100","*","NULL","Census"
"780","DTP, DTaP, or DT","","States","Oklahoma","2017-18","93.9","53898","92.1","§","NULL","Census (public). voluntary response (private)"
"781","DTP, DTaP, or DT","","States","Kentucky","2017-18","93.7","55152","99","‡.§","NULL","Census"
"782","DTP, DTaP, or DT","","States","Florida","2017-18","93.7","222397","100","≥.*.§","NULL","Census"
"783","DTP, DTaP, or DT","","States","Arizona","2017-18","93.5","81710","100","*","NULL","Census"
"784","DTP, DTaP, or DT","","States","Georgia","2017-18","93.4","131459","100","≥.*","NULL","Census"
"785","DTP, DTaP, or DT","","States","Utah","2017-18","93.2","48827","100","*","NULL","Census"
"786","DTP, DTaP, or DT","","States","New York","2017-18","96.9","226456","100","*","NULL","Census"
"787","DTP, DTaP, or DT","","States","Delaware","2017-18","96.9","10988","9.5","NULL","NULL","Stratified 2-stage cluster sample"
"788","DTP, DTaP, or DT","","States","Pennsylvania","2017-18","97","141571","93.3","NULL","NULL","Voluntary response"
"789","DTP, DTaP, or DT","","States","Louisiana","2017-18","97.7","58277","100","*","NULL","Census"
"790","DTP, DTaP, or DT","","States","Maryland","2017-18","97.9","68528","98.5","‡","NULL","Census"
"791","DTP, DTaP, or DT","","States","West Virginia","2017-18","98","19519","79.3","¶","NULL","Voluntary response"
"792","DTP, DTaP, or DT","","States","Virginia","2017-18","98.2","100581","4.4","†","NULL","Stratified 2-stage cluster sample"
"793","DTP, DTaP, or DT","","States","Mississippi","2017-18","99.4","39284","100","≥.*","NULL","Census"
"794","DTP, DTaP, or DT","","States","New Mexico","2017-18","94.9","26896","99.6","NULL","NULL","Stratified 2-stage cluster sample"
"795","DTP, DTaP, or DT","","States","Maryland","2015-16","99.6","72012","94.3","‡","NULL","Census (public); Voluntary response (private)"
"796","DTP, DTaP, or DT","","States","Pennsylvania","2015-16","NReq","143298","93.2","||","NULL","Census (public); Voluntary response (private)"
"797","DTP, DTaP, or DT","","States","Colorado","2015-16","86.6","69137","0.5","NULL","NULL","Simple random sample"
"798","DTP, DTaP, or DT","","States","District of Columbia","2015-16","88.2","8080","100","*","NULL","Census"
"799","DTP, DTaP, or DT","","States","Arkansas","2015-16","88.2","40258","95.6","‡","NULL","Census (public); Voluntary response (private)"
"800","DTP, DTaP, or DT","","States","Kansas","2015-16","89.4","39555","21","†.‡.§","NULL","Stratified 2-stage cluster sample"
"801","DTP, DTaP, or DT","","States","Idaho","2015-16","89.8","22686","100","*","NULL","Census"
"802","DTP, DTaP, or DT","","States","North Dakota","2015-16","90.8","9875","97.1","NULL","NULL","Census"
"803","DTP, DTaP, or DT","","States","Washington","2015-16","91.1","86492","97.3","§","NULL","Census"
"804","DTP, DTaP, or DT","","States","Iowa","2015-16","91.8","41215","100","≥.*","NULL","Census"
"805","DTP, DTaP, or DT","","States","New Hampshire","2015-16","91.9","11852","99.8","≥","NULL","Census"
"806","DTP, DTaP, or DT","","States","Ohio","2015-16","92.1","144604","93.7","NULL","NULL","Census (public); Voluntary response (private)"
"807","DTP, DTaP, or DT","","States","Indiana","2015-16","92.6","83525","69.5","NULL","NULL","Voluntary response"
"808","DTP, DTaP, or DT","","States","Alaska","2015-16","92.8","9937","7.8","†.§","NULL","Stratified 2-stage cluster sample"
"809","DTP, DTaP, or DT","","States","Minnesota","2015-16","93","69710","97.8","§","NULL","Census"
"810","DTP, DTaP, or DT","","States","Alabama","2015-16","93.1","60392","100","≥.*","NULL","Census"
"811","DTP, DTaP, or DT","","States","Oregon","2015-16","93.5","45531","100","*.‡","NULL","Census"
"812","DTP, DTaP, or DT","","States","Tennessee","2015-16","93.5","79233","100","*.§","NULL","Census"
"813","DTP, DTaP, or DT","","States","Vermont","2015-16","93.6","6366","100","*","NULL","Census"
"814","DTP, DTaP, or DT","","States","Utah","2015-16","93.7","50114","100","*","NULL","Census"
"815","DTP, DTaP, or DT","","States","Missouri","2018-19","94.8","72687","100","*","NULL","Census"
"816","DTP, DTaP, or DT","","States","Michigan","2018-19","94.8","118632","100","*","NULL","Census"
"817","DTP, DTaP, or DT","","States","New Jersey","2018-19","95","109161","100","≥.*","NULL","Census"
"818","DTP, DTaP, or DT","","States","Utah","2018-19","92.4","50179","100","*","NULL","Census"
"819","DTP, DTaP, or DT","","States","Oregon","2018-19","92.4","45870","100","*.‡","NULL","Census"
"820","DTP, DTaP, or DT","","States","Minnesota","2018-19","92.5","70085","98.1","§","NULL","Census"
"821","DTP, DTaP, or DT","","States","Mississippi","2018-19","99.2","37775","100","≥.*","NULL","Census"
"822","DTP, DTaP, or DT","","States","West Virginia","2018-19","98.7","19442","79.3","¶","NULL","Voluntary response"
"823","DTP, DTaP, or DT","","States","Virginia","2018-19","98","100394","4.4","†","NULL","Stratified 2-stage cluster sample"
"824","DTP, DTaP, or DT","","States","Delaware","2018-19","97.8","10798","9.5","NULL","NULL","Stratified 2-stage cluster sample"
"825","DTP, DTaP, or DT","","States","Louisiana","2018-19","97.7","56203","100","*","NULL","Census"
"826","DTP, DTaP, or DT","","States","Maryland","2018-19","97.7","71431","100","‡","NULL","Census"
"827","DTP, DTaP, or DT","","States","Mississippi","2016-17","99.4","40509","100","≥.*","NULL","Census"
"828","DTP, DTaP, or DT","","States","Florida","2016-17","94.1","224463","100","≥.*.§","NULL","Census"
"829","DTP, DTaP, or DT","","States","Montana","2016-17","93.9","11956","100","*","NULL","Census"
"830","DTP, DTaP, or DT","","States","Arizona","2016-17","93.9","83627","100","*","NULL","Census"
"831","DTP, DTaP, or DT","","States","Alabama","2016-17","93.8","58394","100","≥.*","NULL","Census"
"832","DTP, DTaP, or DT","","States","North Dakota","2016-17","93.8","9799","98.7","NULL","NULL","Census"
"833","DTP, DTaP, or DT","","States","Utah","2016-17","93.7","49073","100","*","NULL","Census"
"834","DTP, DTaP, or DT","","States","Vermont","2016-17","93.5","6344","100","*","NULL","Census"
"835","DTP, DTaP, or DT","","States","Hawaii","2016-17","93.3","16325","6.7","NULL","NULL","Stratified 2-stage cluster sample"
"836","DTP, DTaP, or DT","","States","Georgia","2016-17","93.3","136165","100","≥.*","NULL","Census"
"837","DTP, DTaP, or DT","","States","Minnesota","2016-17","93.2","69140","96.7","§","NULL","Census"
"838","DTP, DTaP, or DT","","States","Oregon","2016-17","93.2","45705","100","*.‡","NULL","Census"
"839","DTP, DTaP, or DT","","States","Iowa","2016-17","92.6","39587","100","≥.*","NULL","Census"
"840","DTP, DTaP, or DT","","States","Kentucky","2016-17","92.5","51487","92.9","‡.§","NULL","Census"
"841","DTP, DTaP, or DT","","States","Ohio","2016-17","92.4","137542","95.5","NULL","NULL","Census"
"842","DTP, DTaP, or DT","","States","Indiana","2016-17","92.1","83263","80.3","NULL","NULL","Voluntary response"
"843","DTP, DTaP, or DT","","States","New Hampshire","2016-17","91.5","12145","100","≥.*","NULL","Census"
"844","DTP, DTaP, or DT","","States","Washington","2016-17","90.8","87142","98.2","§","NULL","Census"
"845","DTP, DTaP, or DT","","States","Nevada","2016-17","90","36885","3.7","NULL","NULL","Stratified 2-stage cluster sample"
"846","DTP, DTaP, or DT","","States","Idaho","2016-17","89.8","22589","100","*","NULL","Census"
"847","DTP, DTaP, or DT","","States","Arkansas","2016-17","89.2","39666","75.9","‡","NULL","Voluntary response"
"848","DTP, DTaP, or DT","","States","Alaska","2016-17","89.1","9815","7.6","†.§","NULL","Stratified 2-stage cluster sample"
"849","DTP, DTaP, or DT","","States","Kansas","2016-17","88.7","38298","22.9","†.‡.§","NULL","Stratified 2-stage cluster sample"
"850","DTP, DTaP, or DT","","States","Colorado","2016-17","86.8","64440","100","*","NULL","Census"
"851","DTP, DTaP, or DT","","States","Oklahoma","2016-17",NA,"52184","0","‡.¶","NULL","Census"
"852","DTP, DTaP, or DT","","States","Pennsylvania","2016-17","NReq","143888","84.4","||","NULL","Voluntary response"
"853","DTP, DTaP, or DT","","States","Wyoming","2016-17",NA,"NULL","NULL","NULL","NULL","Not conducted"
"854","DTP, DTaP, or DT","","States","Illinois","2017-18","95.3","144858","100","*","NULL","Census"
"855","DTP, DTaP, or DT","","States","Maine","2017-18","95.3","13255","95.9","NULL","NULL","Census"
"856","DTP, DTaP, or DT","","States","South Dakota","2019-20","95.9","12367","99.8","NULL","NULL","Census"
"857","DTP, DTaP, or DT","","States","New Jersey","2019-20","95.9","107900","100","≥.*","NULL","Census"
"858","DTP, DTaP, or DT","","States","Connecticut","2019-20","96.2","38888","100","*","NULL","Census"
"859","DTP, DTaP, or DT","","States","California","2019-20","96.2","566155","97.9","‡","NULL","Census"
"860","DTP, DTaP, or DT","","States","Nevada","2020-21","95.4","34171","94.7","NULL","NULL","Census (public). voluntary response (private)"
"861","DTP, DTaP, or DT","","States","Connecticut","2020-21","95.3","34396","100","*","NULL","Census"
"862","DTP, DTaP, or DT","","States","North Carolina","2020-21","95.2","120995","89","‡.§","NULL","Census (public). voluntary response (private)"
"863","DTP, DTaP, or DT","","States","Texas","2020-21","95","377840","98.9","‡.§","NULL","Census"
"864","DTP, DTaP, or DT","","States","South Carolina","2020-21","95","56330","26.5","†","NULL","Stratified 1-stage cluster sample"
"865","DTP, DTaP, or DT","","States","Delaware","2020-21","94.9","10587","9.2","NULL","NULL","Stratified 2-stage cluster sample"
"866","DTP, DTaP, or DT","","States","California","2020-21","94.7","498214","97.5","‡","NULL","Census"
"867","DTP, DTaP, or DT","","States","Alabama","2020-21","94.7","56974","100",">=. *","NULL","Census"
"868","DTP, DTaP, or DT","","States","Iowa","2017-18","93","39632","100","≥.*","NULL","Census"
"869","DTP, DTaP, or DT","","States","Minnesota","2017-18","92.8","69807","98.1","§","NULL","Census"
"870","DTP, DTaP, or DT","","States","Alabama","2017-18","92.7","57245","100","≥.*","NULL","Census"
"871","DTP, DTaP, or DT","","States","Montana","2017-18","92.6","12188","100","*","NULL","Census"
"872","DTP, DTaP, or DT","","States","Nevada","2017-18","92.6","37178","4.8","NULL","NULL","Stratified 2-stage cluster sample"
"873","DTP, DTaP, or DT","","States","Oregon","2017-18","92.4","45818","100","*.‡","NULL","Census"
"874","DTP, DTaP, or DT","","States","New Hampshire","2017-18","92.4","12165","100","≥","NULL","Census"
"875","DTP, DTaP, or DT","","States","Ohio","2017-18","92.1","138753","94.9","NULL","NULL","Census"
"876","DTP, DTaP, or DT","","States","Arkansas","2017-18","91.3","39630","95.4","‡","NULL","Census"
"877","DTP, DTaP, or DT","","States","Alaska","2017-18","91.1","9692","84.4","†.§","NULL","Stratified 2-stage cluster sample"
"878","DTP, DTaP, or DT","","States","Washington","2017-18","90.7","85118","96.9","§","NULL","Census"
"879","DTP, DTaP, or DT","","States","Kansas","2017-18","89.5","38484","23.1","†.‡.§","NULL","Stratified 2-stage cluster sample"
"880","DTP, DTaP, or DT","","States","Idaho","2017-18","89.3","22553","99","NULL","NULL","Census"
"881","DTP, DTaP, or DT","","States","Colorado","2017-18","88.6","65718","100","*","NULL","Census"
"882","DTP, DTaP, or DT","","States","Wyoming","2017-18",NA,"NULL","NULL","NULL","NULL","Not conducted"
"883","DTP, DTaP, or DT","","States","Arizona","2018-19","92.7","79981","100","*","NULL","Census"
"884","DTP, DTaP, or DT","","States","Oklahoma","2018-19","92.7","54806","92.1","§","NULL","Census (public). voluntary response (private)"
"885","DTP, DTaP, or DT","","States","Vermont","2018-19","92.9","6126","100","*","NULL","Census"
"886","DTP, DTaP, or DT","","States","Montana","2018-19","93","12480","100","*","NULL","Census"
"887","DTP, DTaP, or DT","","States","North Carolina","2018-19","93.2","124343","90.9","‡.§","NULL","Census (public). voluntary response (private)"
"888","DTP, DTaP, or DT","","States","Iowa","2018-19","93.3","40624","100","≥.*","NULL","Census"
"889","DTP, DTaP, or DT","","States","Arkansas","2018-19","93.4","39257","95.4","‡","NULL","Census (public). voluntary response (private)"
"890","DTP, DTaP, or DT","","States","Georgia","2018-19","93.6","131275","100","≥.*","NULL","Census"
"891","DTP, DTaP, or DT","","States","North Dakota","2018-19","93.6","10382","99.4","NULL","NULL","Census"
"892","DTP, DTaP, or DT","","States","Florida","2018-19","93.8","224641","100","≥.*.§","NULL","Census"
"893","DTP, DTaP, or DT","","States","Kentucky","2018-19","94.1","55587","99","‡.§","NULL","Census"
"894","DTP, DTaP, or DT","","States","Indiana","2018-19","94.4","82324","96.4","NULL","NULL","Census"
"895","DTP, DTaP, or DT","","States","Maine","2018-19","94.5","13419","95.9","NULL","NULL","Census"
"896","DTP, DTaP, or DT","","States","South Carolina","2018-19","94.6","58442","27","NULL","NULL","Stratified 1-stage cluster sample"
"897","DTP, DTaP, or DT","","States","Illinois","2018-19","94.7","143876","100","*","NULL","Census"
"898","DTP, DTaP, or DT","","States","Kansas","2018-19","91","37838","23.1","†.‡.§","NULL","Stratified 2-stage cluster sample"
"899","DTP, DTaP, or DT","","States","New Hampshire","2018-19","91.8","12421","100","≥","NULL","Census"
"900","DTP, DTaP, or DT","","States","Ohio","2018-19","91.9","139679","94.9","NULL","NULL","Census (public). voluntary response (private)"
"901","DTP, DTaP, or DT","","States","Hawaii","2018-19","92.4","16051","6.7","NULL","NULL","Stratified 2-stage cluster sample"
"902","DTP, DTaP, or DT","","States","Arkansas","2021-22","91.3","39358","96.3","NULL","NULL","Census (pub.), vol. response (pvt.)"
"903","DTP, DTaP, or DT","","States","Oklahoma","2021-22","91.1","54042","84.3","‡","NULL","Vol. response"
"904","DTP, DTaP, or DT","","States","South Carolina","2021-22","91","58276","27.2","†","NULL","1-stage cluster sample"
"905","DTP, DTaP, or DT","","States","Iowa","2021-22","90.6","40111","100",">=. *","NULL","Census"
"906","DTP, DTaP, or DT","","States","Arizona","2021-22","90.5","83463","97","NULL","NULL","Census"
"907","DTP, DTaP, or DT","","States","Kansas","2021-22","90","36526","29.5","†. ‡. §","NULL","Stratified 1-stage cluster sample"
"908","DTP, DTaP, or DT","","States","Utah","2021-22","89.6","48995","100","*","NULL","Census"
"909","DTP, DTaP, or DT","","States","Colorado","2021-22","89.1","66900","97.5","NULL","NULL","Census"
"910","DTP, DTaP, or DT","","States","Rhode Island","2018-19","97.4","10964","100","*.‡.§","NULL","Census"
"911","DTP, DTaP, or DT","","States","Nebraska","2018-19","97.4","26925","98.6","‡.‡‡","NULL","Census"
"912","DTP, DTaP, or DT","","States","North Dakota","2019-20","94.4","10587","99.5","NULL","NULL","Census"
"913","DTP, DTaP, or DT","","States","Wisconsin","2019-20","94.5","67391","2.6","†.‡.§","NULL","Stratified 2-stage cluster sample"
"914","DTP, DTaP, or DT","","States","Missouri","2019-20","94.5","72324","100","*","NULL","Census"
"915","DTP, DTaP, or DT","","States","Michigan","2019-20","94.7","120565","100","*","NULL","Census"
"916","DTP, DTaP, or DT","","States","Wyoming","2019-20","94.4","7913","100","*","NULL","Census"
"917","DTP, DTaP, or DT","","States","Vermont","2019-20","94.1","6293","100","*","NULL","Census"
"918","DTP, DTaP, or DT","","States","Maine","2019-20","94.1","13450","99.6","NULL","NULL","Census"
"919","DTP, DTaP, or DT","","States","Nevada","2019-20","94","37724","99.9","NULL","NULL","Census"
"920","DTP, DTaP, or DT","","States","Oklahoma","2019-20","93.9","55348","85.6","§","NULL","Voluntary response"
"921","DTP, DTaP, or DT","","States","Florida","2019-20","93.5","228298","100","≥.*.§","NULL","Census"
"922","DTP, DTaP, or DT","","States","Kentucky","2019-20","93.3","59233","92.9","‡.§","NULL","Census"
"923","DTP, DTaP, or DT","","States","Iowa","2019-20","93.2","40812","100","≥.*","NULL","Census"
"924","DTP, DTaP, or DT","","States","Arkansas","2019-20","93.2","39510","96.2","‡","NULL","Census (public). voluntary response (private)"
"925","DTP, DTaP, or DT","","States","Montana","2019-20","93.2","12501","100","*","NULL","Census"
"926","DTP, DTaP, or DT","","States","Georgia","2019-20","93.1","130102","100","≥.*","NULL","Census"
"927","DTP, DTaP, or DT","","States","Washington","2019-20","92.8","87757","91.9","§","NULL","Census"
"928","DTP, DTaP, or DT","","States","Colorado","2019-20","92.8","69088","98.2","NULL","NULL","Census"
"929","DTP, DTaP, or DT","","States","Oregon","2019-20","92.6","45959","100","*.‡","NULL","Census"
"930","DTP, DTaP, or DT","","States","Arizona","2019-20","92.6","83976","98.7","NULL","NULL","Census (public). voluntary response (private)"
"931","DTP, DTaP, or DT","","States","Ohio","2019-20","92.3","139103","98.8","NULL","NULL","Census"
"932","DTP, DTaP, or DT","","States","Minnesota","2019-20","92.3","71223","98.7","§","NULL","Census"
"933","DTP, DTaP, or DT","","States","Utah","2019-20","92.2","49208","100","*","NULL","Census"
"934","DTP, DTaP, or DT","","States","New Hampshire","2019-20","91.5","12447","100","≥.*","NULL","Census"
"935","DTP, DTaP, or DT","","States","Hawaii","2019-20","91.1","15695","8.9","NULL","NULL","Stratified 2-stage cluster sample"
"936","DTP, DTaP, or DT","","States","Kansas","2019-20","89.7","37865","34.3","†.‡.§","NULL","Stratified 2-stage cluster sample"
"937","DTP, DTaP, or DT","","States","Idaho","2019-20","89","23301","98.5","NULL","NULL","Census"
"938","DTP, DTaP, or DT","","States","South Carolina","2019-20","95.2","65938","27.5","†","NULL","Stratified 1-stage cluster sample"
"939","DTP, DTaP, or DT","","States","North Carolina","2019-20","95.5","124548","97.8","‡.§","NULL","Census"
"940","DTP, DTaP, or DT","","States","Alaska","2019-20","NR","10381","82.7","§","NULL","Voluntary response"
"941","DTP, DTaP, or DT","","States","Indiana","2019-20","84","88253","65.7","NULL","NULL","Voluntary response"
"942","DTP, DTaP, or DT","","States","Alabama","2019-20","86.6","59477","94.9","≥","NULL","Census"
"943","DTP, DTaP, or DT","","States","Michigan","2020-21","95.4","106657","100","*","NULL","Census"
"944","DTP, DTaP, or DT","","States","Michigan","2022-23","93.1","113678","100","*","NULL","Census"
"945","DTP, DTaP, or DT","","States","Louisiana","2022-23","93.1","54314","100","*","NULL","Census"
"946","DTP, DTaP, or DT","","States","Vermont","2022-23","92.8","5816","100","*","NULL","Census"
"947","DTP, DTaP, or DT","","States","South Dakota","2022-23","92.2","12081","100","*","NULL","Census"
"948","DTP, DTaP, or DT","","States","Nevada","2022-23","92.2","34333","89.1","NULL","NULL","Vol. response (pub.), census (pvt.)"
"949","DTP, DTaP, or DT","","States","South Carolina","2022-23","92.1","58878","28.1","†","NULL","Stratified 1-stage cluster sample"
"950","DTP, DTaP, or DT","","States","Pennsylvania","2022-23","94.3","137259","97.2","NULL","NULL","Census (pub.), vol. response (pvt.)"
"951","DTP, DTaP, or DT","","States","New Jersey","2022-23","94.3","104468","100",">=. §. *","NULL","Census"
"952","DTP, DTaP, or DT","","States","New Jersey","2020-21","94.3","100144","100",">=.*","NULL","Census"
"953","DTP, DTaP, or DT","","States","Maine","2020-21","94","13477","85","NULL","NULL","Voluntary response (public). census (private)"
"954","DTP, DTaP, or DT","","States","South Dakota","2020-21","93.7","11512","99.9","NULL","NULL","Census"
"955","DTP, DTaP, or DT","","States","Vermont","2020-21","93.6","5535","100","*","NULL","Census"
"956","DTP, DTaP, or DT","","States","Iowa","2020-21","93.4","39141","100",">=.*","NULL","Census"
"957","DTP, DTaP, or DT","","States","West Virginia","2020-21","NR","NULL","NULL","NULL","NULL","Not Conducted"
"958","DTP, DTaP, or DT","","States","District of Columbia","2020-21","78.5","8262","100","*","NULL","Census"
"959","DTP, DTaP, or DT","","States","TX-City of Houston","2020-21","83.9","39627","94.9","‡.§","NULL","Census (public). voluntary response (private)"
"960","DTP, DTaP, or DT","","States","Indiana","2020-21","83.9","78694","71.4","§","NULL","Voluntary response"
"961","DTP, DTaP, or DT","","States","Idaho","2020-21","86.4","22677","98.3","NULL","NULL","Census"
"962","DTP, DTaP, or DT","","States","Wisconsin","2020-21","87.2","63486","84.5",">=.†.‡.§","NULL","Voluntary response"
"963","DTP, DTaP, or DT","","States","Georgia","2020-21","88.5","83191","100",">=.*","NULL","Census"
"964","DTP, DTaP, or DT","","States","Ohio","2020-21","89","128535","91.1","NULL","NULL","Census (public). voluntary response (private)"
"965","DTP, DTaP, or DT","","States","Minnesota","2020-21","89.3","66007","95.2","NULL","NULL","Census"
"966","DTP, DTaP, or DT","","States","Kentucky","2020-21","89.4","59233","86.4","‡.§","NULL","Census (public). voluntary response (private)"
"967","DTP, DTaP, or DT","","States","Illinois","2020-21","NR","NULL","NULL","NULL","NULL","Not Conducted"
"968","DTP, DTaP, or DT","","States","Mississippi","2020-21","98.9","34028","100",">=.*","NULL","Census"
"969","DTP, DTaP, or DT","","States","New York","2020-21","97.8","216804","91.5","NULL","NULL","Census (public). voluntary response (private)"
"970","DTP, DTaP, or DT","","States","Virginia","2020-21","97.7","88273","2","†","NULL","Stratified 2-stage cluster sample"
"971","DTP, DTaP, or DT","","States","Louisiana","2020-21","96.9","61912","100","*","NULL","Census"
"972","DTP, DTaP, or DT","","States","Florida","2020-21","93.3","207026","100",">=.*","NULL","Census"
"973","DTP, DTaP, or DT","","States","Washington","2020-21","93.2","74931","100","§","NULL","Census"
"974","DTP, DTaP, or DT","","States","North Dakota","2020-21","93.1","10116","99.1","NULL","NULL","Census"
"975","DTP, DTaP, or DT","","States","Missouri","2020-21","92.6","63093","100","*","NULL","Census"
"976","DTP, DTaP, or DT","","States","Arkansas","2020-21","92.3","37540","95.6","‡","NULL","Census (public). voluntary response (private)"
"977","DTP, DTaP, or DT","","States","Arizona","2020-21","92","76382","92.4","NULL","NULL","Census (public). voluntary response (private)"
"978","DTP, DTaP, or DT","","States","Massachusetts","2018-19","97.1","65279","100","*.‡","NULL","Census"
"979","DTP, DTaP, or DT","","States","Idaho","2018-19","88.8","22995","99","NULL","NULL","Census"
"980","DTP, DTaP, or DT","","States","Colorado","2018-19","90.3","64191","100","*","NULL","Census"
"981","DTP, DTaP, or DT","","States","Alabama","2018-19","90.6","77739","100","≥.*","NULL","Census"
"982","DTP, DTaP, or DT","","States","Washington","2018-19","90.8","87510","96.9","§","NULL","Census"
"983","DTP, DTaP, or DT","","States","Missouri","2021-22","91.5","71034","100","*","NULL","Census"
"984","DTP, DTaP, or DT","","States","North Dakota","2021-22","91.4","10755","96.6","NULL","NULL","Census"
"985","DTP, DTaP, or DT","","States","Washington","2021-22","91.4","87256","97.3","§","NULL","Census (pub.), vol. response (pvt.)"
"986","DTP, DTaP, or DT","","States","NY-City of New York","2023-24","95.3","85360","99.3","NULL","NULL","Census"
"987","DTP, DTaP, or DT","","States","California","2023-24","95.4","569680","100","*. ‡","NULL","Census"
"988","DTP, DTaP, or DT","","States","Massachusetts","2023-24","96","65424","100","*. ‡","NULL","Census"
"989","DTP, DTaP, or DT","","States","Virginia","2023-24","96.2","92633","1.9","†","NULL","Stratified 2-stage cluster sample"
"990","DTP, DTaP, or DT","","States","New York","2023-24","96.8","200894","98.8","NULL","NULL","Census"
"991","DTP, DTaP, or DT","","States","Maryland","2023-24","96.8","63224","100",">=. *. ‡","NULL","Census"
"992","DTP, DTaP, or DT","","States","Rhode Island","2023-24","96.9","10539","97.8","‡. §","NULL","Census"
"993","DTP, DTaP, or DT","","States","Minnesota","2021-22","89","69403","98.7","NULL","NULL","Census"
"994","DTP, DTaP, or DT","","States","New Hampshire","2021-22","88.7","12157","100",">=. §. *","NULL","Census"
"995","DTP, DTaP, or DT","","States","Indiana","2021-22","84","83198","75.1","§","NULL","Vol. response"
"996","DTP, DTaP, or DT","","States","Kentucky","2021-22","87.1","59233","91.5",">=. ‡. §","NULL","Census"
"997","DTP, DTaP, or DT","","States","TX-City of Houston","2021-22","88.3","40123","99.3","‡. §","NULL","Census"
"998","DTP, DTaP, or DT","","States","Ohio","2021-22","88.5","139077","91.9","NULL","NULL","Census (pub.), vol. response (pvt.)"
"999","DTP, DTaP, or DT","","States","Maryland","2021-22","88.6","53866","98.4","‡","NULL","Census"
"1000","DTP, DTaP, or DT","","States","South Dakota","2021-22","93.2","12251","100","*","NULL","Census"
"1001","DTP, DTaP, or DT","","States","Texas","2021-22","93.7","389037","99.3","‡. §","NULL","Census"
"1002","DTP, DTaP, or DT","","States","New Mexico","2021-22","94","20736","100","*","NULL","Census"
"1003","DTP, DTaP, or DT","","States","Michigan","2021-22","94.1","114251","100","*","NULL","Census"
"1004","DTP, DTaP, or DT","","States","Mississippi","2021-22","98.6","36524","100",">=. *","NULL","Census"
"1005","DTP, DTaP, or DT","","States","Virginia","2021-22","98.3","95996","2.8","†","NULL","Stratified 2-stage cluster sample"
"1006","DTP, DTaP, or DT","","States","New York","2021-22","97.3","195377","99.3","NULL","NULL","Census"
"1007","DTP, DTaP, or DT","","States","Rhode Island","2021-22","97","11002","96.9","‡. §","NULL","Census"
"1008","DTP, DTaP, or DT","","States","Nebraska","2021-22","96.6","25018","99.5","‡","NULL","Census"
"1009","DTP, DTaP, or DT","","States","West Virginia","2021-22","96.5","18070","85.5","‡. §","NULL","Vol. response"
"1010","DTP, DTaP, or DT","","States","NY-City of New York","2021-22","96.5","82938","99.8","NULL","NULL","Census"
"1011","DTP, DTaP, or DT","","States","Delaware","2021-22","96.4","11181","9.5","‡","NULL","Stratified 2-stage cluster sample"
"1012","DTP, DTaP, or DT","","States","Illinois","2019-20","96.5","145891","100","*","NULL","Census"
"1013","DTP, DTaP, or DT","","States","Texas","2019-20","96.6","398680","99.6","‡.§","NULL","Census"
"1014","DTP, DTaP, or DT","","States","New Mexico","2019-20","96.7","23087","100","*","NULL","Census"
"1015","DTP, DTaP, or DT","","States","Pennsylvania","2019-20","96.8","140197","98.8","NULL","NULL","Census"
"1016","DTP, DTaP, or DT","","States","Nebraska","2019-20","96.9","26893","96.7","‡.‡‡","NULL","Census"
"1017","DTP, DTaP, or DT","","States","Louisiana","2019-20","97.2","59685","100","*","NULL","Census"
"1018","DTP, DTaP, or DT","","States","Massachusetts","2019-20","97.2","66756","100","*.‡","NULL","Census"
"1019","DTP, DTaP, or DT","","States","Rhode Island","2019-20","97.4","11219","98.5","*.‡.§","NULL","Census"
"1020","DTP, DTaP, or DT","","States","Virginia","2019-20","97.6","99399","1.2","†","NULL","Stratified 2-stage cluster sample"
"1021","DTP, DTaP, or DT","","States","New York","2019-20","97.8","234165","99.9","NULL","NULL","Census"
"1022","DTP, DTaP, or DT","","States","Maryland","2019-20","98.2","72443","98.3","‡","NULL","Census (public). voluntary response (private)"
"1023","DTP, DTaP, or DT","","States","West Virginia","2019-20","98.8","17114","49.6","¶","NULL","Voluntary response"
"1024","DTP, DTaP, or DT","","States","Mississippi","2019-20","99.1","37870","100","≥.*","NULL","Census"
"1025","DTP, DTaP, or DT","","States","District of Columbia","2019-20",NA,"NULL","NULL","NULL","NULL","Not Conducted"
"1026","DTP, DTaP, or DT","","States","Delaware","2019-20",NA,"NULL","NULL","NULL","NULL","Not Conducted"
"1027","DTP, DTaP, or DT","","States","North Carolina","2022-23","93.7","125679","83.1","§. ‡","NULL","Vol. response"
"1028","DTP, DTaP, or DT","","States","North Dakota","2022-23","91.8","10554","99.4","NULL","NULL","Census"
"1029","DTP, DTaP, or DT","","States","Illinois","2022-23","91.5","135332","100","*","NULL","Census"
"1030","DTP, DTaP, or DT","","States","Missouri","2022-23","91.1","69126","100","*","NULL","Census"
"1031","DTP, DTaP, or DT","","States","Oregon","2022-23","90.9","40963","100","*. ‡","NULL","Census"
"1032","DTP, DTaP, or DT","","States","TX-City of Houston","2022-23","90.7","37664","98.8","‡. §","NULL","Census (pub.), vol. response (pvt.)"
"1033","DTP, DTaP, or DT","","States","Arkansas","2022-23","90.6","38358","95.8","NULL","NULL","Census (pub.), vol. response (pvt.)"
"1034","DTP, DTaP, or DT","","States","Kentucky","2022-23","90.6","54742","96.9",">=. ‡. §","NULL","Census"
"1035","DTP, DTaP, or DT","","States","New Mexico","2022-23","94.7","21068","100","*","NULL","Census"
"1036","DTP, DTaP, or DT","","States","Tennessee","2022-23","94.8","79692","100","§. *","NULL","Census"
"1037","DTP, DTaP, or DT","","States","California","2022-23","95.6","541132","100","‡","NULL","Census"
"1038","DTP, DTaP, or DT","","States","West Virginia","2022-23","95.6","19175","86.1",">=. ‡. §","NULL","Vol. response (pub.), census (pvt.)"
"1039","DTP, DTaP, or DT","","States","Nebraska","2022-23","95.7","23176","100","*. ‡","NULL","Census"
"1040","DTP, DTaP, or DT","","States","Massachusetts","2022-23","96.2","66041","100","*. ‡","NULL","Census"
"1041","DTP, DTaP, or DT","","States","NY-City of New York","2022-23","96.3","85379","97.6","NULL","NULL","Census (pub.), vol. response (pvt.)"
"1042","DTP, DTaP, or DT","","States","Maine","2022-23","96.6","12403","93.9","NULL","NULL","Census"
"1043","DTP, DTaP, or DT","","States","Maryland","2022-23","96.9","59684","100","*. ‡","NULL","Census"
"1044","DTP, DTaP, or DT","","States","Rhode Island","2022-23","96.9","10532","96.5","‡. §","NULL","Census"
"1045","DTP, DTaP, or DT","","States","Montana","2020-21","91.9","11279","100","*","NULL","Census"
"1046","DTP, DTaP, or DT","","States","Oregon","2020-21","91.6","39568","100","*.‡","NULL","Census"
"1047","DTP, DTaP, or DT","","States","Hawaii","2020-21","91.3","13074","9.3","NULL","NULL","Stratified 2-stage cluster sample"
"1048","DTP, DTaP, or DT","","States","Utah","2020-21","91.1","46247","100","*","NULL","Census"
"1049","DTP, DTaP, or DT","","States","New Hampshire","2020-21","90.8","10242","57",">=. §","NULL","Voluntary response"
"1050","DTP, DTaP, or DT","","States","Kansas","2020-21","90.8","34687","32.7","†.‡.§","NULL","Stratified 2-stage cluster sample"
"1051","DTP, DTaP, or DT","","States","Oklahoma","2020-21","90.3","52656","90","‡.§","NULL","Census (public). voluntary response (private)"
"1052","DTP, DTaP, or DT","","States","Wyoming","2020-21","90.2","6923","100",">=.*","NULL","Census"
"1053","DTP, DTaP, or DT","","States","Colorado","2020-21","90.1","63619","97.3","NULL","NULL","Census"
"1054","DTP, DTaP, or DT","","States","Maryland","2020-21","89.7","65764","75.6","‡","NULL","Voluntary response"
"1055","DTP, DTaP, or DT","","States","Rhode Island","2020-21","96.8","10402","93","‡.§","NULL","Census"
"1056","DTP, DTaP, or DT","","States","NY-City of New York","2020-21","96.6","91920","94.2","NULL","NULL","Census (public). voluntary response (private)"
"1057","DTP, DTaP, or DT","","States","Tennessee","2020-21","96.4","73819","100","*.§","NULL","Census"
"1058","DTP, DTaP, or DT","","States","Nebraska","2020-21","96.1","25681","94.8","‡","NULL","Census (public). voluntary response (private)"
"1059","DTP, DTaP, or DT","","States","Pennsylvania","2020-21","95.9","129307","95","NULL","NULL","Census (public). voluntary response (private)"
"1060","DTP, DTaP, or DT","","States","Massachusetts","2020-21","95.7","60724","100","*.‡","NULL","Census"
"1061","DTP, DTaP, or DT","","States","New Mexico","2020-21","95.7","20589","100","*","NULL","Census"
"1062","DTP, DTaP, or DT","","States","Hawaii","2021-22","92.5","13368","6.7","NULL","NULL","Stratified 2-stage cluster sample"
"1063","DTP, DTaP, or DT","","States","Wyoming","2021-22","92.5","7382","100","*","NULL","Census"
"1064","DTP, DTaP, or DT","","States","Oregon","2021-22","92","41538","100","*. ‡","NULL","Census"
"1065","DTP, DTaP, or DT","","States","Illinois","2021-22","91.9","137699","100","*","NULL","Census"
"1066","DTP, DTaP, or DT","","States","Florida","2021-22","91.7","229432","97.8",">=. §","NULL","Census"
"1067","DTP, DTaP, or DT","","States","Nevada","2021-22","91.5","36855","99.2","NULL","NULL","Census (pub.), vol. response (pvt.)"
"1068","DTP, DTaP, or DT","","States","New Mexico","2023-24","94.8","20699","100","*","NULL","Census"
"1069","DTP, DTaP, or DT","","States","Nebraska","2023-24","95.2","23118","100","*. ‡","NULL","Census"
"1070","DTP, DTaP, or DT","","States","Tennessee","2023-24","94.6","79323","95.8","§","NULL","Census"
"1071","DTP, DTaP, or DT","","States","Kansas","2023-24","90.1","34178","37.1","†. ‡. §","NULL","Stratified 2-stage cluster sample"
"1072","DTP, DTaP, or DT","","States","Arizona","2023-24","89.4","74834","99.6","NULL","NULL","Census"
"1073","DTP, DTaP, or DT","","States","Hawaii","2023-24","89.4","13995","8.2","NULL","NULL","Stratified 2-stage cluster sample"
"1074","DTP, DTaP, or DT","","States","Ohio","2023-24","89.3","133716","94","NULL","NULL","Census (pub.), vol. response (prv.)"
"1075","DTP, DTaP, or DT","","States","Arizona","2024-25","88.7","75024","97.4","NULL","NULL","Census"
"1076","DTP, DTaP, or DT","","States","Arkansas","2024-25","88.5","37570","96.4","NULL","NULL","Census (pub.), vol. response (prv.)"
"1077","DTP, DTaP, or DT","","States","Maine","2021-22","96.3","12881","91.6","NULL","NULL","Census"
"1078","DTP, DTaP, or DT","","States","Louisiana","2021-22","96.2","66518","100","*","NULL","Census"
"1079","DTP, DTaP, or DT","","States","Massachusetts","2021-22","96.1","65582","100","*. ‡","NULL","Census"
"1080","DTP, DTaP, or DT","","States","North Carolina","2021-22","96","118191","78.5","§. ‡","NULL","Vol. response"
"1081","DTP, DTaP, or DT","","States","Connecticut","2021-22","96","35451","100","*","NULL","Census"
"1082","DTP, DTaP, or DT","","States","California","2021-22","95.7","512144","98.4","‡","NULL","Census"
"1083","DTP, DTaP, or DT","","States","Pennsylvania","2021-22","95.4","139558","94.9","NULL","NULL","Census (pub.), vol. response (pvt.)"
"1084","DTP, DTaP, or DT","","States","Tennessee","2021-22","95.2","79120","100","§. *","NULL","Census"
"1085","DTP, DTaP, or DT","","States","Alabama","2021-22","94.9","60332","100",">=. *","NULL","Census"
"1086","DTP, DTaP, or DT","","States","New Jersey","2021-22","94.1","104240","100",">=. §. *","NULL","Census"
"1087","DTP, DTaP, or DT","","States","Idaho","2021-22","83.5","23854","99.6","NULL","NULL","Census"
"1088","DTP, DTaP, or DT","","States","Georgia","2021-22","83.2","118742","100",">=. *","NULL","Census"
"1089","DTP, DTaP, or DT","","States","Wisconsin","2021-22","82.6","64275","96.8",">=. ‡","NULL","Census (pub.), vol. response (pvt.)"
"1090","DTP, DTaP, or DT","","States","District of Columbia","2021-22","82.2","8959","100","*","NULL","Census"
"1091","DTP, DTaP, or DT","","States","Alaska","2021-22","78","9790","76.2","¶","NULL","Vol. response (pub.), not conducted (pvt.)"
"1092","DTP, DTaP, or DT","","States","Vermont","2021-22","92.9","6126","100","*","NULL","Census"
"1093","DTP, DTaP, or DT","","States","New Hampshire","2022-23","89.4","11332","100",">=. §. *","NULL","Census"
"1094","DTP, DTaP, or DT","","States","Ohio","2022-23","89.4","134893","93.7","NULL","NULL","Census (pub.), vol. response (pvt.)"
"1095","DTP, DTaP, or DT","","States","Wyoming","2022-23","89.4","7060","100","*","NULL","Census"
"1096","DTP, DTaP, or DT","","States","Minnesota","2022-23","88.3","68152","97.9","NULL","NULL","Census"
"1097","DTP, DTaP, or DT","","States","Georgia","2022-23","88.1","123771","100",">=. *","NULL","Census"
"1098","DTP, DTaP, or DT","","States","Colorado","2022-23","87.2","65576","97.2","NULL","NULL","Census"
"1099","DTP, DTaP, or DT","","States","Hawaii","2022-23","87","13195","8.1","NULL","NULL","Stratified 2-stage cluster sample"
"1100","DTP, DTaP, or DT","","States","Wisconsin","2022-23","87","63593","93.9","‡","NULL","Census (pub.), vol. response (pvt.)"
"1101","DTP, DTaP, or DT","","States","District of Columbia","2022-23","85","8064","100","*","NULL","Census"
"1102","DTP, DTaP, or DT","","States","Alaska","2022-23","83.8","9650","88.8","¶","NULL","Vol. response (pub.), not conducted (pvt.)"
"1103","DTP, DTaP, or DT","","States","Indiana","2022-23","83","81307","87.5","§","NULL","Vol. response (pub.), census (pvt.)"
"1104","DTP, DTaP, or DT","","States","Idaho","2022-23","81","23721","99.3","NULL","NULL","Census"
"1105","DTP, DTaP, or DT","","States","Mississippi","2022-23","98.4","36048","100",">=. *","NULL","Census"
"1106","DTP, DTaP, or DT","","States","Virginia","2022-23","97.8","93271","1.6","†","NULL","Stratified 2-stage cluster sample"
"1107","DTP, DTaP, or DT","","States","Connecticut","2022-23","97.3","35580","100","*","NULL","Census"
"1108","DTP, DTaP, or DT","","States","New York","2022-23","97.2","205906","96.6","NULL","NULL","Census (pub.), vol. response (pvt.)"
"1109","DTP, DTaP, or DT","","States","Alabama","2022-23","93.9","59113","100",">=. *","NULL","Census"
"1110","DTP, DTaP, or DT","","States","Texas","2022-23","93.8","381680","98","‡. §","NULL","Census"
"1111","DTP, DTaP, or DT","","States","Delaware","2022-23","93.8","10674","9.7","‡","NULL","Stratified 2-stage cluster sample"
"1112","DTP, DTaP, or DT","","States","New York","2024-25","97.2","234054","85.1","NULL","NULL","Vol. response"
"1113","DTP, DTaP, or DT","","States","Illinois","2024-25","91.2","132769","99.5","NULL","NULL","Census"
"1114","DTP, DTaP, or DT","","States","Massachusetts","2025-26","96.4","65331","100","�","NULL","Census"
"1115","DTP, DTaP, or DT","","States","NY-City of New York","2025-26","95.8","82534","98.1","NULL","NULL","Census"
"1116","DTP, DTaP, or DT","","States","Delaware","2025-26","95.2","10729","12.9","NULL","NULL","2-stage cluster sample (pub.), nonrandom 2-stage cluster sample (prv.)"
"1117","DTP, DTaP, or DT","","States","California","2025-26","94.7","614405","100","*. �","NULL","Census"
"1118","DTP, DTaP, or DT","","States","Idaho","2025-26","74.8","21728","100","*","NULL","Census"
"1119","DTP, DTaP, or DT","","States","Florida","2022-23","90.6","230309","97.7",">=","NULL","Census"
"1120","DTP, DTaP, or DT","","States","Kansas","2022-23","90.5","35543","30.8","†. ‡. §","NULL","Stratified 1-stage cluster sample"
"1121","DTP, DTaP, or DT","","States","Washington","2022-23","90.1","86284","97.9","§","NULL","Census"
"1122","DTP, DTaP, or DT","","States","Oklahoma","2022-23","90","52548","89.5","‡","NULL","Census (pub.), vol. response (pvt.)"
"1123","DTP, DTaP, or DT","","States","Iowa","2022-23","89.9","39178","100",">=. *","NULL","Census"
"1124","DTP, DTaP, or DT","","States","Utah","2022-23","89.7","46635","100","*","NULL","Census"
"1125","DTP, DTaP, or DT","","States","Arizona","2022-23","89.6","80814","97.7","NULL","NULL","Census"
"1126","DTP, DTaP, or DT","","States","New Hampshire","2023-24","89.2","11871","100",">=. §. *","NULL","Census"
"1127","DTP, DTaP, or DT","","States","Iowa","2023-24","89.1","38611","100",">=. *","NULL","Census"
"1128","DTP, DTaP, or DT","","States","Oklahoma","2023-24","89","49979","93.8","‡","NULL","Census (pub.), vol. response (prv.)"
"1129","DTP, DTaP, or DT","","States","Utah","2023-24","88.5","46228","100","*","NULL","Census"
"1130","DTP, DTaP, or DT","","States","Georgia","2023-24","88.4","136943","100",">=. *","NULL","Census"
"1131","DTP, DTaP, or DT","","States","Florida","2023-24","88.1","228213","100",">=. *","NULL","Census"
"1132","DTP, DTaP, or DT","","States","Colorado","2023-24","87.9","61662","100","*","NULL","Census"
"1133","DTP, DTaP, or DT","","States","Minnesota","2023-24","87.4","66032","99.1","NULL","NULL","Census"
"1134","DTP, DTaP, or DT","","States","Wisconsin","2023-24","85.7","62028","98.2","‡. §","NULL","Census"
"1135","DTP, DTaP, or DT","","States","Alaska","2023-24","83.8","8644","88.9","¶","NULL","Census (pub.), not conducted (prv.)"
"1136","DTP, DTaP, or DT","","States","Indiana","2023-24","81.8","80639","88.5","§","NULL","Census (pub.), vol. response (prv.)"
"1137","DTP, DTaP, or DT","","States","Idaho","2023-24","79.5","22376","100","*","NULL","Census"
"1138","DTP, DTaP, or DT","","States","West Virginia","2023-24","98.4","18261","82.8","‡. §","NULL","Vol. response"
"1139","DTP, DTaP, or DT","","States","Connecticut","2023-24","97.6","36184","100","*","NULL","Census"
"1140","DTP, DTaP, or DT","","States","Mississippi","2023-24","97.5","36105","100",">=. *","NULL","Census"
"1141","DTP, DTaP, or DT","","States","Maine","2023-24","96.9","12087","93","NULL","NULL","Census"
"1142","DTP, DTaP, or DT","","States","Pennsylvania","2023-24","93.8","137593","96.5","NULL","NULL","Census"
"1143","DTP, DTaP, or DT","","States","Delaware","2023-24","93.8","11043","12.1",">=. ‡","NULL","Stratified 2-stage cluster sample"
"1144","DTP, DTaP, or DT","","States","North Carolina","2023-24","93.5","125964","90.8","§","NULL","Census (pub.), vol. response (prv.)"
"1145","DTP, DTaP, or DT","","States","TX-City of Houston","2023-24","93.4","37882","67.7","‡. §","NULL","Vol. response"
"1146","DTP, DTaP, or DT","","States","New Jersey","2023-24","93.2","105408","100",">=. §. *","NULL","Census"
"1147","DTP, DTaP, or DT","","States","Vermont","2023-24","92.7","5630","100","*","NULL","Census"
"1148","DTP, DTaP, or DT","","States","South Carolina","2023-24","92.3","58069","26.7","†","NULL","Stratified 1-stage cluster sample"
"1149","DTP, DTaP, or DT","","States","Wyoming","2023-24","92.2","6754","100","*","NULL","Census"
"1150","DTP, DTaP, or DT","","States","Michigan","2023-24","92.1","110156","100","*","NULL","Census"
"1151","DTP, DTaP, or DT","","States","District of Columbia","2023-24","92","7874","100","*","NULL","Census"
"1152","DTP, DTaP, or DT","","States","Alabama","2023-24","93.8","54565","100",">=. *","NULL","Census"
"1153","DTP, DTaP, or DT","","States","Texas","2023-24","94","381421","92.4","‡. §","NULL","Census (pub.), vol. response (prv.)"
"1154","DTP, DTaP, or DT","","States","Missouri","2023-24","90.5","69014","100","*","NULL","Census"
"1155","DTP, DTaP, or DT","","States","Oregon","2023-24","90.5","39568","100","*. ‡","NULL","Census"
"1156","DTP, DTaP, or DT","","States","North Dakota","2023-24","90.5","9708","97.5","NULL","NULL","Census"
"1157","DTP, DTaP, or DT","","States","Washington","2023-24","90.2","84053","97.2","§","NULL","Census"
"1158","Varicella","1 Dose (or disease history)","States","Maine","2009-10","95.9","14162","75.3","NULL","NULL","Voluntary response"
"1159","Varicella","1 Dose (or disease history)","States","Oregon","2009-10","95.2","44676","100","*","NULL","Census"
"1160","Varicella","1 Dose (or disease history)","States","Alabama","2009-10","94","75358","100","≥. *. **","NULL","Census"
"1161","DTP, DTaP, or DT","","States","TX-City of Houston","2024-25","88.3","36981","98.8","‡. §","NULL","Census (pub.), vol. response (prv.)"
"1162","DTP, DTaP, or DT","","States","Utah","2024-25","88.1","45818","100","*","NULL","Census"
"1163","DTP, DTaP, or DT","","States","Colorado","2024-25","87.4","60055","100","*. §","NULL","Census"
"1164","DTP, DTaP, or DT","","States","Minnesota","2024-25","87","64898","99.7","NULL","NULL","Census"
"1165","DTP, DTaP, or DT","","States","Georgia","2024-25","86.8","114568","100",">=. *","NULL","Census"
"1166","DTP, DTaP, or DT","","States","Kentucky","2024-25","86.2","51319","100","*. §","NULL","Census"
"1167","DTP, DTaP, or DT","","States","Wisconsin","2024-25","85.7","61120","95.7","‡. §","NULL","Census (pub.), vol. response (prv.)"
"1168","DTP, DTaP, or DT","","States","Alaska","2024-25","82.2","7338","99.8","¶","NULL","Census (pub.), not conducted (prv.)"
"1169","DTP, DTaP, or DT","","States","Indiana","2024-25","81.7","73744","92.7","§","NULL","Census (pub.), vol. response (prv.)"
"1170","DTP, DTaP, or DT","","States","Idaho","2024-25","78.3","22242","99.5","NULL","NULL","Census"
"1171","DTP, DTaP, or DT","","States","Virginia","2024-25","98.2","91453","1.7","†","NULL","Stratified 2-stage cluster sample"
"1172","DTP, DTaP, or DT","","States","Connecticut","2024-25","98.2","30112","100","*","NULL","Census"
"1173","DTP, DTaP, or DT","","States","Mississippi","2024-25","97.6","35293","100",">=. *","NULL","Census"
"1174","DTP, DTaP, or DT","","States","Maine","2024-25","97.3","11761","95.4","NULL","NULL","Census"
"1175","DTP, DTaP, or DT","","States","North Carolina","2024-25","94","124028","91","§","NULL","Census (pub.), vol. response (prv.)"
"1176","DTP, DTaP, or DT","","States","Tennessee","2024-25","94","78299","96.7","§","NULL","Census"
"1177","DTP, DTaP, or DT","","States","Vermont","2024-25","93.3","5432","100","*","NULL","Census"
"1178","DTP, DTaP, or DT","","States","Texas","2024-25","92.9","378860","97.3","‡. §","NULL","Census (pub.), vol. response (prv.)"
"1179","DTP, DTaP, or DT","","States","New Jersey","2024-25","92.8","104339","100",">=. *","NULL","Census"
"1180","DTP, DTaP, or DT","","States","Pennsylvania","2024-25","92.7","140160","95.3","NULL","NULL","Census (pub.), vol. response (prv.)"
"1181","DTP, DTaP, or DT","","States","Wyoming","2024-25","92.5","6564","100","*","NULL","Census"
"1182","DTP, DTaP, or DT","","States","Hawaii","2024-25","92","13804","10.5","NULL","NULL","Stratified 2-stage cluster sample"
"1183","DTP, DTaP, or DT","","States","South Carolina","2024-25","91.8","57718","34.3","†","NULL","Stratified 1-stage cluster sample"
"1184","DTP, DTaP, or DT","","States","Michigan","2024-25","91.6","107636","100","*. ‡","NULL","Census"
"1185","DTP, DTaP, or DT","","States","New Mexico","2024-25","94.5","20180","100","*","NULL","Census"
"1186","DTP, DTaP, or DT","","States","Delaware","2024-25","94.8","10393","14.2","‡","NULL","2-stage cluster sample (pub.), nonrandom 2-stage cluster sample (prv.)"
"1187","DTP, DTaP, or DT","","States","Alabama","2024-25","95","53589","99.9","NULL","NULL","Census"
"1188","DTP, DTaP, or DT","","States","California","2024-25","95.1","590849","100","*. ‡","NULL","Census"
"1189","DTP, DTaP, or DT","","States","Nebraska","2024-25","95.1","24102","100","*. ‡","NULL","Census"
"1190","DTP, DTaP, or DT","","States","Louisiana","2024-25","95.3","49229","100","*","NULL","Census"
"1191","DTP, DTaP, or DT","","States","NY-City of New York","2024-25","95.9","85986","96.9","NULL","NULL","Census (pub.), vol. response (prv.)"
"1192","DTP, DTaP, or DT","","States","Massachusetts","2024-25","96.3","65581","100","*. ‡","NULL","Census"
"1193","DTP, DTaP, or DT","","States","Maryland","2024-25","96.6","66135","95.6","‡","NULL","Census (pub.), vol. response (prv.)"
"1194","DTP, DTaP, or DT","","States","Rhode Island","2024-25","96.7","10088","96.7","‡. §","NULL","Census"
"1195","DTP, DTaP, or DT","","States","West Virginia","2025-26","99.1","15445","93.3","�. �","NULL","Census"
"1196","DTP, DTaP, or DT","","States","Connecticut","2025-26","98.4","33118","100","*","NULL","Census"
"1197","DTP, DTaP, or DT","","States","New York","2025-26","97.4","203514","95.8","NULL","NULL","Census (pub.), vol. response (prv.)"
"1198","DTP, DTaP, or DT","","States","Maine","2025-26","97.4","11634","94.4","NULL","NULL","Census"
"1199","DTP, DTaP, or DT","","States","Mississippi","2025-26","97","34969","100",">=. *","NULL","Census"
"1200","DTP, DTaP, or DT","","States","Maryland","2025-26","96.7","66945","97.8","�","NULL","Census (pub.), vol. response (prv.)"
"1201","DTP, DTaP, or DT","","States","Rhode Island","2025-26","96.4","10123","97.1","�","NULL","Census"
"1202","MMR","","States","Maine","2009-10","95.5","14162","75.3","NULL","NULL","Voluntary response"
"1203","DTP, DTaP, or DT","","States","Minnesota","2025-26","86.1","63451","99.9","NULL","NULL","Census"
"1204","DTP, DTaP, or DT","","States","Wisconsin","2025-26","86.4","59360","96.6","�. �","NULL","Census (pub.), vol. response (prv.)"
"1205","DTP, DTaP, or DT","","States","Utah","2025-26","86.6","44001","100","*","NULL","Census"
"1206","DTP, DTaP, or DT","","States","Colorado","2025-26","86.9","60049","100","*. �","NULL","Census"
"1207","DTP, DTaP, or DT","","States","Arizona","2025-26","87.4","73907","92.5","NULL","NULL","Census (pub.), vol. response (prv.)"
"1208","DTP, DTaP, or DT","","States","Oklahoma","2025-26","87.8","47844","90.7","NULL","NULL","Census (pub.), vol. response (prv.)"
"1209","DTP, DTaP, or DT","","States","North Dakota","2025-26","88.2","9344","98.6","NULL","NULL","Census"
"1210","DTP, DTaP, or DT","","States","New Hampshire","2025-26","88.2","11544","100",">=. *. �","NULL","Census"
"1211","DTP, DTaP, or DT","","States","Indiana","2025-26","88.4","70886","87.1","�","NULL","Vol. response"
"1212","DTP, DTaP, or DT","","States","Ohio","2025-26","88.5","129087","95.9","NULL","NULL","Census (pub.), vol. response (prv.)"
"1213","DTP, DTaP, or DT","","States","Oregon","2025-26","88.6","37309","100","*. �","NULL","Census"
"1214","DTP, DTaP, or DT","","States","South Dakota","2025-26","88.6","11009","100","*. �","NULL","Census"
"1215","DTP, DTaP, or DT","","States","Hawaii","2025-26","88.8","13791","11.7","NULL","NULL","Stratified 2-stage cluster sample"
"1216","DTP, DTaP, or DT","","States","Missouri","2025-26","88.8","66610","100","*","NULL","Census"
"1217","DTP, DTaP, or DT","","States","Florida","2025-26","88.9","213535","100",">=. *","NULL","Census"
"1218","DTP, DTaP, or DT","","States","Iowa","2025-26","88.9","37490","100",">=. *","NULL","Census"
"1219","DTP, DTaP, or DT","","States","Georgia","2025-26","89.1","118864","100",">=. *","NULL","Census"
"1220","DTP, DTaP, or DT","","States","Washington","2025-26","89.1","75631","99.1","�","NULL","Census"
"1221","DTP, DTaP, or DT","","States","Louisiana","2025-26","89.4","50223","100","*","NULL","Census"
"1222","DTP, DTaP, or DT","","States","Alaska","2025-26","89.7","8253","60.9","�","NULL","Vol. response (public), not conducted (private)"
"1223","DTP, DTaP, or DT","","States","Arkansas","2025-26","90","35543","96.7","NULL","NULL","Census (pub.), vol. response (prv.)"
"1224","DTP, DTaP, or DT","","States","Nevada","2025-26","90","32815","93.6","NULL","NULL","Census (pub.), vol. response (prv.)"
"1225","DTP, DTaP, or DT","","States","Kentucky","2025-26","90.3","49937","100","*. �","NULL","Census"
"1226","DTP, DTaP, or DT","","States","Michigan","2025-26","90.8","104614","100","*. �","NULL","Census"
"1227","DTP, DTaP, or DT","","States","Wyoming","2025-26","91.5","6146","100","*","NULL","Census"
"1228","DTP, DTaP, or DT","","States","TX-City of Houston","2025-26","91.6","36071","94.6","�. �","NULL","Census (pub.), vol. response (prv.)"
"1229","DTP, DTaP, or DT","","States","Illinois","2025-26","92","128598","99.8","NULL","NULL","Census"
"1230","DTP, DTaP, or DT","","States","New Jersey","2025-26","92.5","101602","92.3",">=. �","NULL","Census"
"1231","DTP, DTaP, or DT","","States","Arkansas","2023-24","91.4","37535","95.4","NULL","NULL","Census (pub.), vol. response (prv.)"
"1232","DTP, DTaP, or DT","","States","Illinois","2023-24","91.2","133578","100","*","NULL","Census"
"1233","DTP, DTaP, or DT","","States","Nevada","2023-24","91.1","31261","91.3","NULL","NULL","Census"
"1234","DTP, DTaP, or DT","","States","Kentucky","2023-24","91","52609","100",">=. *. ‡. §","NULL","Census"
"1235","DTP, DTaP, or DT","","States","South Dakota","2023-24","90.6","11744","99.8","§","NULL","Census"
"1236","DTP, DTaP, or DT","","States","Louisiana","2023-24","90.5","51839","100","*","NULL","Census"
"1237","Varicella","1 Dose (or disease history)","States","Arkansas","2009-10","98.3","34733","100","*","NULL","Census"
"1238","Varicella","1 Dose (or disease history)","States","Connecticut","2009-10","98.4","46158","100","*","NULL","Census"
"1239","Varicella","1 Dose (or disease history)","States","New York","2009-10","98.4","229273","100","*","NULL","Census"
"1240","Varicella","1 Dose (or disease history)","States","Massachusetts","2009-10","98.6","74476","100","*","NULL","Census"
"1241","Varicella","1 Dose (or disease history)","States","Missouri","2009-10","98.8","75958","3","NULL","NULL","Random sample"
"1242","Varicella","1 Dose (or disease history)","States","Utah","2009-10","99.3","49957","100","*","NULL","Census"
"1243","Varicella","1 Dose (or disease history)","States","Maryland","2009-10","99.5","75061","75","NULL","NULL","Voluntary response"
"1244","Varicella","1 Dose (or disease history)","States","Ohio","2009-10","91.2","131137","100","*","NULL","Census"
"1245","Varicella","1 Dose (or disease history)","States","South Carolina","2009-10","91","53725","10.2","NULL","NULL","Random sample"
"1246","Varicella","1 Dose (or disease history)","States","Nevada","2009-10","76.5","35209","5.6","NULL","NULL","Random sample"
"1247","Varicella","1 Dose (or disease history)","States","Texas","2009-10",NA,"381425","98.3","NULL","NULL","Census"
"1248","Varicella","1 Dose (or disease history)","States","West Virginia","2009-10",NA,"22730","86.7","NULL","NULL","Voluntary response"
"1249","Varicella","1 Dose (or disease history)","States","South Dakota","2009-10",NA,"11499","100","*","NULL","Census"
"1250","Varicella","1 Dose (or disease history)","States","Wisconsin","2009-10",NA,"61095","2.3","¶","NULL","Random sample"
"1251","Varicella","1 Dose (or disease history)","States","Vermont","2009-10",NA,"6713","100","*","NULL","Census"
"1252","Exemption","Non-Medical Exemption","States","Iowa","2017-18","1.8","39632","NULL","†","694","Census"
"1253","Exemption","Non-Medical Exemption","States","Oklahoma","2017-18","1.8","53898","NULL","NULL","991","Census (public). voluntary response (private)"
"1254","Exemption","Non-Medical Exemption","States","North Carolina","2017-18","1.8","127197","NULL","†","2323","Census"
"1255","Exemption","Non-Medical Exemption","States","Texas","2017-18","1.8","387981","NULL","||","7044","Census"
"1256","Exemption","Non-Medical Exemption","States","South Carolina","2017-18","1.8","58458","NULL","†","1028","Stratified 1-stage cluster sample"
"1257","Exemption","Non-Medical Exemption","States","Arkansas","2017-18","1.6","39630","NULL","NULL","641","Census"
"1258","Exemption","Non-Medical Exemption","States","New Mexico","2017-18","1.5","26896","NULL","†","394","Stratified 2-stage cluster sample"
"1259","Exemption","Non-Medical Exemption","States","Nebraska","2017-18","1.5","26313","NULL","†.§§","394","Census"
"1260","Exemption","Non-Medical Exemption","States","Tennessee","2017-18","1.4","78743","NULL","†","1085","Census"
"1261","Exemption","Non-Medical Exemption","States","Kansas","2017-18","1.4","38484","NULL","†","544","Stratified 2-stage cluster sample"
"1262","Exemption","Non-Medical Exemption","States","Illinois","2017-18","1.4","144858","NULL","§","2028","Census"
"1263","Exemption","Non-Medical Exemption","States","Delaware","2017-18","1.3","10988","NULL","†","148","Stratified 2-stage cluster sample"
"1264","Exemption","Non-Medical Exemption","States","Virginia","2017-18","1.1","100581","NULL","†","1125","Stratified 2-stage cluster sample"
"1265","DTP, DTaP, or DT","","States","Kansas","2024-25","90.8","33892","29.2","†. ‡. §","NULL","Stratified 2-stage cluster sample"
"1266","DTP, DTaP, or DT","","States","Nevada","2024-25","90.3","33272","92.6","NULL","NULL","Census (pub.), vol. response (prv.)"
"1267","DTP, DTaP, or DT","","States","District of Columbia","2024-25","90.3","7997","100","*","NULL","Census"
"1268","DTP, DTaP, or DT","","States","Missouri","2024-25","90","68163","100","*","NULL","Census"
"1269","DTP, DTaP, or DT","","States","North Dakota","2024-25","89.7","9659","98.8","NULL","NULL","Census"
"1270","DTP, DTaP, or DT","","States","Washington","2024-25","89.7","76756","97.9","NULL","NULL","Census"
"1271","DTP, DTaP, or DT","","States","Oregon","2024-25","89.6","38247","100","*. ‡","NULL","Census"
"1272","DTP, DTaP, or DT","","States","South Dakota","2024-25","89.6","11367","99.3","§","NULL","Census"
"1273","DTP, DTaP, or DT","","States","Oklahoma","2024-25","89.5","47544","86.7","‡","NULL","Vol. response"
"1274","DTP, DTaP, or DT","","States","New Hampshire","2024-25","89.2","11713","100",">=. *. §","NULL","Census"
"1275","DTP, DTaP, or DT","","States","Ohio","2024-25","88.8","131589","93.2","NULL","NULL","Census (pub.), vol. response (prv.)"
"1276","DTP, DTaP, or DT","","States","Iowa","2024-25","88.8","38268","100",">=. *","NULL","Census"
"1277","DTP, DTaP, or DT","","States","Florida","2024-25","88.8","221053","100",">=. *","NULL","Census"
"1278","MMR","","States","Iowa","2009-10","84.5","42698","100","≥","NULL","Census"
"1279","MMR","","States","Pennsylvania","2009-10","86.9","149656","100","*","NULL","Census"
"1280","MMR","","States","Idaho","2009-10","87","22624","100","*","NULL","Census"
"1281","MMR","","States","South Carolina","2009-10","87.2","53725","10.2","NULL","NULL","Random sample"
"1282","MMR","","States","Ohio","2009-10","88.6","131137","100","*","NULL","Census"
"1283","MMR","","States","Delaware","2009-10","89.7","11327","9.2","NULL","NULL","Random sample"
"1284","MMR","","States","Kansas","2009-10","90.9","39073","39.1","†","NULL","Stratified 1-stage sample  (Public);  Census (Private)"
"1285","MMR","","States","West Virginia","2009-10","91.2","22730","86.7","NULL","NULL","Voluntary response"
"1286","MMR","","States","Florida","2009-10","91.3","218630","100","≥. * .§","NULL","Census"
"1287","MMR","","States","South Dakota","2009-10","96.8","11499","100","*","NULL","Census"
"1288","MMR","","States","Louisiana","2009-10","96.9","53846","100","*","NULL","Census"
"1289","MMR","","States","Missouri","2009-10","97.3","75958","3","NULL","NULL","Random sample"
"1290","MMR","","States","Oklahoma","2009-10","97.3","51128","88.9","NULL","NULL","Voluntary response"
"1291","MMR","","States","Tennessee","2009-10","97.4","90811","88.1","≥","NULL","Voluntary response"
"1292","MMR","","States","Nebraska","2009-10","97.5","29607","96.4","NULL","NULL","Census"
"1293","MMR","","States","New Mexico","2009-10","97.6","26318","2.2","NULL","NULL","Random sample"
"1294","MMR","","States","New York","2009-10","97.6","229273","100","*","NULL","Census"
"1295","MMR","","States","Illinois","2009-10","94.5","165845","100","NULL","NULL","Census"
"1296","MMR","","States","Nevada","2009-10","94.5","35209","5.6","NULL","NULL","Random sample"
"1297","MMR","","States","Arizona","2009-10","95","89287","93.9","NULL","NULL","Census"
"1298","MMR","","States","Minnesota","2009-10","95.1","70653","100","*","NULL","Census"
"1299","DTP, DTaP, or DT","","States","Texas","2025-26","92.8","358586","98.3","�. �","NULL","Census (pub.), vol. response (prv.)"
"1300","DTP, DTaP, or DT","","States","Pennsylvania","2025-26","92.9","134313","95.7","NULL","NULL","Census (pub.), vol. response (prv.)"
"1301","DTP, DTaP, or DT","","States","Vermont","2025-26","93.3","5298","100","*","NULL","Census"
"1302","DTP, DTaP, or DT","","States","North Carolina","2025-26","93.4","120045","90.1","�","NULL","Census (pub.), vol. response (prv.)"
"1303","DTP, DTaP, or DT","","States","South Carolina","2025-26","93.5","57542","26.2","�","NULL","Stratified 1-stage cluster sample"
"1304","DTP, DTaP, or DT","","States","Virginia","2025-26","93.6","88950","95.7","NULL","NULL","Census"
"1305","DTP, DTaP, or DT","","States","District of Columbia","2025-26","93.6","7871","100","*","NULL","Census"
"1306","DTP, DTaP, or DT","","States","Alabama","2025-26","94","53378","100","*","NULL","Census"
"1307","DTP, DTaP, or DT","","States","Tennessee","2025-26","94.1","73415","97.4","�","NULL","Census"
"1308","DTP, DTaP, or DT","","States","Nebraska","2025-26","94.4","23807","100","*. �","NULL","Census"
"1309","DTP, DTaP, or DT","","States","New Mexico","2025-26","94.7","19843","100","*. �","NULL","Census"
"1310","DTP, DTaP, or DT","","States","Kansas","2025-26",NA,"NULL","NULL","NULL","NULL","Stratified 2-stage cluster sample"
"1311","Varicella","1 Dose (or disease history)","States","Indiana","2009-10","96","84390","94.7","NULL","NULL","Census"
"1312","Varicella","1 Dose (or disease history)","States","Illinois","2009-10","96.5","165845","100","NULL","NULL","Census"
"1313","Varicella","1 Dose (or disease history)","States","California","2009-10","96.6","507191","100","*","NULL","Census"
"1314","Varicella","1 Dose (or disease history)","States","Nebraska","2009-10","97.2","29607","96.4","NULL","NULL","Census"
"1315","Varicella","1 Dose (or disease history)","States","Michigan","2009-10","97.3","129810","100","*","NULL","Census"
"1316","Varicella","1 Dose (or disease history)","States","Tennessee","2009-10","97.4","90811","88.1","≥","NULL","Voluntary response"
"1317","Varicella","1 Dose (or disease history)","States","Arizona","2009-10","97.5","89287","93.9","NULL","NULL","Census"
"1318","Varicella","1 Dose (or disease history)","States","Virginia","2009-10","98.3","100891","4.4","NULL","NULL","Random sample"
"1319","MMR","","States","Iowa","2010-11",NA,"NULL","NULL","NULL","NULL",NA
"1320","MMR","","States","Indiana","2010-11",NA,"NULL","NULL","NULL","NULL",NA
"1321","MMR","","States","Illinois","2010-11",NA,"NULL","NULL","NULL","NULL",NA
"1322","MMR","","States","Idaho","2010-11",NA,"NULL","NULL","NULL","NULL",NA
"1323","MMR","","States","Hawaii","2010-11",NA,"NULL","NULL","NULL","NULL",NA
"1324","MMR","","States","Georgia","2010-11",NA,"NULL","NULL","NULL","NULL",NA
"1325","MMR","","States","Florida","2010-11",NA,"NULL","NULL","NULL","NULL",NA
"1326","MMR","","States","District of Columbia","2010-11",NA,"NULL","NULL","NULL","NULL",NA
"1327","MMR","","States","Delaware","2010-11",NA,"NULL","NULL","NULL","NULL",NA
"1328","MMR","","States","Connecticut","2010-11",NA,"NULL","NULL","NULL","NULL",NA
"1329","MMR","","States","Colorado","2010-11",NA,"NULL","NULL","NULL","NULL",NA
"1330","Varicella","1 Dose (or disease history)","States","Oklahoma","2009-10","99.7","51128","88.9","NULL","NULL","Voluntary response"
"1331","MMR","","States","Nebraska","2010-11",NA,"NULL","NULL","NULL","NULL",NA
"1332","MMR","","States","Nevada","2010-11",NA,"NULL","NULL","NULL","NULL",NA
"1333","MMR","","States","New Hampshire","2010-11",NA,"NULL","NULL","NULL","NULL",NA
"1334","MMR","","States","New Jersey","2010-11",NA,"NULL","NULL","NULL","NULL",NA
"1335","MMR","","States","New Mexico","2010-11",NA,"NULL","NULL","NULL","NULL",NA
"1336","MMR","","States","New York","2010-11",NA,"NULL","NULL","NULL","NULL",NA
"1337","MMR","","States","North Carolina","2010-11",NA,"NULL","NULL","NULL","NULL",NA
"1338","MMR","","States","North Dakota","2010-11",NA,"NULL","NULL","NULL","NULL",NA
"1339","MMR","","States","Ohio","2010-11",NA,"NULL","NULL","NULL","NULL",NA
"1340","MMR","","States","Oklahoma","2010-11",NA,"NULL","NULL","NULL","NULL",NA
"1341","MMR","","States","Oregon","2010-11",NA,"NULL","NULL","NULL","NULL",NA
"1342","MMR","","States","Pennsylvania","2010-11",NA,"NULL","NULL","NULL","NULL",NA
"1343","MMR","","States","Rhode Island","2010-11",NA,"NULL","NULL","NULL","NULL",NA
"1344","MMR","","States","South Carolina","2010-11",NA,"NULL","NULL","NULL","NULL",NA
"1345","MMR","","States","South Dakota","2010-11",NA,"NULL","NULL","NULL","NULL",NA
"1346","MMR","","States","Tennessee","2010-11",NA,"NULL","NULL","NULL","NULL",NA
"1347","MMR","","States","Texas","2010-11",NA,"NULL","NULL","NULL","NULL",NA
"1348","MMR","","States","Utah","2010-11",NA,"NULL","NULL","NULL","NULL",NA
"1349","MMR","","States","Vermont","2010-11",NA,"NULL","NULL","NULL","NULL",NA
"1350","MMR","","States","Utah","2009-10","97.7","49957","100","*","NULL","Census"
"1351","MMR","","States","Texas","2009-10","98.1","381425","98.3","NULL","NULL","Census"
"1352","MMR","","States","Arkansas","2009-10","98.3","34733","100","*","NULL","Census"
"1353","MMR","","States","Connecticut","2009-10","98.5","46158","100","*","NULL","Census"
"1354","MMR","","States","Maryland","2009-10","98.9","75061","75","NULL","NULL","Voluntary response"
"1355","MMR","","States","Georgia","2009-10","99.6","141949","1.2","NULL","NULL","Random sample"
"1356","MMR","","States","Mississippi","2009-10","99.7","46922","100","≥. *","NULL","Census"
"1357","MMR","","States","Hawaii","2009-10",NA,"18427","6.4","NULL","NULL","Random sample"
"1358","MMR","","States","District of Columbia","2009-10",NA,"6092","100","*","NULL","Census"
"1359","MMR","","States","North Carolina","2009-10",NA,"116087","96","NULL","NULL","Census"
"1360","MMR","","States","Colorado","2009-10",NA,"NULL","NULL","NULL","NULL","Not conducted"
"1361","MMR","","States","Alaska","2009-10",NA,"9641","76.4","NULL","NULL","Voluntary response"
"1362","MMR","","States","Wyoming","2009-10",NA,"NULL","NULL","NULL","NULL","Not conducted"
"1363","MMR","","States","New Jersey","2009-10",NA,"118347","95.1","NULL","NULL","Census"
"1364","MMR","","States","New Hampshire","2009-10",NA,"NULL","NULL","NULL","NULL","Not conducted"
"1365","MMR","","States","Texas","2011-12","99.3","388178","100","*","NULL","Census"
"1366","MMR","","States","New Hampshire","2011-12",NA,"13022","100","*","NULL","Census"
"1367","MMR","","States","New Jersey","2011-12",NA,"118669","96.6","NULL","NULL","Census"
"1368","MMR","","States","North Carolina","2011-12",NA,"128854","95.4","NULL","NULL","Census"
"1369","MMR","","States","Hawaii","2011-12",NA,"19443","7.7","NULL","NULL","2-stage Cluster Sample"
"1370","MMR","","States","District of Columbia","2011-12",NA,"6854","100","*","NULL","Census"
"1371","MMR","","States","Alaska","2011-12",NA,"10286","7.3","NULL","NULL","Non-random Cluster Sample"
"1372","MMR","","States","Wyoming","2011-12",NA,"NULL","NULL","NULL","NULL","Not conducted"
"1373","MMR","","States","Colorado","2011-12","86.8","70142","0.5","NULL","NULL","Simple Random Sample"
"1374","MMR","","States","Washington","2009-10","91.7","81511","93.3","NULL","NULL","Census"
"1375","MMR","","States","Michigan","2009-10","95.3","129810","100","*","NULL","Census"
"1376","MMR","","States","Montana","2009-10","95.5","12335","98.8","NULL","NULL","Census"
"1377","MMR","","States","Washington","2011-12","91.8","85134","89.1","NULL","NULL","Voluntary Response"
"1378","MMR","","States","West Virginia","2011-12","92","22449","94.9","NULL","NULL","Convenient"
"1379","MMR","","States","Kentucky","2011-12","92","58185","91.8","NULL","NULL","Census"
"1380","MMR","","States","Florida","2011-12","92.6","225532","100","≥. * .§","NULL","Census"
"1381","MMR","","States","Vermont","2011-12","92.9","6548","100","*","NULL","Census"
"1382","MMR","","States","Maine","2011-12","93","13829","97","NULL","NULL","Census"
"1383","MMR","","States","Virginia","2011-12","93","101121","4.3","NULL","NULL","2-stage Cluster Sample"
"1384","MMR","","States","Wisconsin","2011-12","93.1","70672","2.3","NULL","NULL","2-stage Cluster Sample"
"1385","MMR","","States","California","2011-12","93.2","542544","97.6","NULL","NULL","Census"
"1386","MMR","","States","Indiana","2011-12","93.3","83416","67.5","NULL","NULL","Voluntary Response"
"1387","MMR","","States","Alabama","2011-12","93.6","73190","100","≥. * .**","NULL","Census"
"1388","MMR","","States","Oregon","2011-12","94","45855","100","*","NULL","Census"
"1389","MMR","","States","Vermont","2009-10","91.8","6713","100","*","NULL","Census"
"1390","MMR","","States","Rhode Island","2009-10","92.1","11818","11.6","NULL","NULL","Random sample"
"1391","MMR","","States","Virginia","2009-10","92.1","100891","4.4","NULL","NULL","Random sample"
"1392","MMR","","States","North Dakota","2009-10","92.2","8323","6","¶","NULL","Random sample"
"1393","MMR","","States","Kentucky","2009-10","92.2","56526","92.9","NULL","NULL","Census"
"1394","MMR","","States","Indiana","2009-10","92.8","84390","94.7","NULL","NULL","Census"
"1395","MMR","","States","Massachusetts","2009-10","93","74476","100","*","NULL","Census"
"1396","MMR","","States","California","2009-10","93.6","507191","100","*","NULL","Census"
"1397","MMR","","States","Alabama","2009-10","94","75358","100","≥. *. **","NULL","Census"
"1398","MMR","","States","Wisconsin","2009-10","94.2","61095","2.3","¶","NULL","Random sample"
"1399","MMR","","States","Oregon","2009-10","94.4","44676","100","*","NULL","Census"
"1400","MMR","","States","Minnesota","2010-11",NA,"NULL","NULL","NULL","NULL",NA
"1401","MMR","","States","Michigan","2010-11",NA,"NULL","NULL","NULL","NULL",NA
"1402","MMR","","States","Massachusetts","2010-11",NA,"NULL","NULL","NULL","NULL",NA
"1403","MMR","","States","Maryland","2010-11",NA,"NULL","NULL","NULL","NULL",NA
"1404","MMR","","States","Maine","2010-11",NA,"NULL","NULL","NULL","NULL",NA
"1405","MMR","","States","Louisiana","2010-11",NA,"NULL","NULL","NULL","NULL",NA
"1406","MMR","","States","Kentucky","2010-11",NA,"NULL","NULL","NULL","NULL",NA
"1407","MMR","","States","Kansas","2010-11",NA,"NULL","NULL","NULL","NULL",NA
"1408","MMR","","States","Iowa","2012-13","90.5","41701","99.9","≥","NULL","Census"
"1409","MMR","","States","South Carolina","2012-13","90.9","61799","17.9","≥","NULL","1-Stage Cluster Sample"
"1410","MMR","","States","Maine","2012-13","91.3","14313","94.6","‡","NULL","Census"
"1411","MMR","","States","Washington","2012-13","91.7","87773","94.7","NULL","NULL","Census"
"1412","MMR","","States","Florida","2012-13","92.1","234628","100","≥. *. §","NULL","Census"
"1413","MMR","","States","Kentucky","2012-13","92.4","58466","97.2","‡","NULL","Census"
"1414","MMR","","States","California","2012-13","92.7","535523","99","‡","NULL","Census"
"1415","MMR","","States","Alabama","2012-13","92.8","72929","100","≥. * . ‡. **","NULL","Census"
"1416","MMR","","States","California","2010-11",NA,"NULL","NULL","NULL","NULL",NA
"1417","MMR","","States","Arkansas","2010-11",NA,"NULL","NULL","NULL","NULL",NA
"1418","MMR","","States","Arizona","2010-11",NA,"NULL","NULL","NULL","NULL",NA
"1419","MMR","","States","Alaska","2010-11",NA,"NULL","NULL","NULL","NULL",NA
"1420","MMR","","States","Alabama","2010-11",NA,"NULL","NULL","NULL","NULL",NA
"1421","MMR","","States","Rhode Island","2012-13","94.2","12552","75.2","‡","NULL","Voluntary Response"
"1422","MMR","","States","Virginia","2010-11",NA,"NULL","NULL","NULL","NULL",NA
"1423","MMR","","States","Washington","2010-11",NA,"NULL","NULL","NULL","NULL",NA
"1424","MMR","","States","West Virginia","2010-11",NA,"NULL","NULL","NULL","NULL",NA
"1425","MMR","","States","Wisconsin","2010-11",NA,"NULL","NULL","NULL","NULL",NA
"1426","MMR","","States","Wyoming","2010-11",NA,"NULL","NULL","NULL","NULL",NA
"1427","MMR","","States","Montana","2010-11",NA,"NULL","NULL","NULL","NULL",NA
"1428","MMR","","States","Missouri","2010-11",NA,"NULL","NULL","NULL","NULL",NA
"1429","MMR","","States","Mississippi","2010-11",NA,"NULL","NULL","NULL","NULL",NA
"1430","MMR","","States","Arkansas","2011-12","94.9","38754","92.2","NULL","NULL","Census"
"1431","MMR","","States","Oklahoma","2011-12","95","52987","90.9","¶","NULL","Census"
"1432","MMR","","States","Montana","2011-12","95","12128","100","*","NULL","Census"
"1433","MMR","","States","Michigan","2011-12","95","124962","100","*","NULL","Census"
"1434","MMR","","States","Nevada","2011-12","95.3","36557","5.2","NULL","NULL","2-stage Cluster Sample"
"1435","MMR","","States","Minnesota","2011-12","95.7","71213","99.2","NULL","NULL","Census"
"1436","MMR","","States","New Mexico","2011-12","95.7","29159","2","NULL","NULL","2-stage Cluster Sample"
"1437","MMR","","States","Ohio","2011-12","96.1","146144","94.5","NULL","NULL","Convenient"
"1438","MMR","","States","Georgia","2011-12","96.6","143065","1.9","NULL","NULL","2-stage Cluster Sample"
"1439","MMR","","States","Missouri","2011-12","96.8","75240","4.7","NULL","NULL","2-stage Cluster Sample"
"1440","MMR","","States","Delaware","2011-12","96.9","11327","7.4","≥","NULL","2-stage Cluster Sample"
"1441","MMR","","States","New York","2011-12","96.9","236016","100","*","NULL","Census"
"1442","MMR","","States","Illinois","2011-12","97.3","163311","100","*","NULL","Census"
"1443","MMR","","States","Tennessee","2011-12","97.3","83950","99.9","≥","NULL","Census"
"1444","MMR","","States","Connecticut","2011-12","97.4","45695","100","*","NULL","Census"
"1445","MMR","","States","South Dakota","2011-12","97.4","12127","100","*","NULL","Census"
"1446","MMR","","States","Utah","2011-12","98","53800","100","*","NULL","Census"
"1447","MMR","","States","Louisiana","2011-12","98.1","69013","100","*","NULL","Census"
"1448","MMR","","States","Maryland","2011-12","98.7","72957","67.2","NULL","NULL","Voluntary Response"
"1449","MMR","","States","Nebraska","2011-12","99","26715","96.6","NULL","NULL","Census"
"1450","MMR","","States","Mississippi","2011-12","99.2","44912","100","≥. *","NULL","Census"
"1451","MMR","","States","Montana","2013-14","93.7","12855","95.4","NULL","NULL","Census"
"1452","MMR","","States","Arizona","2013-14","93.9","89606","95.8","NULL","NULL","Census"
"1453","MMR","","States","Georgia","2013-14","94","143988","100","≥. *","NULL","Census"
"1454","MMR","","States","Alaska","2013-14","94.4","10222","9.3","†","NULL","Stratified  2-stage cluster sample"
"1455","MMR","","States","New Hampshire","2013-14","94.7","13240","100","≥. *","NULL","Census"
"1456","MMR","","States","Massachusetts","2011-12","94.2","79551","97.5","NULL","NULL","Census"
"1457","MMR","","States","Pennsylvania","2011-12","86.9","148042","99","NULL","NULL","Census"
"1458","MMR","","States","Kansas","2011-12","88.2","38402","52.7","†","NULL","Stratified 1-stage sample  (Public);  Census (Private)"
"1459","MMR","","States","Idaho","2011-12","89.2","22762","100","*","NULL","Census"
"1460","MMR","","States","North Dakota","2011-12","90.6","8412","5.8","¶","NULL","Convenient"
"1461","MMR","","States","Iowa","2011-12","91.1","40978","100","≥. *","NULL","Census"
"1462","MMR","","States","Rhode Island","2011-12","91.7","12552","13.9","NULL","NULL","2-stage Cluster Sample"
"1463","MMR","","States","Indiana","2012-13","95.4","86983","83.4","NULL","NULL","Voluntary Response"
"1464","MMR","","States","Illinois","2012-13","95.5","166884","100","*","NULL","Census"
"1465","MMR","","States","Delaware","2012-13","95.7","11997","7.8","≥","NULL","2-stage Cluster Sample"
"1466","MMR","","States","Nebraska","2012-13","96","24999","96.6","‡","NULL","Census"
"1467","MMR","","States","Ohio","2012-13","96.3","163687","86.9","NULL","NULL","Census"
"1468","MMR","","States","Minnesota","2012-13","96.3","73310","100","*. ‡","NULL","Census"
"1469","MMR","","States","West Virginia","2012-13","96.3","22588","86.5","NULL","NULL","Voluntary Response"
"1470","MMR","","States","Utah","2012-13","96.3","54605","100","*","NULL","Census"
"1471","MMR","","States","New York","2012-13","96.6","239484","100","*. ‡","NULL","Census"
"1472","MMR","","States","Louisiana","2012-13","96.6","68874","100","*","NULL","Census"
"1473","MMR","","States","Missouri","2012-13","96.7","78416","5.9","NULL","NULL","2-stage Cluster Sample"
"1474","MMR","","States","New Jersey","2012-13","97","122516","96.7","≥. ‡","NULL","Census"
"1475","MMR","","States","Connecticut","2012-13","97.1","41604","100","*","NULL","Census"
"1476","MMR","","States","Texas","2012-13","97.5","414688","96.6","‡","NULL","Census"
"1477","MMR","","States","Wyoming","2012-13","97.5","8133","100","* .¶","NULL","Census"
"1478","MMR","","States","South Dakota","2012-13","97.9","12468","100","*","NULL","Census"
"1479","MMR","","States","Maryland","2012-13","98.2","75007","84.3","‡","NULL","Voluntary Response"
"1480","MMR","","States","Mississippi","2012-13","99.9","46595","100","≥. *","NULL","Census"
"1481","MMR","","States","New Hampshire","2012-13",NA,"12943","99.2","NULL","NULL","Census"
"1482","MMR","","States","Hawaii","2012-13",NA,"20104","6.7","NULL","NULL","2-stage Cluster Sample"
"1483","MMR","","States","Alaska","2012-13",NA,"10319","97.8","NULL","NULL","Census"
"1484","MMR","","States","District of Columbia","2012-13",NA,"7842","100","*","NULL","Census"
"1485","MMR","","States","North Carolina","2012-13",NA,"130612","97.3","NULL","NULL","Census"
"1486","MMR","","States","Colorado","2012-13","85.7","70657","0.5","NULL","NULL","Simple Random Sample"
"1487","MMR","","States","Arkansas","2012-13","85.9","43212","96.3","‡","NULL","Census"
"1488","MMR","","States","Pennsylvania","2012-13","87","151364","97.5","NULL","NULL","Census"
"1489","MMR","","States","Idaho","2012-13","88.4","23888","100","*","NULL","Census"
"1490","MMR","","States","North Dakota","2012-13","89.9","9503","4.9","NULL","NULL","2-stage Cluster Sample"
"1491","MMR","","States","Kansas","2012-13","90","40738","31.8","†. ‡","NULL","Stratified 1-stage sample  (Public);  Census (Private)"
"1492","MMR","","States","Oklahoma","2012-13","90.5","56943","95.5","NULL","NULL","Census"
"1493","MMR","","States","Tennessee","2013-14","94.9","80212","99.8","≥","NULL","Census"
"1494","MMR","","States","Rhode Island","2013-14","95.1","11521","99.1","‡","NULL","Census"
"1495","MMR","","States","Massachusetts","2013-14","95.1","79894","97.9","‡","NULL","Census"
"1496","MMR","","States","Missouri","2013-14","95.5","78140","100","*","NULL","Census"
"1497","MMR","","States","Nevada","2013-14","95.6","35782","3.1","NULL","NULL","Stratified  2-stage cluster sample"
"1498","MMR","","States","New Mexico","2013-14","95.9","30725","2.7","‡","NULL","Stratified  2-stage cluster sample"
"1499","MMR","","States","Wisconsin","2012-13","92.8","72416","1.8","‡","NULL","2-stage Cluster Sample"
"1500","MMR","","States","Vermont","2012-13","92.8","6792","100","*","NULL","Census"
"1501","MMR","","States","Virginia","2012-13","93.1","104826","4.2","NULL","NULL","2-stage Cluster Sample"
"1502","MMR","","States","Oregon","2012-13","93.5","47102","100","*. ‡","NULL","Census"
"1503","MMR","","States","Nevada","2012-13","93.6","36070","4.3","NULL","NULL","2-stage Cluster Sample"
"1504","MMR","","States","New Mexico","2012-13","93.9","29279","3.3","‡","NULL","2-stage Cluster Sample"
"1505","MMR","","States","Louisiana","2013-14","96.8","63976","100","*","NULL","Census"
"1506","MMR","","States","Connecticut","2013-14","96.9","40978","100","*","NULL","Census"
"1507","MMR","","States","Texas","2013-14","97.5","409255","97.1","‡","NULL","Census"
"1508","MMR","","States","Michigan","2013-14","97.5","120297","100","*","NULL","Census"
"1509","MMR","","States","Maryland","2013-14","97.6","75659","96.9","‡","NULL","Census"
"1510","MMR","","States","Utah","2013-14","98.5","54779","100","*","NULL","Census"
"1511","MMR","","States","Mississippi","2013-14","99.7","45719","100","≥. *","NULL","Census"
"1512","MMR","","States","Wyoming","2013-14",NA,"NULL","NULL","NULL","NULL","Not conducted"
"1513","MMR","","States","North Carolina","2013-14",NA,"126084","97.7","NULL","NULL","Census"
"1514","MMR","","States","District of Columbia","2013-14",NA,"7856","100","*","NULL","Census"
"1515","MMR","","States","Hawaii","2013-14",NA,"20056","5.4","NULL","NULL","Stratified  2-stage cluster sample"
"1516","MMR","","States","Colorado","2013-14","81.7","69904","0.5","NULL","NULL","Random Sample"
"1517","MMR","","States","Pennsylvania","2013-14","85.3","151253","100","*. ‡","NULL","Census"
"1518","MMR","","States","Arkansas","2013-14","86.5","42649","96.3","NULL","NULL","Census"
"1519","MMR","","States","Kansas","2013-14","86.9","41107","29","†. ‡","NULL","Stratified 1-stage sample  (Public);  Census (Private)"
"1520","MMR","","States","Idaho","2013-14","88.2","23934","100","*","NULL","Census"
"1521","MMR","","States","Washington","2013-14","89.7","89165","88.5","NULL","NULL","Voluntary response"
"1522","MMR","","States","Maine","2013-14","89.9","15441","82.4","‡","NULL","Voluntary response"
"1523","MMR","","States","North Dakota","2013-14","90","9780","96.1","NULL","NULL","Census (Public); Stratified  2-stage cluster sample(Private)"
"1524","MMR","","States","Iowa","2013-14","91","43728","94.6","≥","NULL","Census"
"1525","MMR","","States","Vermont","2013-14","91.2","6771","100","*","NULL","Census"
"1526","MMR","","States","Alabama","2013-14","92","76927","100","≥. *. **","NULL","Census"
"1527","MMR","","States","California","2013-14","92.3","548606","97.3","‡","NULL","Census"
"1528","MMR","","States","Wisconsin","2013-14","92.6","71363","2.8","‡","NULL","Stratified  2-stage cluster sample"
"1529","MMR","","States","Kentucky","2013-14","92.6","57857","100","*","NULL","Census"
"1530","MMR","","States","Indiana","2013-14","92.9","87193","70.3","NULL","NULL","Voluntary response"
"1531","MMR","","States","Virginia","2013-14","93.1","105692","4.1","NULL","NULL","2-stage cluster  sample"
"1532","MMR","","States","Florida","2013-14","93.2","233797","100","≥. *. §","NULL","Census"
"1533","MMR","","States","Oregon","2013-14","93.2","47649","100","*. ‡","NULL","Census"
"1534","MMR","","States","Minnesota","2013-14","93.4","72087","98.5","‡","NULL","Census"
"1535","MMR","","States","North Carolina","2014-15","96.5","129792","95","NULL","NULL","Census (public). Voluntary response (private)"
"1536","MMR","","States","South Carolina","2014-15","96.5","62864","12.2","NULL","NULL","Stratified 1-stage cluster sample"
"1537","MMR","","States","Louisiana","2014-15","96.8","60377","100","*","NULL","Census"
"1538","MMR","","States","Wyoming","2014-15","96.8","7983","97.9","¶","NULL","Census"
"1539","MMR","","States","Connecticut","2014-15","97","39948","100","*","NULL","Census"
"1540","MMR","","States","South Dakota","2014-15","97.1","12008","100","*","NULL","Census"
"1541","MMR","","States","Texas","2014-15","97.4","406099","98.3","‡","NULL","Census (public); Voluntary response (private)"
"1542","MMR","","States","West Virginia","2014-15","97.6","22016","81.3","NULL","NULL","Voluntary response"
"1543","MMR","","States","New Mexico","2014-15","97.7","29918","3.3","†","NULL","Stratified 2-stage cluster sample"
"1544","MMR","","States","South Carolina","2011-12","94.5","59307","10.7","NULL","NULL","1-stage Cluster Sample"
"1545","MMR","","States","Arizona","2011-12","94.7","88293","96.9","NULL","NULL","Census"
"1546","MMR","","States","Arizona","2012-13","94.5","90054","97.6","NULL","NULL","Census"
"1547","MMR","","States","Tennessee","2012-13","94.5","85801","97","≥","NULL","Census"
"1548","MMR","","States","Massachusetts","2012-13","94.8","79661","97.6","‡","NULL","Census"
"1549","MMR","","States","Montana","2012-13","94.8","12516","95.8","NULL","NULL","Census"
"1550","MMR","","States","Georgia","2012-13","95.1","142732","2.4","≥","NULL","2-stage Cluster Sample"
"1551","MMR","","States","Idaho","2014-15","89.5","22968","100","*","NULL","Census"
"1552","MMR","","States","North Dakota","2014-15","89.8","10017","99.9","NULL","NULL","Census"
"1553","MMR","","States","District of Columbia","2014-15","89.9","7840","100","*","NULL","Census"
"1554","MMR","","States","Oklahoma","2014-15","90.3","56967","95.9","‡","NULL","Census"
"1555","MMR","","States","New Hampshire","2014-15","91.4","12422","98.9","≥","NULL","Census (public); Voluntary response (private)"
"1556","MMR","","States","Wisconsin","2014-15","91.6","69335","2.5","‡","NULL","Stratified 2-stage cluster sample"
"1557","MMR","","States","Pennsylvania","2014-15","91.7","146378","98.3","‡","NULL","Census"
"1558","MMR","","States","Iowa","2014-15","91.9","43239","96.3","≥","NULL","Census"
"1559","MMR","","States","Ohio","2014-15","91.9","149080","91","NULL","NULL","Census (public); Voluntary response (private)"
"1560","MMR","","States","Maine","2014-15","92.1","13704","88.9","‡","NULL","Voluntary response (public); Census (private)"
"1561","MMR","","States","New Jersey","2014-15","92.3","120471","93.9","≥. ‡","NULL","Census (public); Voluntary response (private)"
"1562","MMR","","States","California","2014-15","92.6","552583","96.9","‡","NULL","Census"
"1563","MMR","","States","Kentucky","2014-15","92.7","57884","97.2","‡","NULL","Census"
"1564","MMR","","States","Vermont","2014-15","92.7","6277","100","*","NULL","Census"
"1565","MMR","","States","Alaska","2014-15","92.7","10129","7.8","†","NULL","Stratified 2-stage cluster sample"
"1566","MMR","","States","Florida","2014-15","93.3","228982","100","≥. *. §","NULL","Census"
"1567","MMR","","States","Virginia","2014-15","93.4","103821","4.1","NULL","NULL","Stratified 2-stage cluster sample"
"1568","MMR","","States","Minnesota","2014-15","93.5","70896","97.8","NULL","NULL","Census"
"1569","MMR","","States","Alabama","2014-15","93.5","59660","100","≥. *","NULL","Census"
"1570","MMR","","States","Georgia","2014-15","94","139471","100","≥. *","NULL","Census"
"1571","MMR","","States","Nevada","2014-15","94","36755","2.8","NULL","NULL","Stratified 2-stage cluster sample"
"1572","MMR","","States","Utah","2014-15","94","50916","100","*","NULL","Census"
"1573","MMR","","States","Illinois","2015-16","94.9","151309","100","*","NULL","Census"
"1574","MMR","","States","Montana","2015-16","94.9","11484","100","*","NULL","Census"
"1575","MMR","","States","Michigan","2012-13","94.4","124662","100","*","NULL","Census"
"1576","MMR","","States","Illinois","2013-14","94.7","163316","100","*","NULL","Census"
"1577","MMR","","States","Texas","2015-16","97.6","394801","98.7","‡.§","NULL","Census (public); Voluntary response (private)"
"1578","MMR","","States","Delaware","2015-16","97.6","11589","9.5","NULL","NULL","Stratified 2-stage cluster sample"
"1579","MMR","","States","Maryland","2015-16","99.4","72012","94.3","‡","NULL","Census (public); Voluntary response (private)"
"1580","MMR","","States","Mississippi","2015-16","99.4","41042","100","≥.*","NULL","Census"
"1581","MMR","","States","Colorado","2015-16","87.1","69137","0.5","NULL","NULL","Simple random sample"
"1582","MMR","","States","District of Columbia","2015-16","88.5","8080","100","*","NULL","Census"
"1583","MMR","","States","Indiana","2015-16","89.2","83525","69.5","NULL","NULL","Voluntary response"
"1584","MMR","","States","Kansas","2015-16","89.4","39555","21","†.‡.§","NULL","Stratified 2-stage cluster sample"
"1585","MMR","","States","Idaho","2015-16","90.2","22686","100","*","NULL","Census"
"1586","MMR","","States","North Dakota","2015-16","90.7","9875","97.1","NULL","NULL","Census"
"1587","MMR","","States","West Virginia","2013-14","96.1","22814","84.7","NULL","NULL","Voluntary response"
"1588","MMR","","States","Ohio","2013-14","96.2","150000","92.5","NULL","NULL","Census"
"1589","MMR","","States","Delaware","2013-14","96.4","11997","12.2","≥","NULL","Stratified  2-stage cluster sample"
"1590","MMR","","States","Oklahoma","2013-14","96.4","57377","71.3","NULL","NULL","Voluntary response"
"1591","MMR","","States","Nebraska","2013-14","96.6","27000","97.3","‡","NULL","Census"
"1592","MMR","","States","South Dakota","2013-14","96.6","12566","100","*","NULL","Census"
"1593","MMR","","States","New Jersey","2013-14","96.8","123085","95.4","≥. ‡","NULL","Census"
"1594","MMR","","States","New York","2013-14","96.8","240318","100","*. ‡","NULL","Census"
"1595","MMR","","States","South Carolina","2013-14","96.8","61661","11","NULL","NULL","1-stage stratified sample"
"1596","MMR","","States","Tennessee","2015-16","93.5","79233","100","*.§","NULL","Census"
"1597","MMR","","States","Vermont","2015-16","93.6","6366","100","*","NULL","Census"
"1598","MMR","","States","Florida","2015-16","93.7","224430","100","≥.*.§","NULL","Census"
"1599","MMR","","States","Oregon","2015-16","93.9","45531","100","*.‡","NULL","Census"
"1600","MMR","","States","Arizona","2015-16","94.2","83088","100","*","NULL","Census"
"1601","MMR","","States","Utah","2015-16","94.2","50114","100","*","NULL","Census"
"1602","MMR","","States","Oklahoma","2015-16","94.4","54335","96.1","‡","NULL","Census"
"1603","MMR","","States","California","2015-16","94.5","593788","92.8","‡","NULL","Census"
"1604","MMR","","States","Georgia","2015-16","94.6","131403","100","≥.*","NULL","Census"
"1605","MMR","","States","Nevada","2015-16","94.7","37118","3.3","NULL","NULL","Stratified 2-stage cluster sample"
"1606","MMR","","States","Virginia","2016-17","94.1","102357","4","†","NULL","Stratified 2-stage cluster sample"
"1607","MMR","","States","Florida","2016-17","94.1","224463","100","≥.*.§","NULL","Census"
"1608","MMR","","States","Illinois","2016-17","94.9","151309","97.7","NULL","NULL","Census"
"1609","MMR","","States","Oregon","2014-15","94.1","46229","100","*.‡","NULL","Census"
"1610","MMR","","States","Arizona","2014-15","94.2","86153","98.3","NULL","NULL","Census"
"1611","MMR","","States","Michigan","2014-15","94.3","117963","100","*","NULL","Census"
"1612","MMR","","States","Montana","2014-15","94.6","12501","95.7","NULL","NULL","Census (public); Voluntary response (private)"
"1613","MMR","","States","Illinois","2014-15","94.7","156942","100","*","NULL","Census"
"1614","MMR","","States","Massachusetts","2014-15","94.7","74869","100","*. ‡","NULL","Census"
"1615","MMR","","States","Tennessee","2014-15","95.1","78276","100","≥. *","NULL","Census"
"1616","MMR","","States","Rhode Island","2014-15","95.7","11163","98.9","‡","NULL","Census"
"1617","MMR","","States","Missouri","2014-15","95.8","75900","100","*","NULL","Census"
"1618","MMR","","States","Nebraska","2014-15","96","26665","100","*. ‡","NULL","Census"
"1619","MMR","","States","Idaho","2016-17","89.9","22589","100","*","NULL","Census"
"1620","MMR","","States","Washington","2016-17","90.5","87142","98.2","§","NULL","Census"
"1621","MMR","","States","Kentucky","2016-17","90.8","51487","92.9","‡.§","NULL","Census"
"1622","MMR","","States","Nevada","2016-17","90.9","36885","3.7","NULL","NULL","Stratified 2-stage cluster sample"
"1623","MMR","","States","New Hampshire","2016-17","91.5","12145","100","≥.*","NULL","Census"
"1624","MMR","","States","Arkansas","2016-17","91.9","39666","75.9","‡","NULL","Voluntary response"
"1625","MMR","","States","Iowa","2016-17","92.6","39587","100","≥.*","NULL","Census"
"1626","MMR","","States","Ohio","2016-17","92.6","137542","95.5","NULL","NULL","Census"
"1627","MMR","","States","Minnesota","2016-17","92.8","69140","96.7","§","NULL","Census"
"1628","MMR","","States","Delaware","2014-15","97.8","11476","7.9","NULL","NULL","Stratified 2-stage cluster sample"
"1629","MMR","","States","New York","2014-15","98.2","237045","100","*.‡","NULL","Census"
"1630","MMR","","States","Maryland","2014-15","99.1","75391","90.2","‡","NULL","Census (public); Voluntary response (private)"
"1631","MMR","","States","Mississippi","2014-15","99.2","44129","100","≥. *","NULL","Census"
"1632","MMR","","States","Hawaii","2014-15",NA,"20085","5.6","NULL","NULL","Stratified 2-stage cluster sample"
"1633","MMR","","States","Colorado","2014-15","86.9","70597","0.5","NULL","NULL","Simple random sample"
"1634","MMR","","States","Arkansas","2014-15","88.4","41252","95.9","‡","NULL","Census (public); Voluntary response (private)"
"1635","MMR","","States","Kansas","2014-15","89.2","39685","24.5","†.‡","NULL","Stratified 2-stage cluster sample"
"1636","MMR","","States","Indiana","2014-15","89.3","85477","70.1","NULL","NULL","Voluntary response"
"1637","MMR","","States","Washington","2014-15","89.4","88809","96.7","NULL","NULL","Census (public); Voluntary response (private)"
"1638","MMR","","States","Maine","2017-18","94.3","13255","95.9","NULL","NULL","Census"
"1639","MMR","","States","North Dakota","2017-18","94.2","10365","99.4","NULL","NULL","Census"
"1640","MMR","","States","Vermont","2017-18","94.1","6255","100","*","NULL","Census"
"1641","MMR","","States","Florida","2017-18","93.7","222397","100","≥.*.§","NULL","Census"
"1642","MMR","","States","Arizona","2017-18","93.4","81710","100","*","NULL","Census"
"1643","MMR","","States","Maine","2015-16","95.1","13526","90.5","NULL","NULL","Census"
"1644","MMR","","States","West Virginia","2015-16","95.2","21333","87.6","NULL","NULL","Voluntary response"
"1645","MMR","","States","Pennsylvania","2015-16","95.5","143298","93.2","NULL","NULL","Census (public); Voluntary response (private)"
"1646","MMR","","States","Nebraska","2015-16","95.6","30409","100","*.‡","NULL","Census"
"1647","MMR","","States","New York","2015-16","95.6","232521","100","*","NULL","Census"
"1648","MMR","","States","Virginia","2015-16","95.7","100074","4.3","†.§","NULL","Stratified 2-stage cluster sample"
"1649","MMR","","States","Michigan","2015-16","95.7","116299","100","*","NULL","Census"
"1650","MMR","","States","Missouri","2015-16","95.7","74413","100","*.§","NULL","Census"
"1651","MMR","","States","New Mexico","2015-16","96.2","29049","2.7","†","NULL","Stratified 2-stage cluster sample"
"1652","MMR","","States","New Jersey","2015-16","96.3","110116","100","≥.*","NULL","Census"
"1653","MMR","","States","Massachusetts","2015-16","96.4","72897","100","*.‡","NULL","Census"
"1654","MMR","","States","Rhode Island","2015-16","96.4","11165","100","*.‡.§","NULL","Census"
"1655","MMR","","States","South Dakota","2015-16","96.5","12181","100","*","NULL","Census"
"1656","MMR","","States","South Carolina","2015-16","96.5","59240","8.9","NULL","NULL","Stratified 1-stage cluster sample"
"1657","MMR","","States","Louisiana","2015-16","96.8","59159","100","*","NULL","Census"
"1658","MMR","","States","Wyoming","2015-16","96.9","7825","74","§.¶","NULL","Voluntary response"
"1659","MMR","","States","Connecticut","2015-16","97","39533","100","*","NULL","Census"
"1660","MMR","","States","North Carolina","2015-16","97.3","128290","92","‡.§","NULL","Census (public). Voluntary response (private)"
"1661","Polio","","States","Louisiana","2012-13","99","68874","100","*","NULL","Census"
"1662","Polio","","States","New York","2012-13","98.4","239484","100","*. ‡","NULL","Census"
"1663","Polio","","States","Wisconsin","2012-13","98.2","72416","1.8","‡","NULL","2-stage Cluster Sample"
"1664","Polio","","States","Utah","2012-13","98.1","54605","100","*","NULL","Census"
"1665","Polio","","States","Wyoming","2012-13","97.6","8133","100","* .¶","NULL","Census"
"1666","Polio","","States","South Dakota","2012-13","97.6","12468","100","*","NULL","Census"
"1667","Polio","","States","Nebraska","2012-13","97.5","24999","96.6","‡","NULL","Census"
"1668","MMR","","States","Arkansas","2015-16","90.8","40258","95.6","‡","NULL","Census (public); Voluntary response (private)"
"1669","MMR","","States","Washington","2015-16","91","86492","97.3","§","NULL","Census"
"1670","MMR","","States","Hawaii","2015-16","91.6","16325","6.7","NULL","NULL","Stratified 2-stage cluster sample"
"1671","MMR","","States","Iowa","2015-16","91.8","41215","100","≥.*","NULL","Census"
"1672","MMR","","States","New Hampshire","2015-16","91.9","11852","99.8","≥","NULL","Census"
"1673","MMR","","States","Ohio","2015-16","92.1","144604","93.7","NULL","NULL","Census (public); Voluntary response (private)"
"1674","MMR","","States","Kentucky","2015-16","92.2","54353","99.5","‡.§","NULL","Census"
"1675","MMR","","States","Minnesota","2015-16","92.8","69710","97.8","§","NULL","Census"
"1676","MMR","","States","Alabama","2015-16","93.1","60392","100","≥.*","NULL","Census"
"1677","MMR","","States","Wisconsin","2015-16","93.2","70220","2","‡.§","NULL","Stratified 2-stage cluster sample"
"1678","MMR","","States","Alaska","2015-16","93.5","9937","7.8","†.§","NULL","Stratified 2-stage cluster sample"
"1679","MMR","","States","New Mexico","2016-17","95.5","27119","4.5","NULL","NULL","Stratified 2-stage cluster sample"
"1680","MMR","","States","Michigan","2016-17","95.6","118777","100","*","NULL","Census"
"1681","MMR","","States","West Virginia","2016-17","95.9","28666","66.5","§","NULL","Census (public). voluntary response (private)"
"1682","MMR","","States","South Carolina","2016-17","96","59177","8.9","NULL","NULL","Stratified 1-stage cluster sample"
"1683","MMR","","States","Massachusetts","2016-17","96.1","70109","100","*.‡","NULL","Census"
"1684","MMR","","States","North Carolina","2016-17","96.2","126454","88.2","‡.§","NULL","Voluntary response"
"1685","MMR","","States","New Jersey","2016-17","96.5","109577","100","≥.*","NULL","Census"
"1686","MMR","","States","Connecticut","2016-17","96.7","39002","100","*","NULL","Census"
"1687","MMR","","States","South Dakota","2016-17","96.7","12106","99.8","NULL","NULL","Census"
"1688","MMR","","States","Nebraska","2016-17","96.7","27117","100","*.‡.‡‡","NULL","Census"
"1689","MMR","","States","Tennessee","2016-17","96.9","78169","100","*.§","NULL","Census"
"1690","MMR","","States","Louisiana","2016-17","97.1","55257","100","*","NULL","Census"
"1691","MMR","","States","Texas","2016-17","97.3","389999","99","‡.§","NULL","Census"
"1692","MMR","","States","California","2016-17","97.3","575305","97.8","‡","NULL","Census"
"1693","MMR","","States","New York","2016-17","97.3","227050","100","*","NULL","Census"
"1694","MMR","","States","Maryland","2016-17","97.9","71467","98.1","‡","NULL","Census"
"1695","MMR","","States","Delaware","2016-17","98.5","11490","9.3","NULL","NULL","Stratified 2-stage cluster sample"
"1696","MMR","","States","Mississippi","2016-17","99.4","40509","100","≥.*","NULL","Census"
"1697","MMR","","States","Wyoming","2016-17",NA,"NULL","NULL","NULL","NULL","Not conducted"
"1698","MMR","","States","Oklahoma","2016-17",NA,"52184","0","‡.¶","NULL","Census"
"1699","MMR","","States","Colorado","2016-17","87.3","64440","100","*","NULL","Census"
"1700","MMR","","States","Indiana","2016-17","88.9","83263","80.3","NULL","NULL","Voluntary response"
"1701","MMR","","States","Alaska","2016-17","89","9815","7.6","†.§","NULL","Stratified 2-stage cluster sample"
"1702","MMR","","States","Kansas","2016-17","89.5","38298","22.9","†.‡.§","NULL","Stratified 2-stage cluster sample"
"1703","Polio","","States","Alaska","2014-15","94.8","10129","7.8","†","NULL","Stratified 2-stage cluster sample"
"1704","Polio","","States","Massachusetts","2014-15","95","74869","100","*. ‡","NULL","Census"
"1705","Polio","","States","Tennessee","2014-15","95.1","78276","100","≥. *","NULL","Census"
"1706","Polio","","States","Montana","2014-15","95.2","12501","95.7","NULL","NULL","Census (public); Voluntary response (private)"
"1707","Polio","","States","Maine","2014-15","95.6","13704","88.9","‡","NULL","Voluntary response (public); Census (private)"
"1708","MMR","","States","Georgia","2016-17","93.3","136165","100","≥.*","NULL","Census"
"1709","MMR","","States","Hawaii","2016-17","93.5","16325","6.7","NULL","NULL","Stratified 2-stage cluster sample"
"1710","MMR","","States","Pennsylvania","2016-17","93.6","143888","84.4","NULL","NULL","Voluntary response"
"1711","MMR","","States","Vermont","2016-17","93.6","6344","100","*","NULL","Census"
"1712","MMR","","States","Alabama","2016-17","93.8","58394","100","≥.*","NULL","Census"
"1713","MMR","","States","Montana","2016-17","93.8","11956","100","*","NULL","Census"
"1714","MMR","","States","North Dakota","2016-17","93.8","9799","98.7","NULL","NULL","Census"
"1715","MMR","","States","Oregon","2016-17","93.8","45705","100","*.‡","NULL","Census"
"1716","MMR","","States","Utah","2016-17","93.8","49073","100","*","NULL","Census"
"1717","MMR","","States","Arizona","2016-17","94","83627","100","*","NULL","Census"
"1718","MMR","","States","Wisconsin","2016-17","94","67607","2.2","†.‡.§","NULL","Stratified 2-stage cluster sample"
"1719","MMR","","States","New Mexico","2017-18","94.8","26896","99.6","NULL","NULL","Stratified 2-stage cluster sample"
"1720","MMR","","States","Alaska","2017-18","91.6","9692","84.4","†.§","NULL","Stratified 2-stage cluster sample"
"1721","MMR","","States","Washington","2017-18","90.6","85118","96.9","§","NULL","Census"
"1722","MMR","","States","Indiana","2017-18","90.4","84296","96.4","NULL","NULL","Voluntary Response"
"1723","MMR","","States","Idaho","2017-18","89.5","22553","99","NULL","NULL","Census"
"1724","MMR","","States","Kansas","2017-18","89.1","38484","23.1","†.‡.§","NULL","Stratified 2-stage cluster sample"
"1725","MMR","","States","Colorado","2017-18","88.7","65718","100","*","NULL","Census"
"1726","MMR","","States","Wyoming","2017-18",NA,"NULL","NULL","NULL","NULL","Not conducted"
"1727","MMR","","States","Mississippi","2017-18","99.4","39284","100","≥.*","NULL","Census"
"1728","MMR","","States","West Virginia","2017-18","98.4","19519","79.3","¶","NULL","Voluntary response"
"1729","MMR","","States","Maryland","2017-18","97.4","68528","98.5","‡","NULL","Census"
"1730","MMR","","States","New York","2017-18","97.2","226456","100","*","NULL","Census"
"1731","MMR","","States","North Carolina","2017-18","97","127197","90.9","‡.§","NULL","Census"
"1732","MMR","","States","California","2017-18","96.9","574702","100","‡","NULL","Census"
"1733","MMR","","States","Texas","2017-18","96.9","387981","99.4","‡.§","NULL","Census"
"1734","MMR","","States","Tennessee","2017-18","96.9","78743","100","*.§","NULL","Census"
"1735","MMR","","States","Nebraska","2017-18","96.2","26313","98.6","‡.‡‡","NULL","Census"
"1736","MMR","","States","South Carolina","2017-18","96.3","58458","27","NULL","NULL","Stratified 1-stage cluster sample"
"1737","MMR","","States","Massachusetts","2017-18","96.3","63377","100","*.‡","NULL","Census"
"1738","MMR","","States","Rhode Island","2017-18","96.4","11025","100","*.‡.§","NULL","Census"
"1739","MMR","","States","Connecticut","2017-18","96.5","39174","100","*","NULL","Census"
"1740","MMR","","States","South Dakota","2017-18","96.6","12125","99.9","NULL","NULL","Census"
"1741","MMR","","States","Pennsylvania","2017-18","96.7","141571","93.3","NULL","NULL","Voluntary response"
"1742","MMR","","States","Delaware","2017-18","96.7","10988","9.5","NULL","NULL","Stratified 2-stage cluster sample"
"1743","Polio","","States","Mississippi","2012-13","99.9","46595","100","≥. *","NULL","Census"
"1744","Polio","","States","Maryland","2012-13","99.6","75007","84.3","‡","NULL","Voluntary Response"
"1745","Polio","","States","New Mexico","2013-14","97.4","30725","2.7","‡","NULL","Stratified  2-stage cluster sample"
"1746","Polio","","States","Texas","2013-14","97.4","409255","97.1","‡","NULL","Census"
"1747","Polio","","States","Alaska","2013-14","97.2","10222","9.3","†","NULL","Stratified  2-stage cluster sample"
"1748","Polio","","States","Nebraska","2013-14","97.1","27000","97.3","‡","NULL","Census"
"1749","Polio","","States","New Jersey","2013-14","96.8","123085","95.4","≥. ‡","NULL","Census"
"1750","Polio","","States","Texas","2012-13","97.5","414688","96.6","‡","NULL","Census"
"1751","Polio","","States","Nevada","2012-13","97.4","36070","4.3","NULL","NULL","2-stage Cluster Sample"
"1752","Polio","","States","Connecticut","2012-13","97.2","41604","100","*","NULL","Census"
"1753","Polio","","States","New Jersey","2012-13","97","122516","96.7","≥. ‡","NULL","Census"
"1754","Polio","","States","Missouri","2012-13","96.9","78416","5.9","NULL","NULL","2-stage Cluster Sample"
"1755","Polio","","States","New Mexico","2012-13","96.8","29279","3.3","‡","NULL","2-stage Cluster Sample"
"1756","Polio","","States","Illinois","2013-14","94.9","163316","100","*","NULL","Census"
"1757","Polio","","States","Maryland","2013-14","99.2","75659","96.9","‡","NULL","Census"
"1758","Polio","","States","Louisiana","2013-14","99","63976","100","*","NULL","Census"
"1759","MMR","","States","Maine","2016-17","94.9","13834","90.1","NULL","NULL","Voluntary response (public). census (private)"
"1760","MMR","","States","Rhode Island","2016-17","95.1","11100","98.4","‡.§","NULL","Census"
"1761","MMR","","States","Missouri","2016-17","95.4","73355","100","*","NULL","Census"
"1762","Polio","","States","District of Columbia","2013-14",NA,"7856","100","*","NULL","Census"
"1763","Polio","","States","Hawaii","2013-14",NA,"20056","5.4","NULL","NULL","Stratified  2-stage cluster sample"
"1764","Polio","","States","Colorado","2013-14","78.3","69904","0.5","NULL","NULL","Random Sample"
"1765","Polio","","States","Arkansas","2013-14","80.2","42649","96.3","NULL","NULL","Census"
"1766","Polio","","States","Kansas","2013-14","86.7","41107","29","†. ‡","NULL","Stratified 1-stage sample  (Public);  Census (Private)"
"1767","Polio","","States","Idaho","2013-14","88.4","23934","100","*","NULL","Census"
"1768","Polio","","States","Washington","2013-14","89.1","89165","88.5","NULL","NULL","Voluntary response"
"1769","Polio","","States","Indiana","2013-14","90","87193","70.3","NULL","NULL","Voluntary response"
"1770","Polio","","States","North Dakota","2013-14","90.7","9780","96.1","NULL","NULL","Census (Public); Stratified  2-stage cluster sample(Private)"
"1771","Polio","","States","Iowa","2013-14","91","43728","94.6","≥","NULL","Census"
"1772","Polio","","States","Vermont","2013-14","91.8","6771","100","*","NULL","Census"
"1773","Polio","","States","Alabama","2013-14","92","76927","100","≥. *. **","NULL","Census"
"1774","Polio","","States","California","2013-14","92.6","548606","97.3","‡","NULL","Census"
"1775","Polio","","States","Florida","2013-14","93.2","233797","100","≥. *. §","NULL","Census"
"1776","Polio","","States","Pennsylvania","2013-14","93.2","151253","100","*. ‡","NULL","Census"
"1777","Polio","","States","Virginia","2013-14","93.3","105692","4.1","NULL","NULL","2-stage cluster  sample"
"1778","Polio","","States","Oregon","2013-14","93.3","47649","100","*. ‡","NULL","Census"
"1779","Polio","","States","Maine","2013-14","93.4","15441","82.4","‡","NULL","Voluntary response"
"1780","Polio","","States","Georgia","2013-14","94","143988","100","≥. *","NULL","Census"
"1781","Polio","","States","Kentucky","2013-14","94.3","57857","100","*","NULL","Census"
"1782","Polio","","States","Massachusetts","2013-14","94.4","79894","97.9","‡","NULL","Census"
"1783","Polio","","States","Arizona","2013-14","94.7","89606","95.8","NULL","NULL","Census"
"1784","Polio","","States","New Hampshire","2013-14","94.7","13240","100","≥. *","NULL","Census"
"1785","Polio","","States","Nevada","2013-14","94.8","35782","3.1","NULL","NULL","Stratified  2-stage cluster sample"
"1786","Polio","","States","North Carolina","2013-14",NA,"126084","97.7","NULL","NULL","Census"
"1787","Polio","","States","South Carolina","2014-15","97.7","62864","12.2","NULL","NULL","Stratified 1-stage cluster sample"
"1788","Polio","","States","New Mexico","2014-15","97.9","29918","3.3","†","NULL","Stratified 2-stage cluster sample"
"1789","Polio","","States","Delaware","2014-15","98.2","11476","7.9","NULL","NULL","Stratified 2-stage cluster sample"
"1790","Polio","","States","West Virginia","2014-15","98.8","22016","81.3","NULL","NULL","Voluntary response"
"1791","Polio","","States","Louisiana","2014-15","98.9","60377","100","*","NULL","Census"
"1792","Polio","","States","Mississippi","2014-15","99.2","44129","100","≥. *","NULL","Census"
"1793","MMR","","States","Georgia","2017-18","93.4","131459","100","≥.*","NULL","Census"
"1794","MMR","","States","Utah","2017-18","93.4","48827","100","*","NULL","Census"
"1795","MMR","","States","Montana","2017-18","93.2","12188","100","*","NULL","Census"
"1796","MMR","","States","Oregon","2017-18","93.2","45818","100","*.‡","NULL","Census"
"1797","MMR","","States","Iowa","2017-18","93","39632","100","≥.*","NULL","Census"
"1798","MMR","","States","Nevada","2017-18","93","37178","4.8","NULL","NULL","Stratified 2-stage cluster sample"
"1799","MMR","","States","Alabama","2017-18","92.7","57245","100","≥.*","NULL","Census"
"1800","MMR","","States","Kentucky","2017-18","92.6","55152","99","‡.§","NULL","Census"
"1801","MMR","","States","Oklahoma","2017-18","92.6","53898","92.1","§","NULL","Census (public). voluntary response (private)"
"1802","MMR","","States","Minnesota","2017-18","92.5","69807","98.1","§","NULL","Census"
"1803","MMR","","States","New Hampshire","2017-18","92.4","12165","100","≥","NULL","Census"
"1804","MMR","","States","Ohio","2017-18","92.1","138753","94.9","NULL","NULL","Census"
"1805","MMR","","States","Arkansas","2017-18","91.9","39630","95.4","‡","NULL","Census"
"1806","MMR","","States","Wisconsin","2017-18","91.8","66178","2.3","†.‡.§","NULL","Stratified 2-stage cluster sample"
"1807","Polio","","States","California","2014-15","93","552583","96.9","‡","NULL","Census"
"1808","Polio","","States","Florida","2014-15","93.3","228982","100","≥. *. §","NULL","Census"
"1809","Polio","","States","Alabama","2014-15","93.5","59660","100","≥. *","NULL","Census"
"1810","Polio","","States","Vermont","2014-15","93.7","6277","100","*","NULL","Census"
"1811","Polio","","States","Nevada","2014-15","93.7","36755","2.8","NULL","NULL","Stratified 2-stage cluster sample"
"1812","Polio","","States","Georgia","2014-15","94","139471","100","≥. *","NULL","Census"
"1813","Polio","","States","Oregon","2014-15","94","46229","100","*.‡","NULL","Census"
"1814","Polio","","States","Utah","2014-15","94.2","50916","100","*","NULL","Census"
"1815","Polio","","States","Minnesota","2014-15","94.3","70896","97.8","NULL","NULL","Census"
"1816","Polio","","States","Kentucky","2014-15","94.7","57884","97.2","‡","NULL","Census"
"1817","Polio","","States","Arizona","2014-15","94.7","86153","98.3","NULL","NULL","Census"
"1818","Polio","","States","Illinois","2014-15","94.8","156942","100","*","NULL","Census"
"1819","Polio","","States","Maryland","2015-16","99.8","72012","94.3","‡","NULL","Census (public); Voluntary response (private)"
"1820","Polio","","States","Mississippi","2015-16","99.4","41042","100","≥.*","NULL","Census"
"1821","Polio","","States","Delaware","2015-16","98.2","11589","9.5","NULL","NULL","Stratified 2-stage cluster sample"
"1822","Polio","","States","Pennsylvania","2015-16","97.8","143298","93.2","NULL","NULL","Census (public); Voluntary response (private)"
"1823","Polio","","States","Texas","2015-16","97.6","394801","98.7","‡.§","NULL","Census (public); Voluntary response (private)"
"1824","Polio","","States","South Carolina","2015-16","97.5","59240","8.9","NULL","NULL","Stratified 1-stage cluster sample"
"1825","Polio","","States","Connecticut","2013-14","98.7","40978","100","*","NULL","Census"
"1826","Polio","","States","Utah","2013-14","98.4","54779","100","*","NULL","Census"
"1827","Polio","","States","New York","2013-14","98.1","240318","100","*. ‡","NULL","Census"
"1828","Polio","","States","South Carolina","2013-14","97.6","61661","11","NULL","NULL","1-stage stratified sample"
"1829","Polio","","States","Georgia","2015-16","94.6","131403","100","≥.*","NULL","Census"
"1830","Polio","","States","Arizona","2015-16","94.6","83088","100","*","NULL","Census"
"1831","Polio","","States","Hawaii","2015-16","94.4","16325","6.7","NULL","NULL","Stratified 2-stage cluster sample"
"1832","Polio","","States","Kentucky","2015-16","94.3","54353","99.5","‡.§","NULL","Census"
"1833","Polio","","States","Utah","2015-16","94.1","50114","100","*","NULL","Census"
"1834","Polio","","States","New York","2015-16","94","232521","100","*","NULL","Census"
"1835","Polio","","States","Wisconsin","2013-14","96.7","71363","2.8","‡","NULL","Stratified  2-stage cluster sample"
"1836","Polio","","States","Minnesota","2013-14","96.6","72087","98.5","‡","NULL","Census"
"1837","Polio","","States","Oklahoma","2013-14","96.5","57377","71.3","NULL","NULL","Voluntary response"
"1838","Polio","","States","Ohio","2013-14","96.4","150000","92.5","NULL","NULL","Census"
"1839","Polio","","States","South Dakota","2013-14","96.4","12566","100","*","NULL","Census"
"1840","Polio","","States","Delaware","2013-14","96.4","11997","12.2","≥","NULL","Stratified  2-stage cluster sample"
"1841","Polio","","States","West Virginia","2013-14","96.1","22814","84.7","NULL","NULL","Voluntary response"
"1842","Polio","","States","Rhode Island","2013-14","96","11521","99.1","‡","NULL","Census"
"1843","Polio","","States","Missouri","2013-14","95.9","78140","100","*","NULL","Census"
"1844","Polio","","States","Michigan","2013-14","95.4","120297","100","*","NULL","Census"
"1845","Polio","","States","Montana","2013-14","95.3","12855","95.4","NULL","NULL","Census"
"1846","Polio","","States","Tennessee","2013-14","94.9","80212","99.8","≥","NULL","Census"
"1847","Polio","","States","Mississippi","2013-14","99.7","45719","100","≥. *","NULL","Census"
"1848","Polio","","States","Wyoming","2013-14",NA,"NULL","NULL","NULL","NULL","Not conducted"
"1849","Polio","","States","Colorado","2015-16","82.3","69137","0.5","NULL","NULL","Simple random sample"
"1850","Polio","","States","Ohio","2016-17","92.7","137542","95.5","NULL","NULL","Census"
"1851","Polio","","States","Georgia","2016-17","93.3","136165","100","≥.*","NULL","Census"
"1852","Polio","","States","Oregon","2016-17","93.5","45705","100","*.‡","NULL","Census"
"1853","Polio","","States","Vermont","2016-17","93.5","6344","100","*","NULL","Census"
"1854","Polio","","States","Virginia","2016-17","93.6","102357","4","†","NULL","Stratified 2-stage cluster sample"
"1855","Polio","","States","South Dakota","2016-17","96.5","12106","99.8","NULL","NULL","Census"
"1856","Polio","","States","Michigan","2016-17","96.2","118777","100","*","NULL","Census"
"1857","Polio","","States","North Carolina","2016-17","96.2","126454","88.2","‡.§","NULL","Voluntary response"
"1858","Polio","","States","West Virginia","2016-17","96.2","28666","66.5","§","NULL","Census (public). voluntary response (private)"
"1859","Polio","","States","Michigan","2014-15","95.6","117963","100","*","NULL","Census"
"1860","Polio","","States","Rhode Island","2014-15","96.2","11163","98.9","‡","NULL","Census"
"1861","Polio","","States","Missouri","2014-15","96.3","75900","100","*","NULL","Census"
"1862","Polio","","States","North Carolina","2014-15","96.7","129792","95","NULL","NULL","Census (public). Voluntary response (private)"
"1863","Polio","","States","Wisconsin","2014-15","96.7","69335","2.5","‡","NULL","Stratified 2-stage cluster sample"
"1864","Polio","","States","South Dakota","2014-15","96.8","12008","100","*","NULL","Census"
"1865","Polio","","States","Wyoming","2014-15","96.9","7983","97.9","¶","NULL","Census"
"1866","Polio","","States","Pennsylvania","2014-15","97","146378","98.3","‡","NULL","Census"
"1867","Polio","","States","Connecticut","2014-15","97","39948","100","*","NULL","Census"
"1868","Polio","","States","Texas","2014-15","97.3","406099","98.3","‡","NULL","Census (public); Voluntary response (private)"
"1869","Polio","","States","New York","2014-15","97.5","237045","100","*.‡","NULL","Census"
"1870","Polio","","States","Nebraska","2014-15","97.6","26665","100","*. ‡","NULL","Census"
"1871","Exemption","Medical Exemption","States","Pennsylvania","2022-23","0.4","137259","97.2","NULL","504","Census (pub.), vol. response (pvt.)"
"1872","Exemption","Medical Exemption","States","Oklahoma","2022-23","0.4","52548","89.5","NULL","204","Census (pub.), vol. response (pvt.)"
"1873","Exemption","Medical Exemption","States","Nevada","2022-23","0.4","34333","89.1","†","136","Vol. response (pub.), census (pvt.)"
"1874","Exemption","Medical Exemption","States","Colorado","2022-23","0.3","65576","97.2",">=. §. ||","197","Census"
"1875","Exemption","Medical Exemption","States","Virginia","2022-23","0.3","93271","99.1","†","283","Census"
"1876","Polio","","States","Maryland","2014-15","99.7","75391","90.2","‡","NULL","Census (public); Voluntary response (private)"
"1877","Polio","","States","Hawaii","2014-15",NA,"20085","5.6","NULL","NULL","Stratified 2-stage cluster sample"
"1878","Polio","","States","Colorado","2014-15","81.4","70597","0.5","NULL","NULL","Simple random sample"
"1879","Polio","","States","Arkansas","2014-15","84.5","41252","95.9","‡","NULL","Census (public); Voluntary response (private)"
"1880","Polio","","States","Washington","2014-15","88.4","88809","96.7","NULL","NULL","Census (public); Voluntary response (private)"
"1881","Polio","","States","Indiana","2014-15","89.7","85477","70.1","NULL","NULL","Voluntary response"
"1882","Polio","","States","Kansas","2014-15","90","39685","24.5","†.‡","NULL","Stratified 2-stage cluster sample"
"1883","Polio","","States","Idaho","2014-15","90.1","22968","100","*","NULL","Census"
"1884","Polio","","States","Oklahoma","2014-15","90.4","56967","95.9","‡","NULL","Census"
"1885","Polio","","States","North Dakota","2014-15","90.9","10017","99.9","NULL","NULL","Census"
"1886","Polio","","States","New Hampshire","2014-15","91.4","12422","98.9","≥","NULL","Census (public); Voluntary response (private)"
"1887","Polio","","States","Iowa","2014-15","91.9","43239","96.3","≥","NULL","Census"
"1888","Polio","","States","Virginia","2014-15","91.9","103821","4.1","NULL","NULL","Stratified 2-stage cluster sample"
"1889","Polio","","States","District of Columbia","2014-15","92.2","7840","100","*","NULL","Census"
"1890","Polio","","States","New Jersey","2014-15","92.3","120471","93.9","≥. ‡","NULL","Census (public); Voluntary response (private)"
"1891","Polio","","States","Ohio","2014-15","92.5","149080","91","NULL","NULL","Census (public); Voluntary response (private)"
"1892","Exemption","Medical Exemption","States","California","2021-22","0.3","512144","98.4","†. ‡","1383","Census"
"1893","Polio","","States","Nebraska","2015-16","97.1","30409","100","*.‡","NULL","Census"
"1894","Polio","","States","North Carolina","2015-16","97.1","128290","92","‡.§","NULL","Census (public). Voluntary response (private)"
"1895","Polio","","States","Rhode Island","2015-16","97","11165","100","*.‡.§","NULL","Census"
"1896","Polio","","States","Connecticut","2015-16","97","39533","100","*","NULL","Census"
"1897","Polio","","States","Louisiana","2015-16","96.9","59159","100","*","NULL","Census"
"1898","Polio","","States","Wyoming","2015-16","96.9","7825","74","§.¶","NULL","Voluntary response"
"1899","Polio","","States","Massachusetts","2015-16","96.7","72897","100","*.‡","NULL","Census"
"1900","Polio","","States","New Jersey","2015-16","96.3","110116","100","≥.*","NULL","Census"
"1901","Polio","","States","Michigan","2015-16","96.3","116299","100","*","NULL","Census"
"1902","Polio","","States","South Dakota","2015-16","96.3","12181","100","*","NULL","Census"
"1903","Polio","","States","Maine","2015-16","96","13526","90.5","NULL","NULL","Census"
"1904","Polio","","States","Missouri","2015-16","96","74413","100","*.§","NULL","Census"
"1905","Polio","","States","Oklahoma","2015-16","95.9","54335","96.1","‡","NULL","Census"
"1906","Polio","","States","New Mexico","2015-16","95.6","29049","2.7","†","NULL","Stratified 2-stage cluster sample"
"1907","Polio","","States","Nevada","2015-16","95.6","37118","3.3","NULL","NULL","Stratified 2-stage cluster sample"
"1908","Polio","","States","West Virginia","2015-16","95.4","21333","87.6","NULL","NULL","Voluntary response"
"1909","Polio","","States","Montana","2015-16","95.3","11484","100","*","NULL","Census"
"1910","Polio","","States","Alaska","2015-16","95.2","9937","7.8","†.§","NULL","Stratified 2-stage cluster sample"
"1911","Polio","","States","Illinois","2015-16","94.9","151309","100","*","NULL","Census"
"1912","Polio","","States","California","2015-16","94.7","593788","92.8","‡","NULL","Census"
"1913","Exemption","Medical Exemption","States","South Dakota","2022-23","0.1","12081","100","†","11","Census"
"1914","Exemption","Medical Exemption","States","Rhode Island","2022-23","0.1","10532","96.5","†","11","Census"
"1915","Exemption","Medical Exemption","States","Oregon","2022-23","0.1","40963","100","||","37","Census"
"1916","Exemption","Medical Exemption","States","North Carolina","2022-23","0.1","125679","83.1","†","153","Vol. response"
"1917","Polio","","States","Virginia","2015-16","93.9","100074","4.3","†.§","NULL","Stratified 2-stage cluster sample"
"1918","Polio","","States","Vermont","2015-16","93.8","6366","100","*","NULL","Census"
"1919","Polio","","States","Florida","2015-16","93.7","224430","100","≥.*.§","NULL","Census"
"1920","Polio","","States","Oregon","2015-16","93.7","45531","100","*.‡","NULL","Census"
"1921","Polio","","States","Minnesota","2015-16","93.7","69710","97.8","§","NULL","Census"
"1922","Polio","","States","Tennessee","2015-16","93.6","79233","100","*.§","NULL","Census"
"1923","Polio","","States","Wisconsin","2015-16","93.4","70220","2","‡.§","NULL","Stratified 2-stage cluster sample"
"1924","Polio","","States","Alabama","2015-16","93.1","60392","100","≥.*","NULL","Census"
"1925","Polio","","States","Ohio","2015-16","92.4","144604","93.7","NULL","NULL","Census (public); Voluntary response (private)"
"1926","Polio","","States","New Hampshire","2015-16","91.9","11852","99.8","≥","NULL","Census"
"1927","Polio","","States","Iowa","2015-16","91.8","41215","100","≥.*","NULL","Census"
"1928","Polio","","States","North Dakota","2015-16","91.2","9875","97.1","NULL","NULL","Census"
"1929","Polio","","States","District of Columbia","2015-16","90.7","8080","100","*","NULL","Census"
"1930","Polio","","States","Idaho","2015-16","90.6","22686","100","*","NULL","Census"
"1931","Polio","","States","Indiana","2015-16","89.7","83525","69.5","NULL","NULL","Voluntary response"
"1932","Polio","","States","Washington","2015-16","88.7","86492","97.3","§","NULL","Census"
"1933","Polio","","States","Kansas","2015-16","88.3","39555","21","†.‡.§","NULL","Stratified 2-stage cluster sample"
"1934","Polio","","States","Arkansas","2015-16","88.1","40258","95.6","‡","NULL","Census (public); Voluntary response (private)"
"1935","Exemption","Medical Exemption","States","Florida","2023-24","0.3","228213","100","†","729","Census"
"1936","Exemption","Medical Exemption","States","New Hampshire","2023-24","0.3","11871","100","†","34","Census"
"1937","Exemption","Medical Exemption","States","Alaska","2023-24","0.3","8644","88.9","†. ‡‡","27","Census (pub.), not conducted (prv.)"
"1938","Exemption","Medical Exemption","States","Iowa","2023-24","0.2","38611","100","†","64","Census"
"1939","Exemption","Medical Exemption","States","Kentucky","2023-24","0.2","52609","100","†","111","Census"
"1940","Exemption","Medical Exemption","States","Wyoming","2023-24","0.2","6754","100","†","14","Census"
"1941","Exemption","Medical Exemption","States","Maryland","2021-22","0.5","53866","98.4","†","258","Census"
"1942","Exemption","Medical Exemption","States","Alaska","2021-22","0.5","9790","76.2","†. ‡‡","45","Vol. response (pub.), not conducted (pvt.)"
"1943","Exemption","Medical Exemption","States","Idaho","2021-22","0.5","23854","99.6","||","128","Census"
"1944","Exemption","Medical Exemption","States","Maine","2021-22","1.5","12881","91.6","NULL","199","Census"
"1945","Exemption","Medical Exemption","States","Louisiana","2021-22","0","66518","100","NULL","29","Census"
"1946","Exemption","Medical Exemption","States","Maine","2022-23","0.8","12403","93.9","NULL","98","Census"
"1947","Exemption","Medical Exemption","States","Alaska","2022-23","0.7","9650","88.8","†. ‡‡","72","Vol. response (pub.), not conducted (pvt.)"
"1948","Exemption","Medical Exemption","States","Hawaii","2022-23","0.6","13195","8.1","†","78","Stratified 2-stage cluster sample"
"1949","Exemption","Medical Exemption","States","Wisconsin","2022-23","0.5","63593","93.9","NULL","340","Census (pub.), vol. response (pvt.)"
"1950","Exemption","Medical Exemption","States","Idaho","2022-23","0.5","23721","99.3","||","126","Census"
"1951","Exemption","Medical Exemption","States","Nebraska","2022-23","0.5","23176","100","†","123","Census"
"1952","Exemption","Medical Exemption","States","Maryland","2022-23","0.5","59684","100","†","307","Census"
"1953","Exemption","Medical Exemption","States","Florida","2022-23","0.4","230309","97.7","†","832","Census"
"1954","Exemption","Medical Exemption","States","Washington","2022-23","0.4","86284","97.9","NULL","366","Census"
"1955","Exemption","Medical Exemption","States","District of Columbia","2023-24","0.2","7874","100","†","15","Census"
"1956","Exemption","Medical Exemption","States","Missouri","2023-24","0.2","69014","100",">=. †. §","151","Census"
"1957","Exemption","Medical Exemption","States","Colorado","2023-24","0.2","61662","100",">=. §. ||","105","Census"
"1958","Exemption","Medical Exemption","States","Mississippi","2023-24","0.1","36105","100","†","52","Census"
"1959","Exemption","Medical Exemption","States","New Jersey","2023-24","0.1","105408","100","†","142","Census"
"1960","Exemption","Medical Exemption","States","Kansas","2022-23","0.3","35543","85","†","116","Census"
"1961","Exemption","Medical Exemption","States","District of Columbia","2022-23","0.3","8064","100","†","27","Census"
"1962","Exemption","Medical Exemption","States","Connecticut","2022-23","0.3","35580","100","†","112","Census"
"1963","Exemption","Medical Exemption","States","North Dakota","2022-23","0.2","10554","99.4","NULL","22","Census"
"1964","Exemption","Medical Exemption","States","Ohio","2022-23","0.2","134893","93.7","||","275","Census (pub.), vol. response (pvt.)"
"1965","Exemption","Medical Exemption","States","Utah","2021-22","0.3","48995","100","NULL","129","Census"
"1966","Exemption","Medical Exemption","States","Wisconsin","2021-22","0.3","64275","96.8","NULL","198","Census (pub.), vol. response (pvt.)"
"1967","Exemption","Medical Exemption","States","Pennsylvania","2021-22","0.3","139558","94.9","NULL","466","Census (pub.), vol. response (pvt.)"
"1968","Exemption","Medical Exemption","States","North Dakota","2021-22","0.3","10755","96.6","NULL","27","Census"
"1969","Exemption","Medical Exemption","States","Virginia","2021-22","0.3","95996","96.1","†","263","Census"
"1970","Exemption","Medical Exemption","States","New Mexico","2021-22","0.3","20736","100","†","58","Census"
"1971","Exemption","Medical Exemption","States","Nebraska","2021-22","0.3","25018","99.5","†","85","Census"
"1972","Exemption","Medical Exemption","States","Nevada","2021-22","0.4","36855","99.2","†","164","Census (pub.), vol. response (pvt.)"
"1973","Exemption","Medical Exemption","States","Arizona","2021-22","0.4","83463","97","‡","302","Census"
"1974","Exemption","Medical Exemption","States","Florida","2021-22","0.4","229432","97.8","†","860","Census"
"1975","Exemption","Medical Exemption","States","Washington","2021-22","0.5","87256","97.3","NULL","465","Census (pub.), vol. response (pvt.)"
"1976","Exemption","Medical Exemption","States","Michigan","2021-22","0.2","114251","100","NULL","266","Census"
"1977","Exemption","Medical Exemption","States","New Hampshire","2021-22","0.2","12157","100","†","29","Census"
"1978","Exemption","Medical Exemption","States","Missouri","2021-22","0.2","71034","100",">=. †. §","140","Census"
"1979","Exemption","Medical Exemption","States","Connecticut","2021-22","0.3","35451","100","†","102","Census"
"1980","Exemption","Medical Exemption","States","Kentucky","2024-25","0.1","51319","100","†","73","Census"
"1981","Exemption","Medical Exemption","States","TX-City of Houston","2022-23","0.2","37664","98.8","||","93","Census (pub.), vol. response (pvt.)"
"1982","Exemption","Medical Exemption","States","Illinois","2022-23","0.2","135332","100","†. §","291","Census"
"1983","Exemption","Medical Exemption","States","Indiana","2022-23","0.2","81307","87.5","†","175","Vol. response (pub.), census (pvt.)"
"1984","Exemption","Medical Exemption","States","South Carolina","2022-23","0.2","58878","100","†","138","Census"
"1985","Exemption","Medical Exemption","States","Iowa","2022-23","0.2","39178","100","†","68","Census"
"1986","Exemption","Medical Exemption","States","Tennessee","2022-23","0.2","79692","100","†","122","Census"
"1987","Exemption","Medical Exemption","States","Texas","2022-23","0.2","381680","98","||","850","Census"
"1988","Exemption","Medical Exemption","States","California","2022-23","0.2","541132","100","†. ‡","1036","Census"
"1989","Exemption","Medical Exemption","States","Vermont","2022-23","0.2","5816","100","†","14","Census"
"1990","Exemption","Medical Exemption","States","Kentucky","2022-23","0.2","54742","96.9","†","95","Census"
"1991","Exemption","Medical Exemption","States","Missouri","2022-23","0.2","69126","100",">=. †. §","133","Census"
"1992","Exemption","Medical Exemption","States","Mississippi","2022-23","0.2","36048","100","†. ‡","71","Census"
"1993","Exemption","Medical Exemption","States","Michigan","2022-23","0.2","113678","100","NULL","227","Census"
"1994","Exemption","Medical Exemption","States","Massachusetts","2022-23","0.2","66041","100","†","112","Census"
"1995","Exemption","Medical Exemption","States","Wyoming","2022-23","0.2","7060","100","†","16","Census"
"1996","Exemption","Medical Exemption","States","Utah","2022-23","0.1","46635","100","NULL","57","Census"
"1997","Exemption","Medical Exemption","States","Texas","2024-25","0.3","378860","97.3","||","1210","Census (pub.), vol. response (prv.)"
"1998","Exemption","Medical Exemption","States","Connecticut","2024-25","0.4","30112","100","†","120","Census"
"1999","Exemption","Medical Exemption","States","Washington","2024-25","0.4","76756","97.9","||||. ¶¶","273","Census"
"2000","Exemption","Medical Exemption","States","Alaska","2024-25","0.4","7338","99.8","†. ‡‡","26","Census (pub.), not conducted (prv.)"
"2001","Exemption","Medical Exemption","States","Delaware","2022-23","0.1","10674","9.7","†","15","Stratified 2-stage cluster sample"
"2002","Exemption","Medical Exemption","States","Georgia","2022-23","0.1","123771","100","†","147","Census"
"2003","Exemption","Medical Exemption","States","Arkansas","2022-23","0.1","38358","95.8","<","23","Census (pub.), vol. response (pvt.)"
"2004","Exemption","Medical Exemption","States","Arizona","2022-23","0.1","80814","97.7","‡","64","Census"
"2005","Exemption","Medical Exemption","States","NY-City of New York","2022-23","0.1","85379","97.6","†. ‡","63","Census (pub.), vol. response (pvt.)"
"2006","Exemption","Medical Exemption","States","New York","2022-23","0.1","205906","96.6","†. ‡","247","Census (pub.), vol. response (pvt.)"
"2007","Exemption","Medical Exemption","States","Alabama","2022-23","0.1","59113","100","†","79","Census"
"2008","Exemption","Medical Exemption","States","New Mexico","2022-23","0.1","21068","100","†","28","Census"
"2009","Exemption","Medical Exemption","States","New Jersey","2022-23","0.1","104468","100","†","133","Census"
"2010","Exemption","Medical Exemption","States","New Hampshire","2022-23","0.1","11332","100","†","15","Census"
"2011","Exemption","Medical Exemption","States","Minnesota","2022-23","0.1","68152","97.9",">=. §. ||","100","Census"
"2012","Exemption","Medical Exemption","States","Louisiana","2022-23","0.1","54314","100","<","72","Census"
"2013","Exemption","Medical Exemption","States","West Virginia","2022-23","0","19175","86.1","<. †. ‡","7","Vol. response (pub.), census (pvt.)"
"2014","Exemption","Medical Exemption","States","Wisconsin","2023-24","0.4","62028","98.2","||||. ¶¶","239","Census"
"2015","Exemption","Medical Exemption","States","Idaho","2023-24","0.4","22376","100","||","91","Census"
"2016","Exemption","Medical Exemption","States","Washington","2023-24","0.4","84053","97.2","||||. ¶¶","342","Census"
"2017","Exemption","Medical Exemption","States","Connecticut","2023-24","0.4","36184","100","†","128","Census"
"2018","Exemption","Medical Exemption","States","Kansas","2023-24","0.3","34178","83.9","†","87","Census"
"2019","Exemption","Medical Exemption","States","Illinois","2023-24","0.3","133578","100",">=. †. §","364","Census"
"2020","Exemption","Medical Exemption","States","Virginia","2023-24","0.3","92633","100","†","273","Stratified 2-stage cluster sample"
"2021","Exemption","Medical Exemption","States","Pennsylvania","2023-24","0.3","137593","96.5","NULL","438","Census"
"2022","Exemption","Medical Exemption","States","Arizona","2023-24","0.4","74834","99.6","‡","305","Census"
"2023","Exemption","Medical Exemption","States","Nebraska","2023-24","0.7","23118","100",">=. †. §","155","Census"
"2024","Exemption","Medical Exemption","States","Maryland","2023-24","0.7","63224","100","†","451","Census"
"2025","Exemption","Medical Exemption","States","Nevada","2023-24","0.9","31261","91.3","†","271","Census"
"2026","Exemption","Medical Exemption","States","Maine","2023-24","0.9","12087","93","NULL","112","Census"
"2027","Exemption","Medical Exemption","States","Delaware","2023-24","0.1","11043","12.1","†","8","Stratified 2-stage cluster sample"
"2028","Exemption","Medical Exemption","States","California","2023-24","0.1","569680","100","†. ‡","648","Census"
"2029","Exemption","Medical Exemption","States","Georgia","2023-24","0.1","136943","100","†","128","Census"
"2030","Exemption","Medical Exemption","States","Hawaii","2023-24","0.1","13995","8.2","<. †","0","Stratified 2-stage cluster sample"
"2031","Exemption","Medical Exemption","States","Alabama","2023-24","0.1","54565","100","†","44","Census"
"2032","Exemption","Medical Exemption","States","South Carolina","2023-24","0.2","58069","100","†","108","Census"
"2033","Exemption","Medical Exemption","States","Minnesota","2023-24","0.2","66032","99.1",">=. §. ||","110","Census"
"2034","Exemption","Medical Exemption","States","Oklahoma","2023-24","0.2","49979","93.8","NULL","99","Census (pub.), vol. response (prv.)"
"2035","Exemption","Medical Exemption","States","Ohio","2023-24","0.2","133716","94","||","266","Census (pub.), vol. response (prv.)"
"2036","Exemption","Medical Exemption","States","North Dakota","2023-24","0.2","9708","97.5","NULL","20","Census"
"2037","Exemption","Medical Exemption","States","Nebraska","2025-26","0.8","23807","100","�","187","Census"
"2038","Exemption","Medical Exemption","States","West Virginia","2025-26","0.1","15445","93.3","<. �. �. ��","6","Census"
"2039","Exemption","Medical Exemption","States","Oregon","2025-26","0.1","37309","100","||","35","Census"
"2040","Exemption","Medical Exemption","States","New Mexico","2023-24","0.1","20699","100","†","29","Census"
"2041","Exemption","Medical Exemption","States","New York","2023-24","0.1","200894","98.8","†. ‡","255","Census"
"2042","Exemption","Medical Exemption","States","NY-City of New York","2023-24","0.1","85360","99.3","†. ‡","61","Census"
"2043","Exemption","Medical Exemption","States","North Carolina","2023-24","0.1","125964","90.8","†","170","Census (pub.), vol. response (prv.)"
"2044","Exemption","Medical Exemption","States","Oregon","2023-24","0.1","39568","100","||","46","Census"
"2045","Exemption","Medical Exemption","States","Rhode Island","2023-24","0.1","10539","97.8","†","15","Census"
"2046","Exemption","Medical Exemption","States","Tennessee","2023-24","0.1","79323","95.8","†","107","Census"
"2047","Exemption","Medical Exemption","States","West Virginia","2023-24","0.1","18261","82.8","<. †. ‡","7","Vol. response"
"2048","Exemption","Medical Exemption","States","Louisiana","2023-24","0.1","51839","100","NULL","56","Census"
"2049","Exemption","Medical Exemption","States","Indiana","2023-24","0.1","80639","88.5","†","75","Census (pub.), vol. response (prv.)"
"2050","Exemption","Medical Exemption","States","Arkansas","2023-24","0.1","37535","95.4","<","10","Census (pub.), vol. response (prv.)"
"2051","Exemption","Medical Exemption","States","Mississippi","2024-25","0.1","35293","100","†","47","Census"
"2052","Exemption","Medical Exemption","States","Arizona","2024-25","0.1","75024","97.4","‡","68","Census"
"2053","Exemption","Medical Exemption","States","Arkansas","2024-25","0.1","37570","96.4","<","13","Census (pub.), vol. response (prv.)"
"2054","Exemption","Medical Exemption","States","California","2024-25","0.1","590849","100","†. ‡","492","Census"
"2055","Exemption","Medical Exemption","States","Indiana","2024-25","0.1","73744","92.7","†. ||||","86","Census (pub.), vol. response (prv.)"
"2056","Exemption","Medical Exemption","States","Georgia","2024-25","0.1","114568","100","†","94","Census"
"2057","Exemption","Medical Exemption","States","Delaware","2024-25","0.1","10393","14.2","<. †","1","2-stage cluster sample (pub.), nonrandom 2-stage cluster sample (prv.)"
"2058","Exemption","Medical Exemption","States","NY-City of New York","2024-25","0.1","85986","96.9","†. ‡","62","Census (pub.), vol. response (prv.)"
"2059","Exemption","Medical Exemption","States","North Carolina","2024-25","0.1","124028","91","†","145","Census (pub.), vol. response (prv.)"
"2060","Exemption","Medical Exemption","States","Alabama","2024-25","0.1","53589","99.9","†","44","Census"
"2061","Exemption","Medical Exemption","States","Oregon","2024-25","0.1","38247","100","||","31","Census"
"2062","Exemption","Medical Exemption","States","Wyoming","2024-25","0.2","6564","100","†","15","Census"
"2063","Exemption","Medical Exemption","States","Hawaii","2024-25","0.2","13804","10.5","†","21","Stratified 2-stage cluster sample"
"2064","Exemption","Medical Exemption","States","New Hampshire","2024-25","0.2","11713","100","†","24","Census"
"2065","Exemption","Medical Exemption","States","Missouri","2024-25","0.2","68163","100",">=. †. §","154","Census"
"2066","Exemption","Medical Exemption","States","Minnesota","2024-25","0.2","64898","99.7",">=. §. ||","117","Census"
"2067","Exemption","Medical Exemption","States","Michigan","2024-25","0.3","107636","100","NULL","277","Census"
"2068","Exemption","Medical Exemption","States","Illinois","2024-25","0.3","132769","99.5",">=. †. §","399","Census"
"2069","Exemption","Medical Exemption","States","Idaho","2024-25","0.3","22242","99.5","||","64","Census"
"2070","Exemption","Medical Exemption","States","Florida","2024-25","0.3","221053","100","†","731","Census"
"2071","Exemption","Medical Exemption","States","District of Columbia","2024-25","0.3","7997","100","†","20","Census"
"2072","Exemption","Medical Exemption","States","Oklahoma","2024-25","0.3","47544","86.7","NULL","119","Vol. response"
"2073","Exemption","Medical Exemption","States","Virginia","2024-25","0.3","91453","98","†","301","Census"
"2074","Exemption","Medical Exemption","States","Pennsylvania","2024-25","0.3","140160","95.3","NULL","464","Census (pub.), vol. response (prv.)"
"2075","Exemption","Medical Exemption","States","Utah","2024-25","0.3","45818","100","NULL","138","Census"
"2076","Exemption","Medical Exemption","States","Kansas","2024-25","0.3","33892","81.6","†","104","Census"
"2077","Exemption","Non-Medical Exemption","States","Oregon","2010-11",NA,"NULL","NULL","NULL","NULL",NA
"2078","Exemption","Non-Medical Exemption","States","Oklahoma","2010-11",NA,"NULL","NULL","NULL","NULL",NA
"2079","Exemption","Non-Medical Exemption","States","Ohio","2010-11",NA,"NULL","NULL","NULL","NULL",NA
"2080","Exemption","Medical Exemption","States","Maryland","2024-25","0.5","66135","95.6","†","346","Census (pub.), vol. response (prv.)"
"2081","Exemption","Medical Exemption","States","Wisconsin","2024-25","0.5","61120","95.7","||||. ¶¶","331","Census (pub.), vol. response (prv.)"
"2082","Exemption","Medical Exemption","States","Nebraska","2024-25","0.5","24102","100","†","122","Census"
"2083","Exemption","Medical Exemption","States","Nevada","2024-25","0.5","33272","92.6","†","153","Census (pub.), vol. response (prv.)"
"2084","Exemption","Medical Exemption","States","Maine","2024-25","0.8","11761","95.4","†. ‡","97","Census"
"2085","Exemption","Medical Exemption","States","South Dakota","2025-26","0.1","11009","100","�","11","Census"
"2086","Exemption","Medical Exemption","States","Wyoming","2025-26","0.1","6146","100","�","4","Census"
"2087","Exemption","Medical Exemption","States","North Carolina","2025-26","0.1","120045","90.1","�","123","Census (pub.), vol. response (prv.)"
"2088","Exemption","Medical Exemption","States","NY-City of New York","2025-26","0.1","82534","98.1","�. �","85","Census"
"2089","Exemption","Medical Exemption","States","New York","2025-26","0.1","203514","95.8","�. �","272","Census (pub.), vol. response (prv.)"
"2090","Exemption","Medical Exemption","States","New Mexico","2025-26","0.1","19843","100","�","29","Census"
"2091","Exemption","Medical Exemption","States","Alabama","2025-26","0.1","53378","100","�","63","Census"
"2092","Exemption","Medical Exemption","States","New Jersey","2025-26","0.1","101602","92.3","�","146","Census"
"2093","Exemption","Medical Exemption","States","Arizona","2025-26","0.1","73907","92.5","�","80","Census (pub.), vol. response (prv.)"
"2094","Exemption","Medical Exemption","States","Arkansas","2025-26","0.1","35543","96.7","<","14","Census (pub.), vol. response (prv.)"
"2095","Exemption","Medical Exemption","States","TX-City of Houston","2023-24","0.2","37882","67.7","||","81","Vol. response"
"2096","Exemption","Medical Exemption","States","Massachusetts","2023-24","0.2","65424","100","†","126","Census"
"2097","Exemption","Medical Exemption","States","Michigan","2023-24","0.2","110156","100","NULL","216","Census"
"2098","Exemption","Medical Exemption","States","Vermont","2023-24","0.2","5630","100","†","11","Census"
"2099","Exemption","Medical Exemption","States","Utah","2023-24","0.2","46228","100","NULL","93","Census"
"2100","Exemption","Medical Exemption","States","Texas","2023-24","0.2","381421","92.4","||","817","Census (pub.), vol. response (prv.)"
"2101","Exemption","Medical Exemption","States","South Dakota","2023-24","0.2","11744","99.8","†","27","Census"
"2102","Exemption","Medical Exemption","States","New Hampshire","2025-26","0.2","11544","100","�","20","Census"
"2103","Exemption","Medical Exemption","States","Florida","2025-26","0.3","213535","100","�","737","Census"
"2104","Exemption","Medical Exemption","States","Pennsylvania","2025-26","0.3","134313","95.7","NULL","377","Census (pub.), vol. response (prv.)"
"2105","Exemption","Medical Exemption","States","Virginia","2025-26","0.3","88950","95.7","�","250","Census"
"2106","Exemption","Medical Exemption","States","Washington","2025-26","0.3","75631","99.1","||||. ��","235","Census"
"2107","Exemption","Medical Exemption","States","Kansas","2025-26","0.4","33420","84.1","�","118","Census"
"2108","Exemption","Medical Exemption","States","Indiana","2025-26","0.4","70886","87.1","�. ||||","314","Vol. response"
"2109","Exemption","Medical Exemption","States","Maryland","2025-26","0.4","66945","97.8","�","254","Census (pub.), vol. response (prv.)"
"2110","Exemption","Medical Exemption","States","Illinois","2025-26","0.4","128598","99.8",">=. �. �","571","Census"
"2111","Exemption","Medical Exemption","States","Idaho","2025-26","0.4","21728","100","||","92","Census"
"2112","Exemption","Medical Exemption","States","Nevada","2025-26","0.4","32815","93.6","�","127","Census (pub.), vol. response (prv.)"
"2113","Exemption","Medical Exemption","States","Alaska","2025-26","0.4","8253","60.9","�. ��","37","Vol. response (public), not conducted (private)"
"2114","Exemption","Medical Exemption","States","Utah","2025-26","0.4","44001","100","NULL","186","Census"
"2115","Exemption","Medical Exemption","States","Wisconsin","2025-26","0.4","59360","96.6","||||. ��","209","Census (pub.), vol. response (prv.)"
"2116","Exemption","Medical Exemption","States","Connecticut","2025-26","0.5","33118","100","�","169","Census"
"2117","Exemption","Medical Exemption","States","Maine","2025-26","0.8","11634","94.4","�. �","92","Census"
"2118","Exemption","Non-Medical Exemption","States","Louisiana","2009-10","0.5","53846","NULL","NULL","260","Census"
"2119","Exemption","Non-Medical Exemption","States","South Carolina","2009-10","0.6","53725","NULL","†","303","Random sample"
"2120","Exemption","Non-Medical Exemption","States","Delaware","2009-10","0.6","11327","NULL","†","65","Random sample"
"2121","Exemption","Non-Medical Exemption","States","West Virginia","2009-10",NA,"22730","NULL","‡. †","NULL","Voluntary response"
"2122","Exemption","Non-Medical Exemption","States","New Hampshire","2009-10",NA,"NULL","NULL","NULL","NULL","Not conducted"
"2123","Exemption","Non-Medical Exemption","States","Wyoming","2009-10",NA,"NULL","NULL","NULL","NULL","Not conducted"
"2124","Exemption","Non-Medical Exemption","States","Missouri","2009-10",NA,"75958","NULL","§","NULL","Random sample"
"2125","Exemption","Non-Medical Exemption","States","Mississippi","2009-10",NA,"46922","NULL","‡. †","NULL","Census"
"2126","Exemption","Non-Medical Exemption","States","Minnesota","2009-10",NA,"70653","NULL","NULL","NULL","Not conducted"
"2127","Exemption","Non-Medical Exemption","States","Illinois","2009-10",NA,"165845","NULL","§","NULL","Census"
"2128","Exemption","Non-Medical Exemption","States","Colorado","2009-10",NA,"NULL","NULL","NULL","NULL","Not conducted"
"2129","Exemption","Medical Exemption","States","South Carolina","2024-25","0.1","57718","100","†","80","Census"
"2130","Exemption","Medical Exemption","States","South Dakota","2024-25","0.1","11367","99.3","†","7","Census"
"2131","Exemption","Medical Exemption","States","Tennessee","2024-25","0.1","78299","96.7","†","100","Census"
"2132","Exemption","Medical Exemption","States","Louisiana","2024-25","0.1","49229","100","NULL","61","Census"
"2133","Exemption","Medical Exemption","States","Massachusetts","2024-25","0.1","65581","100","†","98","Census"
"2134","Exemption","Medical Exemption","States","New York","2024-25","0.1","234054","85.1","NULL","632","Vol. response"
"2135","Exemption","Medical Exemption","States","New Mexico","2024-25","0.1","20180","100","†","19","Census"
"2136","Exemption","Medical Exemption","States","New Jersey","2024-25","0.1","104339","100","†","140","Census"
"2137","Exemption","Medical Exemption","States","Ohio","2024-25","0.2","131589","93.2","||","224","Census (pub.), vol. response (prv.)"
"2138","Exemption","Medical Exemption","States","North Dakota","2024-25","0.2","9659","98.8","NULL","23","Census"
"2139","Exemption","Medical Exemption","States","Iowa","2024-25","0.2","38268","100","†","62","Census"
"2140","Exemption","Medical Exemption","States","Rhode Island","2024-25","0.2","10088","96.7","†","20","Census"
"2141","Exemption","Medical Exemption","States","Colorado","2024-25","0.2","60055","100",">=. §. ||","92","Census"
"2142","Exemption","Medical Exemption","States","TX-City of Houston","2024-25","0.2","36981","98.8","||","80","Census (pub.), vol. response (prv.)"
"2143","Exemption","Medical Exemption","States","Vermont","2024-25","0.2","5432","100","†","11","Census"
"2144","Exemption","Non-Medical Exemption","States","Kansas","2009-10","0.8","39073","NULL","†","304","Census"
"2145","Exemption","Non-Medical Exemption","States","Texas","2009-10","0.8","381425","NULL","||. §","2904","Census"
"2146","Exemption","Non-Medical Exemption","States","North Carolina","2009-10","0.7","116087","NULL","†","756","Census"
"2147","Exemption","Non-Medical Exemption","States","Massachusetts","2009-10","0.7","74476","NULL","†","538","Census"
"2148","Exemption","Non-Medical Exemption","States","South Dakota","2009-10","0.7","11499","NULL","†","83","Census"
"2149","Exemption","Non-Medical Exemption","States","New Mexico","2009-10","0.7","26318","NULL","†","183","Random sample"
"2150","Exemption","Non-Medical Exemption","States","Virginia","2009-10","0.7","100891","NULL","†","751","Random sample"
"2151","Exemption","Non-Medical Exemption","States","New Jersey","2010-11",NA,"NULL","NULL","NULL","NULL",NA
"2152","Exemption","Non-Medical Exemption","States","New Mexico","2010-11",NA,"NULL","NULL","NULL","NULL",NA
"2153","Exemption","Non-Medical Exemption","States","New York","2010-11",NA,"NULL","NULL","NULL","NULL",NA
"2154","Exemption","Non-Medical Exemption","States","North Carolina","2010-11",NA,"NULL","NULL","NULL","NULL",NA
"2155","Exemption","Non-Medical Exemption","States","North Dakota","2010-11",NA,"NULL","NULL","NULL","NULL",NA
"2156","Exemption","Non-Medical Exemption","States","Texas","2010-11",NA,"NULL","NULL","NULL","NULL",NA
"2157","Exemption","Non-Medical Exemption","States","Tennessee","2010-11",NA,"NULL","NULL","NULL","NULL",NA
"2158","Exemption","Non-Medical Exemption","States","South Dakota","2010-11",NA,"NULL","NULL","NULL","NULL",NA
"2159","Exemption","Non-Medical Exemption","States","South Carolina","2010-11",NA,"NULL","NULL","NULL","NULL",NA
"2160","Exemption","Non-Medical Exemption","States","Rhode Island","2010-11",NA,"NULL","NULL","NULL","NULL",NA
"2161","Exemption","Non-Medical Exemption","States","Pennsylvania","2010-11",NA,"NULL","NULL","NULL","NULL",NA
"2162","Exemption","Non-Medical Exemption","States","Kentucky","2010-11",NA,"NULL","NULL","NULL","NULL",NA
"2163","Exemption","Non-Medical Exemption","States","Kansas","2010-11",NA,"NULL","NULL","NULL","NULL",NA
"2164","Exemption","Non-Medical Exemption","States","Iowa","2010-11",NA,"NULL","NULL","NULL","NULL",NA
"2165","Exemption","Non-Medical Exemption","States","Indiana","2010-11",NA,"NULL","NULL","NULL","NULL",NA
"2166","Exemption","Non-Medical Exemption","States","Illinois","2010-11",NA,"NULL","NULL","NULL","NULL",NA
"2167","Exemption","Non-Medical Exemption","States","Massachusetts","2011-12","1","79551","NULL","†","742","Census"
"2168","Exemption","Medical Exemption","States","California","2025-26","0.1","614405","100","�. �","558","Census"
"2169","Exemption","Medical Exemption","States","Delaware","2025-26","0.1","10729","12.9","<. �","4","2-stage cluster sample (pub.), nonrandom 2-stage cluster sample (prv.)"
"2170","Exemption","Medical Exemption","States","Mississippi","2025-26","0.1","34969","100","�","34","Census"
"2171","Exemption","Medical Exemption","States","Georgia","2025-26","0.1","118864","100","�","85","Census"
"2172","Exemption","Medical Exemption","States","Hawaii","2025-26","0.1","13791","11.7","<. �","3","Stratified 2-stage cluster sample"
"2173","Exemption","Medical Exemption","States","Iowa","2025-26","0.1","37490","100","�","46","Census"
"2174","Exemption","Medical Exemption","States","TX-City of Houston","2025-26","0.2","36071","94.6","||","85","Census (pub.), vol. response (prv.)"
"2175","Exemption","Medical Exemption","States","Texas","2025-26","0.2","358586","98.3","||","762","Census (pub.), vol. response (prv.)"
"2176","Exemption","Medical Exemption","States","Tennessee","2025-26","0.2","73415","97.4","�","114","Census"
"2177","Exemption","Medical Exemption","States","South Carolina","2025-26","0.2","57542","100","�","99","Census"
"2178","Exemption","Medical Exemption","States","Rhode Island","2025-26","0.2","10123","97.1","�","20","Census"
"2179","Exemption","Medical Exemption","States","Vermont","2025-26","0.2","5298","100","�","8","Census"
"2180","Exemption","Medical Exemption","States","Oklahoma","2025-26","0.2","47844","90.7","NULL","108","Census (pub.), vol. response (prv.)"
"2181","Exemption","Medical Exemption","States","Ohio","2025-26","0.2","129087","95.9","||","249","Census (pub.), vol. response (prv.)"
"2182","Exemption","Medical Exemption","States","North Dakota","2025-26","0.2","9344","98.6","NULL","16","Census"
"2183","Exemption","Medical Exemption","States","Colorado","2025-26","0.2","60049","100",">=. �. ||","98","Census"
"2184","Exemption","Medical Exemption","States","District of Columbia","2025-26","0.2","7871","100","�","17","Census"
"2185","Exemption","Medical Exemption","States","Kentucky","2025-26","0.2","49937","100","�","103","Census"
"2186","Exemption","Medical Exemption","States","Louisiana","2025-26","0.2","50223","100","NULL","81","Census"
"2187","Exemption","Medical Exemption","States","Massachusetts","2025-26","0.2","65331","100","�","102","Census"
"2188","Exemption","Medical Exemption","States","Michigan","2025-26","0.2","104614","100","NULL","232","Census"
"2189","Exemption","Medical Exemption","States","Minnesota","2025-26","0.2","63451","99.9",">=. �. ||","111","Census"
"2190","Exemption","Medical Exemption","States","Missouri","2025-26","0.2","66610","100",">=. �. �","143","Census"
"2191","Exemption","Non-Medical Exemption","States","North Dakota","2011-12","1","8412","NULL","NULL","5","Convenient"
"2192","Exemption","Non-Medical Exemption","States","Oklahoma","2011-12","1","52987","NULL","NULL","474","Census"
"2193","Exemption","Non-Medical Exemption","States","South Carolina","2011-12","1","59307","NULL","†","59","1-stage Cluster Sample"
"2194","Exemption","Non-Medical Exemption","States","Iowa","2011-12","1","40978","NULL","†","412","Census"
"2195","Exemption","Non-Medical Exemption","States","Rhode Island","2009-10","0.2","11818","NULL","†","26","Random sample"
"2196","Exemption","Non-Medical Exemption","States","Kentucky","2009-10","0.3","56526","NULL","†","193","Census"
"2197","Exemption","Non-Medical Exemption","States","District of Columbia","2009-10","0.3","6092","NULL","†","20","Census"
"2198","Exemption","Non-Medical Exemption","States","Alabama","2009-10","0.4","75358","NULL","†. ¶","282","Census"
"2199","Exemption","Non-Medical Exemption","States","Arkansas","2009-10","0.5","34733","NULL","NULL","165","Census"
"2200","Exemption","Non-Medical Exemption","States","Tennessee","2009-10","0.5","90811","NULL","†","421","Voluntary response"
"2201","Exemption","Non-Medical Exemption","States","New York","2009-10","0.5","229273","NULL","†","1117","Census"
"2202","Exemption","Non-Medical Exemption","States","Maryland","2009-10","0.5","75061","NULL","†","393","Voluntary response"
"2203","Exemption","Non-Medical Exemption","States","California","2012-13","2.8","535523","NULL","‡","14921","Census"
"2204","Exemption","Non-Medical Exemption","States","New Hampshire","2012-13","2.3","12943","NULL","†","298","Census"
"2205","Exemption","Non-Medical Exemption","States","Georgia","2012-13","2.2","142732","NULL","†","73","2-stage Cluster Sample"
"2206","Exemption","Non-Medical Exemption","States","Washington","2009-10","5.7","81511","NULL","NULL","4684","Census"
"2207","Exemption","Non-Medical Exemption","States","Vermont","2009-10","5.3","6713","NULL","NULL","354","Census"
"2208","Exemption","Non-Medical Exemption","States","Oregon","2009-10","5.2","44676","NULL","†","2330","Census"
"2209","Exemption","Non-Medical Exemption","States","Alaska","2009-10","3.8","9641","NULL","†","369","Voluntary response"
"2210","Exemption","Non-Medical Exemption","States","Michigan","2009-10","3.8","129810","NULL","NULL","4872","Census"
"2211","Exemption","Non-Medical Exemption","States","Utah","2009-10","3.6","49957","NULL","NULL","1815","Census"
"2212","Exemption","Non-Medical Exemption","States","Hawaii","2009-10","3.5","18427","NULL","†","645","Random sample"
"2213","Exemption","Non-Medical Exemption","States","Idaho","2009-10","3.5","22624","NULL","NULL","794","Census"
"2214","Exemption","Non-Medical Exemption","States","Wisconsin","2009-10","3.1","61095","NULL","NULL","1868","Random sample"
"2215","Exemption","Non-Medical Exemption","States","Maine","2009-10","3","14162","NULL","NULL","423","Voluntary response"
"2216","Exemption","Non-Medical Exemption","States","Arizona","2009-10","2.8","89287","NULL","‡","2479","Census"
"2217","Exemption","Non-Medical Exemption","States","Nebraska","2009-10","2.8","29607","NULL","†","802","Census"
"2218","Exemption","Non-Medical Exemption","States","Montana","2009-10","2.2","12335","NULL","†","262","Census"
"2219","Exemption","Non-Medical Exemption","States","California","2009-10","2","507191","NULL","‡","10280","Census"
"2220","Exemption","Non-Medical Exemption","States","Pennsylvania","2009-10","2","149656","NULL","||","2924","Census"
"2221","Exemption","Non-Medical Exemption","States","Ohio","2009-10","1.2","131137","NULL","||","1515","Census"
"2222","Exemption","Non-Medical Exemption","States","Nevada","2009-10","1","35209","NULL","†","357","Random sample"
"2223","Exemption","Non-Medical Exemption","States","Florida","2009-10","1","218630","NULL","†","2100","Census"
"2224","Exemption","Non-Medical Exemption","States","Georgia","2009-10","1","141949","NULL","†","1478","Random sample"
"2225","Exemption","Non-Medical Exemption","States","Oklahoma","2009-10","0.9","51128","NULL","NULL","456","Voluntary response"
"2226","Exemption","Non-Medical Exemption","States","New Jersey","2009-10","0.8","118347","NULL","†","905","Census"
"2227","Exemption","Non-Medical Exemption","States","Connecticut","2009-10","0.8","46158","NULL","†","387","Census"
"2228","Exemption","Non-Medical Exemption","States","North Dakota","2009-10","0.8","8323","NULL","NULL","67","Random sample"
"2229","Exemption","Non-Medical Exemption","States","Indiana","2009-10","0.8","84390","NULL","†","674","Census"
"2230","Exemption","Non-Medical Exemption","States","Iowa","2009-10","0.8","42698","NULL","†","359","Census"
"2231","Exemption","Non-Medical Exemption","States","Vermont","2010-11",NA,"NULL","NULL","NULL","NULL",NA
"2232","Exemption","Non-Medical Exemption","States","Virginia","2010-11",NA,"NULL","NULL","NULL","NULL",NA
"2233","Exemption","Non-Medical Exemption","States","Washington","2010-11",NA,"NULL","NULL","NULL","NULL",NA
"2234","Exemption","Non-Medical Exemption","States","Delaware","2010-11",NA,"NULL","NULL","NULL","NULL",NA
"2235","Exemption","Non-Medical Exemption","States","Connecticut","2010-11",NA,"NULL","NULL","NULL","NULL",NA
"2236","Exemption","Non-Medical Exemption","States","New Hampshire","2010-11",NA,"NULL","NULL","NULL","NULL",NA
"2237","Exemption","Non-Medical Exemption","States","Nevada","2010-11",NA,"NULL","NULL","NULL","NULL",NA
"2238","Exemption","Non-Medical Exemption","States","Nebraska","2010-11",NA,"NULL","NULL","NULL","NULL",NA
"2239","Exemption","Non-Medical Exemption","States","Montana","2010-11",NA,"NULL","NULL","NULL","NULL",NA
"2240","Exemption","Non-Medical Exemption","States","Missouri","2010-11",NA,"NULL","NULL","NULL","NULL",NA
"2241","Exemption","Non-Medical Exemption","States","Mississippi","2010-11",NA,"NULL","NULL","NULL","NULL",NA
"2242","Exemption","Non-Medical Exemption","States","Minnesota","2010-11",NA,"NULL","NULL","NULL","NULL",NA
"2243","Exemption","Non-Medical Exemption","States","Michigan","2010-11",NA,"NULL","NULL","NULL","NULL",NA
"2244","Exemption","Non-Medical Exemption","States","Massachusetts","2010-11",NA,"NULL","NULL","NULL","NULL",NA
"2245","Exemption","Non-Medical Exemption","States","Maryland","2010-11",NA,"NULL","NULL","NULL","NULL",NA
"2246","Exemption","Non-Medical Exemption","States","Maine","2010-11",NA,"NULL","NULL","NULL","NULL",NA
"2247","Exemption","Non-Medical Exemption","States","Louisiana","2010-11",NA,"NULL","NULL","NULL","NULL",NA
"2248","Exemption","Non-Medical Exemption","States","Pennsylvania","2013-14","1.7","151253","NULL","NULL","2552","Census"
"2249","Exemption","Non-Medical Exemption","States","Minnesota","2013-14","1.7","72087","NULL","§","1225","Census"
"2250","Exemption","Non-Medical Exemption","States","Texas","2011-12","1","388178","NULL","||. §","3889","Census"
"2251","Exemption","Non-Medical Exemption","States","New Jersey","2011-12","1.1","118669","NULL","†","1278","Census"
"2252","Exemption","Non-Medical Exemption","States","Florida","2011-12","1.2","225532","NULL","†","2771","Census"
"2253","Exemption","Non-Medical Exemption","States","Georgia","2011-12","1.2","143065","NULL","†","57","2-stage Cluster Sample"
"2254","Exemption","Non-Medical Exemption","States","Ohio","2011-12","1.3","146144","NULL","||","1582","Convenient"
"2255","Exemption","Non-Medical Exemption","States","Pennsylvania","2011-12","1.4","148042","NULL","||","2083","Census"
"2256","Exemption","Non-Medical Exemption","States","Minnesota","2011-12","1.5","71213","NULL","§","1086","Census"
"2257","Exemption","Non-Medical Exemption","States","Nevada","2011-12","1.5","36557","NULL","†","38","2-stage Cluster Sample"
"2258","Exemption","Non-Medical Exemption","States","Missouri","2011-12","1.8","75240","NULL","§","71","2-stage Cluster Sample"
"2259","Exemption","Non-Medical Exemption","States","New Hampshire","2011-12","1.9","13022","NULL","†","251","Census"
"2260","Exemption","Non-Medical Exemption","States","New Mexico","2011-12","2","29159","NULL","†","12","2-stage Cluster Sample"
"2261","Exemption","Non-Medical Exemption","States","California","2011-12","2.4","542544","NULL","‡","12665","Census"
"2262","Exemption","Non-Medical Exemption","States","Montana","2011-12","2.6","12128","NULL","†","312","Census"
"2263","Exemption","Non-Medical Exemption","States","Maine","2011-12","3.5","13829","NULL","NULL","470","Census"
"2264","Exemption","Non-Medical Exemption","States","Arizona","2011-12","3.5","88293","NULL","‡","2948","Census"
"2265","Exemption","Non-Medical Exemption","States","Utah","2011-12","3.6","53800","NULL","NULL","1953","Census"
"2266","Exemption","Non-Medical Exemption","States","Hawaii","2011-12","3.8","19443","NULL","†","58","2-stage Cluster Sample"
"2267","Exemption","Non-Medical Exemption","States","Wisconsin","2011-12","4.1","70672","NULL","NULL","69","2-stage Cluster Sample"
"2268","Exemption","Non-Medical Exemption","States","Washington","2011-12","4.2","85134","NULL","NULL","3096","Voluntary Response"
"2269","Exemption","Non-Medical Exemption","States","Illinois","2011-12","4.5","163311","NULL","§","7270","Census"
"2270","Exemption","Non-Medical Exemption","States","Michigan","2011-12","4.9","124962","NULL","NULL","6165","Census"
"2271","Exemption","Non-Medical Exemption","States","Idaho","2011-12","5.1","22762","NULL","NULL","1165","Census"
"2272","Exemption","Non-Medical Exemption","States","Vermont","2011-12","5.4","6548","NULL","NULL","351","Census"
"2273","Exemption","Non-Medical Exemption","States","Alaska","2011-12","5.7","10286","NULL","†","43","Non-random Cluster Sample"
"2274","Exemption","Non-Medical Exemption","States","Oregon","2011-12","5.8","45855","NULL","†","2648","Census"
"2275","Exemption","Non-Medical Exemption","States","Nebraska","2011-12","1","26715","NULL","†","251","Census"
"2276","Exemption","Non-Medical Exemption","States","Nebraska","2012-13","1.1","24999","NULL","†","269","Census"
"2277","Exemption","Non-Medical Exemption","States","Massachusetts","2012-13","1.1","79661","NULL","†","843","Census"
"2278","Exemption","Non-Medical Exemption","States","Iowa","2012-13","1.2","41701","NULL","†","500","Census"
"2279","Exemption","Non-Medical Exemption","States","New Jersey","2012-13","1.2","122516","NULL","†","1458","Census"
"2280","Exemption","Non-Medical Exemption","States","Oklahoma","2012-13","1.2","56943","NULL","NULL","672","Census"
"2281","Exemption","Non-Medical Exemption","States","Texas","2012-13","1.2","414688","NULL","||. §","4936","Census"
"2282","Exemption","Non-Medical Exemption","States","Florida","2012-13","1.4","234628","NULL","†","3281","Census"
"2283","Exemption","Non-Medical Exemption","States","Connecticut","2012-13","1.4","41604","NULL","†","601","Census"
"2284","Exemption","Non-Medical Exemption","States","Utah","2012-13","3.7","54605","NULL","NULL","2016","Census"
"2285","Exemption","Non-Medical Exemption","States","Washington","2012-13","3.5","87773","NULL","*","3048","Census"
"2286","Exemption","Non-Medical Exemption","States","Montana","2012-13","3","12516","NULL","†","380","Census"
"2287","Exemption","Non-Medical Exemption","States","Texas","2014-15","1.3","406099","NULL","||. §","5273","Census (public); Voluntary response (private)"
"2288","Exemption","Non-Medical Exemption","States","New Mexico","2014-15","1.2","29918","NULL","†","347","Census"
"2289","Exemption","Non-Medical Exemption","States","Arkansas","2014-15","1.2","41252","NULL","NULL","512","Census (public); Voluntary response (private)"
"2290","Exemption","Non-Medical Exemption","States","Idaho","2012-13","5.5","23888","NULL","NULL","1309","Census"
"2291","Exemption","Non-Medical Exemption","States","Vermont","2012-13","5.7","6792","NULL","NULL","385","Census"
"2292","Exemption","Non-Medical Exemption","States","Hawaii","2012-13","2.2","20104","NULL","†. *","138","2-stage Cluster Sample"
"2293","Exemption","Non-Medical Exemption","States","Wyoming","2012-13","1.9","8133","NULL","†.‡‡","155","Census"
"2294","Exemption","Non-Medical Exemption","States","Nevada","2012-13","1.8","36070","NULL","†","224","2-stage Cluster Sample"
"2295","Exemption","Non-Medical Exemption","States","North Dakota","2012-13","1.8","9503","NULL","NULL","130","2-stage Cluster Sample"
"2296","Exemption","Non-Medical Exemption","States","Minnesota","2012-13","1.6","73310","NULL","§","1149","Census"
"2297","Exemption","Non-Medical Exemption","States","Ohio","2012-13","1.6","163687","NULL","||","2665","Census"
"2298","Exemption","Non-Medical Exemption","States","Missouri","2012-13","1.5","78416","NULL","§","1665","2-stage Cluster Sample"
"2299","Exemption","Non-Medical Exemption","States","Pennsylvania","2012-13","1.5","151364","NULL","||","2339","Census"
"2300","Exemption","Non-Medical Exemption","States","South Dakota","2012-13","1.5","12468","NULL","†","182","Census"
"2301","Exemption","Non-Medical Exemption","States","Michigan","2012-13","5.3","124662","NULL","NULL","6626","Census"
"2302","Exemption","Non-Medical Exemption","States","Illinois","2012-13","4.8","166884","NULL","§","8082","Census"
"2303","Exemption","Non-Medical Exemption","States","Colorado","2012-13","4","70657","NULL","NULL","2678","Simple Random Sample"
"2304","Exemption","Non-Medical Exemption","States","Alaska","2012-13","4","10319","NULL","†","415","Census"
"2305","Exemption","Non-Medical Exemption","States","Wisconsin","2012-13","4","72416","NULL","NULL","3907","2-stage Cluster Sample"
"2306","Exemption","Non-Medical Exemption","States","Maine","2012-13","3.9","14313","NULL","NULL","559","Census"
"2307","Exemption","Non-Medical Exemption","States","Arizona","2012-13","3.9","90054","NULL","‡","3475","Census"
"2308","Exemption","Non-Medical Exemption","States","Alaska","2010-11",NA,"NULL","NULL","NULL","NULL",NA
"2309","Exemption","Non-Medical Exemption","States","Arizona","2010-11",NA,"NULL","NULL","NULL","NULL",NA
"2310","Exemption","Non-Medical Exemption","States","Arkansas","2010-11",NA,"NULL","NULL","NULL","NULL",NA
"2311","Exemption","Non-Medical Exemption","States","California","2010-11",NA,"NULL","NULL","NULL","NULL",NA
"2312","Exemption","Non-Medical Exemption","States","Colorado","2010-11",NA,"NULL","NULL","NULL","NULL",NA
"2313","Exemption","Non-Medical Exemption","States","Alabama","2010-11",NA,"NULL","NULL","NULL","NULL",NA
"2314","Exemption","Non-Medical Exemption","States","Idaho","2010-11",NA,"NULL","NULL","NULL","NULL",NA
"2315","Exemption","Non-Medical Exemption","States","Hawaii","2010-11",NA,"NULL","NULL","NULL","NULL",NA
"2316","Exemption","Non-Medical Exemption","States","Georgia","2010-11",NA,"NULL","NULL","NULL","NULL",NA
"2317","Exemption","Non-Medical Exemption","States","Florida","2010-11",NA,"NULL","NULL","NULL","NULL",NA
"2318","Exemption","Non-Medical Exemption","States","Wyoming","2010-11",NA,"NULL","NULL","NULL","NULL",NA
"2319","Exemption","Non-Medical Exemption","States","Wisconsin","2010-11",NA,"NULL","NULL","NULL","NULL",NA
"2320","Exemption","Non-Medical Exemption","States","West Virginia","2010-11",NA,"NULL","NULL","NULL","NULL",NA
"2321","Exemption","Non-Medical Exemption","States","Utah","2010-11",NA,"NULL","NULL","NULL","NULL",NA
"2322","Exemption","Non-Medical Exemption","States","District of Columbia","2010-11",NA,"NULL","NULL","NULL","NULL",NA
"2323","Exemption","Non-Medical Exemption","States","Hawaii","2013-14","3.2","20056","NULL","†","634","Stratified  2-stage cluster sample"
"2324","Exemption","Non-Medical Exemption","States","California","2013-14","3.1","548606","NULL","‡","17253","Census"
"2325","Exemption","Non-Medical Exemption","States","New Hampshire","2013-14","2.5","13240","NULL","†","328","Census"
"2326","Exemption","Non-Medical Exemption","States","North Dakota","2013-14","2.3","9780","NULL","NULL","230","Census (Public); Stratified  2-stage cluster sample(Private)"
"2327","Exemption","Non-Medical Exemption","States","Nevada","2013-14","2","35782","NULL","†","724","Stratified  2-stage cluster sample"
"2328","Exemption","Non-Medical Exemption","States","Kansas","2013-14","1.9","41107","NULL","†","527","Census"
"2329","Exemption","Non-Medical Exemption","States","Ohio","2013-14","1.8","150000","NULL","||","2681","Census"
"2330","Exemption","Non-Medical Exemption","States","Florida","2013-14","1.7","233797","NULL","†","3991","Census"
"2331","Exemption","Non-Medical Exemption","States","Georgia","2013-14","1.7","143988","NULL","†","2420","Census"
"2332","Exemption","Non-Medical Exemption","States","Indiana","2013-14","0.8","87193","NULL","†","727","Voluntary response"
"2333","Exemption","Non-Medical Exemption","States","Maryland","2013-14","0.7","75659","NULL","†","513","Census"
"2334","Exemption","Non-Medical Exemption","States","Louisiana","2013-14","0.7","63976","NULL","NULL","422","Census"
"2335","Exemption","Non-Medical Exemption","States","Rhode Island","2013-14","0.7","11521","NULL","†","81","Census"
"2336","Exemption","Non-Medical Exemption","States","Delaware","2013-14","0.7","11997","NULL","†","83","Stratified  2-stage cluster sample"
"2337","Exemption","Non-Medical Exemption","States","Missouri","2013-14","1.6","78140","NULL","§","1250","Census"
"2338","Exemption","Non-Medical Exemption","States","South Dakota","2013-14","1.6","12566","NULL","†. *","199","Census"
"2339","Exemption","Non-Medical Exemption","States","Connecticut","2013-14","1.6","40978","NULL","†","670","Census"
"2340","Exemption","Non-Medical Exemption","States","New Jersey","2013-14","1.4","123085","NULL","†","1741","Census"
"2341","Exemption","Non-Medical Exemption","States","Texas","2013-14","1.4","409255","NULL","||. §","5536","Census"
"2342","Exemption","Non-Medical Exemption","States","Oklahoma","2013-14","1.4","57377","NULL","NULL","808","Voluntary response"
"2343","Exemption","Non-Medical Exemption","States","South Carolina","2013-14","1.2","61661","NULL","†. *","772","1-stage stratified sample"
"2344","Exemption","Non-Medical Exemption","States","Iowa","2013-14","1.2","43728","NULL","†","521","Census"
"2345","Exemption","Non-Medical Exemption","States","South Dakota","2011-12","1","12127","NULL","†","120","Census"
"2346","Exemption","Non-Medical Exemption","States","Connecticut","2011-12","1","45695","NULL","†","472","Census"
"2347","Exemption","Non-Medical Exemption","States","Kansas","2011-12","0.9","38402","NULL","†","364","Census"
"2348","Exemption","Non-Medical Exemption","States","Indiana","2011-12","0.9","83416","NULL","†","514","Voluntary Response"
"2349","Exemption","Non-Medical Exemption","States","Virginia","2011-12","0.8","101121","NULL","†","61","2-stage Cluster Sample"
"2350","Exemption","Non-Medical Exemption","States","Arkansas","2011-12","0.8","38754","NULL","NULL","371","Census"
"2351","Exemption","Non-Medical Exemption","States","District of Columbia","2011-12","0.8","6854","NULL","NULL","53","Census"
"2352","Exemption","Non-Medical Exemption","States","Rhode Island","2011-12","0.7","12552","NULL","†","12","2-stage Cluster Sample"
"2353","Exemption","Non-Medical Exemption","States","North Carolina","2011-12","0.7","128854","NULL","†","817","Census"
"2354","Exemption","Non-Medical Exemption","States","Louisiana","2011-12","0.6","69013","NULL","NULL","384","Census"
"2355","Exemption","Non-Medical Exemption","States","Maryland","2011-12","0.6","72957","NULL","†","293","Voluntary Response"
"2356","Exemption","Non-Medical Exemption","States","Alabama","2011-12","0.5","73190","NULL","†. ¶","356","Census"
"2357","Exemption","Non-Medical Exemption","States","New York","2011-12","0.5","236016","NULL","†","1283","Census"
"2358","Exemption","Non-Medical Exemption","States","Tennessee","2011-12","0.5","83950","NULL","†","417","Census"
"2359","Exemption","Non-Medical Exemption","States","Delaware","2011-12","0.4","11327","NULL","†","6","2-stage Cluster Sample"
"2360","Exemption","Non-Medical Exemption","States","Kentucky","2011-12","0.4","58185","NULL","†","214","Census"
"2361","Exemption","Non-Medical Exemption","States","Wyoming","2011-12",NA,"NULL","NULL","NULL","NULL","Not conducted"
"2362","Exemption","Non-Medical Exemption","States","West Virginia","2011-12",NA,"22449","NULL","‡. †","NULL","Convenient"
"2363","Exemption","Non-Medical Exemption","States","Mississippi","2011-12",NA,"44912","NULL","‡. †","NULL","Census"
"2364","Exemption","Non-Medical Exemption","States","Colorado","2011-12",NA,"70142","NULL","||","NULL","Simple Random Sample"
"2365","Exemption","Non-Medical Exemption","States","Tennessee","2012-13","1.1","85801","NULL","†","905","Census"
"2366","Exemption","Non-Medical Exemption","States","Missouri","2014-15","1.8","75900","NULL","§","1366","Census"
"2367","Exemption","Non-Medical Exemption","States","New Jersey","2014-15","1.6","120471","NULL","†. *","1918","Census (public); Voluntary response (private)"
"2368","Exemption","Non-Medical Exemption","States","Connecticut","2014-15","1.6","39948","NULL","†","628","Census"
"2369","Exemption","Non-Medical Exemption","States","South Dakota","2014-15","1.5","12008","NULL","†. *","181","Census"
"2370","Exemption","Non-Medical Exemption","States","Iowa","2014-15","1.4","43239","NULL","†","618","Census"
"2371","Exemption","Non-Medical Exemption","States","Oklahoma","2014-15","1.4","56967","NULL","NULL","800","Census"
"2372","Exemption","Non-Medical Exemption","States","West Virginia","2014-15",NA,"22016","NULL","‡.†","NULL","Voluntary response"
"2373","Exemption","Non-Medical Exemption","States","Mississippi","2014-15",NA,"44129","NULL","‡. †. *","NULL","Census"
"2374","Exemption","Non-Medical Exemption","States","Connecticut","2015-16","1.7","39533","NULL","†","689","Census"
"2375","Exemption","Non-Medical Exemption","States","Missouri","2015-16","1.7","74413","NULL","§","1265","Census"
"2376","Exemption","Non-Medical Exemption","States","Oregon","2012-13","6.4","47102","NULL","†","3010","Census"
"2377","Exemption","Non-Medical Exemption","States","Mississippi","2012-13",NA,"46595","NULL","‡. †","NULL","Census"
"2378","Exemption","Non-Medical Exemption","States","West Virginia","2012-13",NA,"22588","NULL","‡. †","NULL","Voluntary Response"
"2379","Exemption","Non-Medical Exemption","States","South Carolina","2012-13",NA,"61799","NULL","NULL","NULL","Not conducted"
"2380","Exemption","Non-Medical Exemption","States","New Mexico","2012-13","0.2","29279","NULL","†","27","2-stage Cluster Sample"
"2381","Exemption","Non-Medical Exemption","States","District of Columbia","2012-13","0.3","7842","NULL","NULL","27","Census"
"2382","Exemption","Non-Medical Exemption","States","Virginia","2012-13","0.4","104826","NULL","†","427","2-stage Cluster Sample"
"2383","Exemption","Non-Medical Exemption","States","Louisiana","2012-13","0.5","68874","NULL","NULL","349","Census"
"2384","Exemption","Non-Medical Exemption","States","Kentucky","2012-13","0.5","58466","NULL","†","286","Census"
"2385","Exemption","Non-Medical Exemption","States","Delaware","2012-13","0.5","11997","NULL","†","5","2-stage Cluster Sample"
"2386","Exemption","Non-Medical Exemption","States","New York","2012-13","0.6","239484","NULL","†. *","1335","Census"
"2387","Exemption","Non-Medical Exemption","States","Alabama","2012-13","0.6","72929","NULL","†. ¶","414","Census"
"2388","Exemption","Non-Medical Exemption","States","North Carolina","2012-13","0.7","130612","NULL","†. *","871","Census"
"2389","Exemption","Non-Medical Exemption","States","Maryland","2012-13","0.7","75007","NULL","†","494","Voluntary Response"
"2390","Exemption","Non-Medical Exemption","States","Rhode Island","2012-13","0.8","12552","NULL","†","94","Voluntary Response"
"2391","Exemption","Non-Medical Exemption","States","Kansas","2012-13","0.9","40738","NULL","†","363","Census"
"2392","Exemption","Non-Medical Exemption","States","Indiana","2012-13","0.9","86983","NULL","†","804","Voluntary Response"
"2393","Exemption","Non-Medical Exemption","States","Arkansas","2012-13","1","43212","NULL","NULL","441","Census"
"2394","Exemption","Non-Medical Exemption","States","Oregon","2013-14","7","47649","NULL","†","3331","Census"
"2395","Exemption","Non-Medical Exemption","States","Idaho","2013-14","6.1","23934","NULL","NULL","1451","Census"
"2396","Exemption","Non-Medical Exemption","States","Vermont","2013-14","6.1","6771","NULL","NULL","412","Census"
"2397","Exemption","Non-Medical Exemption","States","Michigan","2013-14","5.4","120297","NULL","NULL","6476","Census"
"2398","Exemption","Non-Medical Exemption","States","Maine","2013-14","5.2","15441","NULL","NULL","796","Voluntary response"
"2399","Exemption","Non-Medical Exemption","States","Wisconsin","2013-14","4.8","71363","NULL","NULL","3415","Stratified  2-stage cluster sample"
"2400","Exemption","Non-Medical Exemption","States","Arizona","2013-14","4.7","89606","NULL","‡","4195","Census"
"2401","Exemption","Non-Medical Exemption","States","Colorado","2013-14","4.6","69904","NULL","NULL","3292","Random Sample"
"2402","Exemption","Non-Medical Exemption","States","Utah","2013-14","4.2","54779","NULL","NULL","2312","Census"
"2403","Exemption","Non-Medical Exemption","States","Alaska","2013-14","4.1","10222","NULL","†","421","Census"
"2404","Exemption","Non-Medical Exemption","States","Washington","2013-14","3.6","89165","NULL","*","3177","Voluntary response"
"2405","Exemption","Non-Medical Exemption","States","Montana","2013-14","3.3","12855","NULL","†","426","Census"
"2406","Exemption","Non-Medical Exemption","States","Massachusetts","2013-14","1.1","79894","NULL","†","860","Census"
"2407","Exemption","Non-Medical Exemption","States","Arkansas","2013-14","1.1","42649","NULL","NULL","468","Census"
"2408","Exemption","Non-Medical Exemption","States","Tennessee","2013-14","1","80212","NULL","†","773","Census"
"2409","Exemption","Non-Medical Exemption","States","Illinois","2013-14","1","163316","NULL","§","1633","Census"
"2410","Exemption","Non-Medical Exemption","States","North Carolina","2013-14","0.9","126084","NULL","†","1105","Census"
"2411","Exemption","Non-Medical Exemption","States","New Mexico","2013-14","0.9","30725","NULL","†","277","Stratified  2-stage cluster sample"
"2412","Exemption","Non-Medical Exemption","States","Alabama","2016-17","0.6","58394","NULL","†","367","Census"
"2413","Exemption","Non-Medical Exemption","States","California","2016-17","0.6","575305","NULL","||","3217","Census"
"2414","Exemption","Non-Medical Exemption","States","Louisiana","2016-17","0.7","55257","NULL","NULL","396","Census"
"2415","Exemption","Non-Medical Exemption","States","Kentucky","2016-17","0.7","51487","NULL","†","366","Census"
"2416","Exemption","Non-Medical Exemption","States","Alabama","2013-14","0.6","76927","NULL","†. ¶","447","Census"
"2417","Exemption","Non-Medical Exemption","States","New York","2013-14","0.6","240318","NULL","†","1547","Census"
"2418","Exemption","Non-Medical Exemption","States","Kentucky","2013-14","0.6","57857","NULL","†","357","Census"
"2419","Exemption","Non-Medical Exemption","States","District of Columbia","2013-14","0.4","7856","NULL","NULL","33","Census"
"2420","Exemption","Non-Medical Exemption","States","Virginia","2013-14","0.4","105692","NULL","†","446","2-stage cluster  sample"
"2421","Exemption","Non-Medical Exemption","States","Mississippi","2013-14",NA,"45719","NULL","‡. †","NULL","Census"
"2422","Exemption","Non-Medical Exemption","States","West Virginia","2013-14",NA,"22814","NULL","‡. †","NULL","Voluntary response"
"2423","Exemption","Non-Medical Exemption","States","Wyoming","2013-14",NA,"NULL","NULL","NULL","NULL","Not conducted"
"2424","Exemption","Non-Medical Exemption","States","Idaho","2014-15","6.2","22968","NULL","NULL","1432","Census"
"2425","Exemption","Non-Medical Exemption","States","Vermont","2014-15","5.9","6277","NULL","NULL","373","Census"
"2426","Exemption","Non-Medical Exemption","States","Oregon","2014-15","5.8","46229","NULL","||","2693","Census"
"2427","Exemption","Non-Medical Exemption","States","Colorado","2014-15","5.4","70597","NULL","NULL","3832","Simple random sample"
"2428","Exemption","Non-Medical Exemption","States","Michigan","2014-15","5","117963","NULL","NULL","5885","Census"
"2429","Exemption","Non-Medical Exemption","States","Wisconsin","2014-15","4.9","69335","NULL","NULL","3368","Stratified 2-stage cluster sample"
"2430","Exemption","Non-Medical Exemption","States","Arizona","2014-15","4.6","86153","NULL","‡","3978","Census"
"2431","Exemption","Non-Medical Exemption","States","Alaska","2014-15","4.5","10129","NULL","†","453","Census"
"2432","Exemption","Non-Medical Exemption","States","Utah","2014-15","4.1","50916","NULL","*","2110","Census"
"2433","Exemption","Non-Medical Exemption","States","Maine","2014-15","3.9","13704","NULL","NULL","536","Voluntary response (public); Census (private)"
"2434","Exemption","Non-Medical Exemption","States","Montana","2014-15","3.6","12501","NULL","†","454","Census (public); Voluntary response (private)"
"2435","Exemption","Non-Medical Exemption","States","Washington","2014-15","3.5","88809","NULL","*","3069","Census (public); Voluntary response (private)"
"2436","Exemption","Non-Medical Exemption","States","Hawaii","2014-15","3.3","20085","NULL","†","754","Stratified 2-stage cluster sample"
"2437","Exemption","Non-Medical Exemption","States","Minnesota","2014-15","2.8","70896","NULL","§","1985","Census"
"2438","Exemption","Non-Medical Exemption","States","New Hampshire","2014-15","2.7","12422","NULL","†","331","Census (public); Voluntary response (private)"
"2439","Exemption","Non-Medical Exemption","States","California","2014-15","2.5","552583","NULL","NULL","13993","Census"
"2440","Exemption","Non-Medical Exemption","States","North Dakota","2014-15","2.4","10017","NULL","*","241","Census"
"2441","Exemption","Non-Medical Exemption","States","Wyoming","2014-15","2.2","7983","NULL","§.‡‡","176","Census"
"2442","Exemption","Non-Medical Exemption","States","Georgia","2014-15","2","139471","NULL","†","2729","Census"
"2443","Exemption","Non-Medical Exemption","States","Florida","2014-15","1.8","228982","NULL","†","4113","Census"
"2444","Exemption","Non-Medical Exemption","States","Ohio","2014-15","1.8","149080","NULL","||","2707","Census (public); Voluntary response (private)"
"2445","Exemption","Non-Medical Exemption","States","Pennsylvania","2014-15","1.8","146378","NULL","NULL","2593","Census"
"2446","Exemption","Non-Medical Exemption","States","Indiana","2014-15","0.8","85477","NULL","†","651","Voluntary response"
"2447","Exemption","Non-Medical Exemption","States","Alabama","2014-15","0.7","59660","NULL","†. *","396","Census"
"2448","Exemption","Non-Medical Exemption","States","Kentucky","2014-15","0.7","57884","NULL","†","378","Census"
"2449","Exemption","Non-Medical Exemption","States","New York","2014-15","0.7","237045","NULL","†","1640","Census"
"2450","Exemption","Non-Medical Exemption","States","Louisiana","2014-15","0.6","60377","NULL","NULL","339","Census"
"2451","Exemption","Non-Medical Exemption","States","District of Columbia","2014-15","0.5","7840","NULL","NULL","43","Census"
"2452","Exemption","Non-Medical Exemption","States","New Hampshire","2017-18","2.7","12165","NULL","†","334","Census"
"2453","Exemption","Non-Medical Exemption","States","Georgia","2017-18","2.6","131459","NULL","†","3480","Census"
"2454","Exemption","Non-Medical Exemption","States","Pennsylvania","2017-18","2.4","141571","NULL","NULL","3379","Voluntary response"
"2455","Exemption","Non-Medical Exemption","States","Florida","2017-18","2.4","222397","NULL","†","5394","Census"
"2456","Exemption","Non-Medical Exemption","States","Ohio","2017-18","2.3","138753","NULL","||","3207","Census"
"2457","Exemption","Non-Medical Exemption","States","Pennsylvania","2015-16","1.8","143298","NULL","NULL","2620","Census (public); Voluntary response (private)"
"2458","Exemption","Non-Medical Exemption","States","Georgia","2015-16","1.8","131403","NULL","†","2315","Census"
"2459","Exemption","Non-Medical Exemption","States","Florida","2015-16","1.9","224430","NULL","†","4226","Census"
"2460","Exemption","Non-Medical Exemption","States","Nevada","2015-16","1.9","37118","NULL","†","695","Stratified 2-stage cluster sample"
"2461","Exemption","Non-Medical Exemption","States","Ohio","2015-16","2","144604","NULL","||","2896","Census (public); Voluntary response (private)"
"2462","Exemption","Non-Medical Exemption","States","Wyoming","2015-16","2.2","7825","NULL","§.‡‡","172","Voluntary response"
"2463","Exemption","Non-Medical Exemption","States","California","2015-16","2.4","593788","NULL","NULL","14008","Census"
"2464","Exemption","Non-Medical Exemption","States","New Hampshire","2015-16","2.4","11852","NULL","†","288","Census"
"2465","Exemption","Non-Medical Exemption","States","Hawaii","2015-16","2.5","16325","NULL","†","426","Stratified 2-stage cluster sample"
"2466","Exemption","Non-Medical Exemption","States","Wisconsin","2015-16","2.9","70220","NULL","NULL","2051","Stratified 2-stage cluster sample"
"2467","Exemption","Non-Medical Exemption","States","North Dakota","2015-16","3","9875","NULL","NULL","299","Census"
"2468","Exemption","Non-Medical Exemption","States","Minnesota","2015-16","3.1","69710","NULL","§","2161","Census"
"2469","Exemption","Non-Medical Exemption","States","Montana","2015-16","3.4","11484","NULL","†","390","Census"
"2470","Exemption","Non-Medical Exemption","States","Michigan","2015-16","3.4","116299","NULL","NULL","3957","Census"
"2471","Exemption","Non-Medical Exemption","States","Washington","2015-16","3.6","86492","NULL","NULL","3153","Census"
"2472","Exemption","Non-Medical Exemption","States","Maine","2015-16","4","13526","NULL","NULL","542","Census"
"2473","Exemption","Non-Medical Exemption","States","Colorado","2015-16","4.3","69137","NULL","NULL","2963","Simple random sample"
"2474","Exemption","Non-Medical Exemption","States","Utah","2015-16","4.4","50114","NULL","NULL","2214","Census"
"2475","Exemption","Non-Medical Exemption","States","Arizona","2015-16","4.5","83088","NULL","‡","3732","Census"
"2476","Exemption","Non-Medical Exemption","States","Alaska","2015-16","4.7","9937","NULL","†","421","Census"
"2477","Exemption","Non-Medical Exemption","States","Vermont","2015-16","5.5","6366","NULL","NULL","352","Census"
"2478","Exemption","Non-Medical Exemption","States","Idaho","2015-16","5.8","22686","NULL","NULL","1320","Census"
"2479","Exemption","Non-Medical Exemption","States","Oregon","2015-16","6.2","45531","NULL","||","2810","Census"
"2480","Exemption","Non-Medical Exemption","States","Mississippi","2015-16",NA,"41042","NULL","‡.†","NULL","Census"
"2481","Exemption","Non-Medical Exemption","States","West Virginia","2015-16",NA,"21333","NULL","‡.†","NULL","Voluntary response"
"2482","Exemption","Non-Medical Exemption","States","District of Columbia","2015-16","0.4","8080","NULL","NULL","33","Census"
"2483","Exemption","Non-Medical Exemption","States","Louisiana","2015-16","0.6","59159","NULL","NULL","370","Census"
"2484","Exemption","Non-Medical Exemption","States","Kentucky","2015-16","0.7","54353","NULL","†","382","Census"
"2485","Exemption","Non-Medical Exemption","States","New York","2015-16","0.7","232521","NULL","†","1729","Census"
"2486","Exemption","Non-Medical Exemption","States","Nebraska","2013-14","1.1","27000","NULL","†","307","Census"
"2487","Exemption","Non-Medical Exemption","States","Illinois","2016-17",NA,"151309","NULL","§","1816","Census"
"2488","Exemption","Non-Medical Exemption","States","West Virginia","2016-17",NA,"28666","NULL","‡.†","NULL","Census (public). voluntary response (private)"
"2489","Exemption","Non-Medical Exemption","States","Wyoming","2016-17",NA,"NULL","NULL","NULL","NULL","Not conducted"
"2490","Exemption","Non-Medical Exemption","States","Colorado","2016-17",NA,"64440","NULL","§","2191","Census"
"2491","Exemption","Non-Medical Exemption","States","District of Columbia","2016-17","0.5","8522","NULL","NULL","42","Census"
"2492","MMR","","States","North Carolina","2018-19","93.2","124343","90.9","‡.§","NULL","Census (public). voluntary response (private)"
"2493","MMR","","States","New Jersey","2017-18","96.1","107630","100","≥.*","NULL","Census"
"2494","MMR","","States","Louisiana","2017-18","96.1","58277","100","*","NULL","Census"
"2495","Exemption","Non-Medical Exemption","States","Indiana","2016-17","0.8","83263","NULL","†","697","Voluntary response"
"2496","Exemption","Non-Medical Exemption","States","New York","2016-17","0.9","227050","NULL","†","1975","Census"
"2497","Exemption","Non-Medical Exemption","States","Maryland","2016-17","0.9","71467","NULL","†","628","Census"
"2498","Exemption","Non-Medical Exemption","States","Oregon","2016-17","6.5","45705","NULL","||","2992","Census"
"2499","Exemption","Non-Medical Exemption","States","Idaho","2016-17","6.2","22589","NULL","NULL","1392","Census"
"2500","Exemption","Non-Medical Exemption","States","Alaska","2016-17","5.2","9815","NULL","†","514","Census"
"2501","Exemption","Non-Medical Exemption","States","Wisconsin","2016-17","5.2","67607","NULL","NULL","3509","Census"
"2502","Exemption","Non-Medical Exemption","States","Arizona","2016-17","4.9","83627","NULL","‡","4106","Census"
"2503","Exemption","Non-Medical Exemption","States","Utah","2016-17","4.9","49073","NULL","NULL","2395","Census"
"2504","Exemption","Non-Medical Exemption","States","Maine","2016-17","4.8","13834","NULL","NULL","658","Voluntary response (public). census (private)"
"2505","Exemption","Non-Medical Exemption","States","Nevada","2016-17","4.3","36885","NULL","†","1585","Stratified 2-stage cluster sample"
"2506","Exemption","Non-Medical Exemption","States","Washington","2016-17","4","87142","NULL","NULL","3444","Census"
"2507","Exemption","Non-Medical Exemption","States","Vermont","2016-17","3.7","6344","NULL","†","234","Census"
"2508","Exemption","Non-Medical Exemption","States","Michigan","2016-17","3.5","118777","NULL","NULL","4134","Census"
"2509","Exemption","Non-Medical Exemption","States","Montana","2016-17","3.3","11956","NULL","†","391","Census"
"2510","Exemption","Non-Medical Exemption","States","North Dakota","2016-17","3.1","9799","NULL","NULL","307","Census"
"2511","Exemption","Non-Medical Exemption","States","New Hampshire","2016-17","3","12145","NULL","†","365","Census"
"2512","Exemption","Non-Medical Exemption","States","Hawaii","2016-17","2.7","16325","NULL","†","455","Stratified 2-stage cluster sample"
"2513","Exemption","Non-Medical Exemption","States","Georgia","2016-17","2.7","136165","NULL","†","3613","Census"
"2514","Exemption","Non-Medical Exemption","States","New Mexico","2016-17","2.2","27119","NULL","†","604","Stratified 2-stage cluster sample"
"2515","Exemption","Non-Medical Exemption","States","Florida","2016-17","2.1","224463","NULL","†","4725","Census"
"2516","Exemption","Non-Medical Exemption","States","Illinois","2014-15","1.1","156942","NULL","§","1726","Census"
"2517","Exemption","Non-Medical Exemption","States","Kansas","2014-15","1.1","39685","NULL","†","454","Census"
"2518","Exemption","Non-Medical Exemption","States","Massachusetts","2014-15","1.1","74869","NULL","†","803","Census"
"2519","Exemption","Non-Medical Exemption","States","Nevada","2014-15","1.1","36755","NULL","†","401","Stratified 2-stage cluster sample"
"2520","Exemption","Non-Medical Exemption","States","Nebraska","2014-15","1.1","26665","NULL","†","287","Census"
"2521","Exemption","Non-Medical Exemption","States","South Carolina","2014-15","1","62864","NULL","†. *","648","Stratified 1-stage cluster sample"
"2522","Exemption","Non-Medical Exemption","States","Tennessee","2014-15","0.9","78276","NULL","†","718","Census"
"2523","Exemption","Non-Medical Exemption","States","Rhode Island","2014-15","0.9","11163","NULL","†","102","Census"
"2524","Exemption","Non-Medical Exemption","States","North Carolina","2014-15","0.9","129792","NULL","†. *","1127","Census (public); Voluntary response (private)"
"2525","Exemption","Non-Medical Exemption","States","Delaware","2014-15","0.9","11476","NULL","†","106","Stratified 2-stage cluster sample"
"2526","Exemption","Non-Medical Exemption","States","Virginia","2014-15","0.8","103821","NULL","†. *","891","Stratified 2-stage cluster sample"
"2527","Exemption","Non-Medical Exemption","States","Maryland","2014-15","0.8","75391","NULL","†","571","Census (public); Voluntary response (private)"
"2528","Exemption","Non-Medical Exemption","States","North Dakota","2017-18","3.1","10365","NULL","NULL","318","Census"
"2529","Exemption","Non-Medical Exemption","States","Hawaii","2017-18","3.1","16325","NULL","†","514","Stratified 2-stage cluster sample"
"2530","Exemption","Non-Medical Exemption","States","Nevada","2017-18","3.1","37178","NULL","†","1170","Stratified 2-stage cluster sample"
"2531","MMR","","States","New York","2019-20","98.6","234165","99.9","NULL","NULL","Census"
"2532","MMR","","States","West Virginia","2019-20","98.2","17114","49.6","¶","NULL","Voluntary response"
"2533","MMR","","States","Maryland","2019-20","97.9","72443","98.3","‡","NULL","Census (public). voluntary response (private)"
"2534","Exemption","Non-Medical Exemption","States","Missouri","2017-18","2.1","73113","NULL","§","1535","Census"
"2535","Exemption","Non-Medical Exemption","States","South Dakota","2017-18","2","12125","NULL","†","238","Census"
"2536","Exemption","Non-Medical Exemption","States","New Jersey","2017-18","2","107630","NULL","†","2148","Census"
"2537","Exemption","Non-Medical Exemption","States","Connecticut","2017-18","2","39174","NULL","†","764","Census"
"2538","Varicella","UTD (or disease history)","","","","","","","","",""
"2539","Varicella","UTD (or disease history)","","","","","","","","",""
"2540","Varicella","UTD (or disease history)","","","","","","","","",""
"2541","Varicella","UTD (or disease history)","","","","","","","","",""
"2542","Varicella","UTD (or disease history)","","","","","","","","",""
"2543","Varicella","UTD (or disease history)","","","","","","","","",""
"2544","Exemption","Non-Medical Exemption","States","Alabama","2015-16","0.7","60392","NULL","†","438","Census"
"2545","Exemption","Non-Medical Exemption","States","Maryland","2015-16","0.8","72012","NULL","†","601","Census (public); Voluntary response (private)"
"2546","Exemption","Non-Medical Exemption","States","Virginia","2015-16","0.9","100074","NULL","†","901","Stratified 2-stage cluster sample"
"2547","Exemption","Non-Medical Exemption","States","Tennessee","2015-16","0.9","79233","NULL","†","739","Census"
"2548","Exemption","Non-Medical Exemption","States","Rhode Island","2015-16","0.9","11165","NULL","†","105","Census"
"2549","Exemption","Non-Medical Exemption","States","Massachusetts","2015-16","1","72897","NULL","†","760","Census"
"2550","Exemption","Non-Medical Exemption","States","North Carolina","2015-16","1","128290","NULL","†","1240","Census (public); Voluntary response (private)"
"2551","Exemption","Non-Medical Exemption","States","Delaware","2015-16","1.1","11589","NULL","†","131","Stratified 2-stage cluster sample"
"2552","Exemption","Non-Medical Exemption","States","Indiana","2015-16","1.1","83525","NULL","†","912","Voluntary response"
"2553","Exemption","Non-Medical Exemption","States","Illinois","2015-16","1.1","151309","NULL","§","NULL","Census"
"2554","Exemption","Non-Medical Exemption","States","New Mexico","2015-16","1.2","29049","NULL","†","346","Census"
"2555","Exemption","Non-Medical Exemption","States","Arkansas","2015-16","1.2","40258","NULL","NULL","491","Census (public); Voluntary response (private)"
"2556","Exemption","Non-Medical Exemption","States","Texas","2015-16","1.4","394801","NULL","||","5350","Census (public); Voluntary response (private)"
"2557","Exemption","Non-Medical Exemption","States","South Dakota","2015-16","1.4","12181","NULL","†","175","Census"
"2558","Exemption","Non-Medical Exemption","States","Nebraska","2015-16","1.4","30409","NULL","†","422","Census"
"2559","Exemption","Non-Medical Exemption","States","Kansas","2015-16","1.4","39555","NULL","†","554","Census"
"2560","Exemption","Non-Medical Exemption","States","Oklahoma","2015-16","1.5","54335","NULL","NULL","816","Census"
"2561","Exemption","Non-Medical Exemption","States","Iowa","2015-16","1.5","41215","NULL","†","635","Census"
"2562","Exemption","Non-Medical Exemption","States","South Carolina","2015-16","1.6","59240","NULL","†","937","Stratified 1-stage cluster sample"
"2563","Exemption","Non-Medical Exemption","States","New Jersey","2015-16","1.6","110116","NULL","†","1727","Census"
"2564","Exemption","Non-Medical Exemption","States","Minnesota","2016-17",NA,"69140","NULL","§","2143","Census"
"2565","Exemption","Non-Medical Exemption","States","Mississippi","2016-17",NA,"40509","NULL","‡.†","NULL","Census"
"2566","Exemption","Non-Medical Exemption","States","Missouri","2016-17",NA,"73355","NULL","§","1467","Census"
"2567","MMR","","States","Georgia","2018-19","93.6","131275","100","≥.*","NULL","Census"
"2568","MMR","","States","Kentucky","2018-19","93.4","55587","99","‡.§","NULL","Census"
"2569","MMR","","States","Montana","2018-19","93.3","12480","100","*","NULL","Census"
"2570","MMR","","States","Iowa","2018-19","93.3","40624","100","≥.*","NULL","Census"
"2571","MMR","","States","Iowa","2020-21","93.4","39141","100",">=.*","NULL","Census"
"2572","MMR","","States","Florida","2020-21","93.3","207026","100",">=.*","NULL","Census"
"2573","MMR","","States","North Dakota","2020-21","93.3","10116","99.1","NULL","NULL","Census"
"2574","MMR","","States","Hawaii","2017-18","95.6","16325","6.6","NULL","NULL","Stratified 2-stage cluster sample"
"2575","MMR","","States","Virginia","2017-18","95.5","100581","4.4","†","NULL","Stratified 2-stage cluster sample"
"2576","MMR","","States","Missouri","2017-18","95.2","73113","100","*","NULL","Census"
"2577","Exemption","Non-Medical Exemption","States","Ohio","2016-17","2.1","137542","NULL","||","2836","Census"
"2578","Exemption","Non-Medical Exemption","States","Pennsylvania","2016-17","1.9","143888","NULL","NULL","2778","Voluntary response"
"2579","Exemption","Non-Medical Exemption","States","South Carolina","2016-17","1.9","59177","NULL","†","1124","Stratified 1-stage cluster sample"
"2580","Exemption","Non-Medical Exemption","States","South Dakota","2016-17","1.8","12106","NULL","†","219","Census"
"2581","Exemption","Non-Medical Exemption","States","Connecticut","2016-17","1.8","39002","NULL","†","701","Census"
"2582","Exemption","Non-Medical Exemption","States","New Jersey","2016-17","1.7","109577","NULL","†","1881","Census"
"2583","Exemption","Non-Medical Exemption","States","Oklahoma","2016-17","1.7","52184","NULL","‡‡","910","Census"
"2584","Exemption","Non-Medical Exemption","States","North Carolina","2016-17","1.6","126454","NULL","†","2073","Voluntary response"
"2585","Exemption","Non-Medical Exemption","States","Iowa","2016-17","1.6","39587","NULL","†","622","Census"
"2586","Exemption","Non-Medical Exemption","States","Texas","2016-17","1.6","389999","NULL","||","6078","Census"
"2587","Exemption","Non-Medical Exemption","States","Kansas","2016-17","1.5","38298","NULL","†","569","Census"
"2588","Exemption","Non-Medical Exemption","States","Nebraska","2016-17","1.4","27117","NULL","†.§§","367","Census"
"2589","Exemption","Non-Medical Exemption","States","Arkansas","2016-17","1.3","39666","NULL","NULL","513","Voluntary response"
"2590","Exemption","Non-Medical Exemption","States","Delaware","2016-17","1.2","11490","NULL","†","133","Stratified 2-stage cluster sample"
"2591","Exemption","Non-Medical Exemption","States","Tennessee","2016-17","1.1","78169","NULL","†","882","Census"
"2592","Exemption","Non-Medical Exemption","States","Massachusetts","2016-17","1","70109","NULL","†","702","Census"
"2593","Exemption","Non-Medical Exemption","States","Virginia","2016-17","1","102357","NULL","†","1048","Census"
"2594","Exemption","Non-Medical Exemption","States","Rhode Island","2016-17","1","11100","NULL","†","109","Census"
"2595","Exemption","Non-Medical Exemption","States","Oregon","2017-18","7.5","45818","NULL","||","3427","Census"
"2596","Exemption","Non-Medical Exemption","States","Idaho","2017-18","6.7","22553","NULL","||","1504","Census"
"2597","Exemption","Non-Medical Exemption","States","Alaska","2017-18","5.7","9692","NULL","†","549","Stratified 2-stage cluster sample"
"2598","Exemption","Non-Medical Exemption","States","Arizona","2017-18","5.3","81710","NULL","‡","4336","Census"
"2599","Exemption","Non-Medical Exemption","States","Utah","2017-18","5.2","48827","NULL","NULL","2526","Census"
"2600","Exemption","Non-Medical Exemption","States","Wisconsin","2017-18","5.2","66178","NULL","NULL","3413","Stratified 2-stage cluster sample"
"2601","Exemption","Non-Medical Exemption","States","Maine","2017-18","5","13255","NULL","NULL","666","Census"
"2602","Exemption","Non-Medical Exemption","States","Colorado","2017-18","4.5","65718","NULL","§","2957","Census"
"2603","Exemption","Non-Medical Exemption","States","Michigan","2017-18","4","119028","NULL","NULL","4753","Census"
"2604","Exemption","Non-Medical Exemption","States","Washington","2017-18","3.9","85118","NULL","NULL","3344","Census"
"2605","Exemption","Non-Medical Exemption","States","Montana","2017-18","3.9","12188","NULL","†","478","Census"
"2606","Exemption","Non-Medical Exemption","States","Vermont","2017-18","3.6","6255","NULL","†","227","Census"
"2607","Exemption","Non-Medical Exemption","States","Minnesota","2017-18","3.4","69807","NULL","§","2373","Census"
"2608","MMR","","States","Delaware","2019-20",NA,"NULL","NULL","NULL","NULL","Not Conducted"
"2609","MMR","","States","District of Columbia","2019-20",NA,"NULL","NULL","NULL","NULL","Not Conducted"
"2610","MMR","","States","Mississippi","2019-20","99.1","37870","100","≥.*","NULL","Census"
"2611","MMR","","States","Illinois","2019-20","96.6","145891","100","*","NULL","Census"
"2612","MMR","","States","California","2019-20","96.5","566155","97.9","‡","NULL","Census"
"2613","MMR","","States","Nebraska","2019-20","96.3","26893","96.7","‡.‡‡","NULL","Census"
"2614","MMR","","States","Connecticut","2019-20","96.2","38888","100","*","NULL","Census"
"2615","MMR","","States","Florida","2019-20","93.5","228298","100","≥.*.§","NULL","Census"
"2616","MMR","","States","Montana","2019-20","93.6","12501","100","*","NULL","Census"
"2617","MMR","","States","Maine","2019-20","94.1","13450","99.6","NULL","NULL","Census"
"2618","MMR","","States","Arkansas","2019-20","94.3","39510","96.2","‡","NULL","Census (public). voluntary response (private)"
"2619","MMR","","States","Rhode Island","2019-20","97.7","11219","98.5","‡.§","NULL","Census"
"2620","MMR","","States","Massachusetts","2019-20","97.3","66756","100","*.‡","NULL","Census"
"2621","MMR","","States","New Mexico","2019-20","97","23087","100","*","NULL","Census"
"2622","MMR","","States","Texas","2019-20","96.9","398680","99.6","‡.§","NULL","Census"
"2623","MMR","","States","Tennessee","2019-20","96.8","80595","100","*.§","NULL","Census"
"2624","MMR","","States","Vermont","2018-19","93","6126","100","*","NULL","Census"
"2625","MMR","","States","Oregon","2018-19","93","45870","100","*.‡","NULL","Census"
"2626","MMR","","States","Arizona","2018-19","92.9","79981","100","*","NULL","Census"
"2627","MMR","","States","Utah","2018-19","92.8","50179","100","*","NULL","Census"
"2628","MMR","","States","Minnesota","2018-19","92.6","70085","98.1","§","NULL","Census"
"2629","MMR","","States","Wisconsin","2018-19","92.6","66344","2.3","†.‡.§","NULL","Stratified 2-stage cluster sample"
"2630","MMR","","States","Oklahoma","2018-19","92.2","54806","92.1","§","NULL","Census (public). voluntary response (private)"
"2631","MMR","","States","New Hampshire","2018-19","91.8","12421","100","≥","NULL","Census"
"2632","MMR","","States","Ohio","2018-19","91.6","139679","94.9","NULL","NULL","Census (public). voluntary response (private)"
"2633","MMR","","States","Hawaii","2018-19","91.5","16051","6.7","NULL","NULL","Stratified 2-stage cluster sample"
"2634","MMR","","States","Indiana","2018-19","91.2","82324","96.4","NULL","NULL","Census"
"2635","MMR","","States","Washington","2018-19","90.8","87510","96.9","§","NULL","Census"
"2636","MMR","","States","Kansas","2018-19","90.8","37838","23.1","†.‡.§","NULL","Stratified 2-stage cluster sample"
"2637","MMR","","States","Alabama","2018-19","90.6","77739","100","≥.*","NULL","Census"
"2638","MMR","","States","Idaho","2018-19","89.5","22995","99","NULL","NULL","Census"
"2639","MMR","","States","Colorado","2018-19","87.4","64191","100","*","NULL","Census"
"2640","MMR","","States","Nebraska","2018-19","96.9","26925","98.6","‡.‡‡","NULL","Census"
"2641","MMR","","States","Massachusetts","2018-19","96.9","65279","100","*.‡","NULL","Census"
"2642","MMR","","States","Texas","2018-19","96.9","390034","99.4","‡.§","NULL","Census"
"2643","MMR","","States","New York","2018-19","97.2","220495","100","*","NULL","Census"
"2644","MMR","","States","Maryland","2018-19","97.4","71431","100","‡","NULL","Census"
"2645","MMR","","States","Rhode Island","2018-19","97.4","10964","100","*.‡.§","NULL","Census"
"2646","MMR","","States","Delaware","2018-19","97.8","10798","9.5","NULL","NULL","Stratified 2-stage cluster sample"
"2647","MMR","","States","West Virginia","2018-19","98.8","19442","79.3","¶","NULL","Voluntary response"
"2648","MMR","","States","Illinois","2017-18","95.2","144858","100","*","NULL","Census"
"2649","MMR","","States","Michigan","2017-18","95","119028","100","*","NULL","Census"
"2650","MMR","","States","Maine","2018-19","93.8","13419","95.9","NULL","NULL","Census"
"2651","MMR","","States","Florida","2018-19","93.8","224641","100","≥.*.§","NULL","Census"
"2652","MMR","","States","North Dakota","2018-19","93.6","10382","99.4","NULL","NULL","Census"
"2653","MMR","","States","Vermont","2020-21","94","5535","100","*","NULL","Census"
"2654","MMR","","States","Kentucky","2020-21","88.9","59233","86.4","‡.§","NULL","Census (public). voluntary response (private)"
"2655","MMR","","States","Georgia","2020-21","88.5","83191","100",">=.*","NULL","Census"
"2656","MMR","","States","Maryland","2020-21","87.6","65764","75.6","‡","NULL","Voluntary response"
"2657","MMR","","States","Arkansas","2020-21","93.2","37540","95.6","‡","NULL","Census (public). voluntary response (private)"
"2658","MMR","","States","Indiana","2020-21","93.1","78694","71.4","§","NULL","Voluntary response"
"2659","MMR","","States","Montana","2020-21","92.9","11279","100","*","NULL","Census"
"2660","MMR","","States","Oregon","2020-21","92.7","39568","100","*.‡","NULL","Census"
"2661","MMR","","States","Mississippi","2018-19","99.2","37775","100","≥.*","NULL","Census"
"2662","MMR","","States","South Carolina","2018-19","94.2","58442","27","NULL","NULL","Stratified 1-stage cluster sample"
"2663","MMR","","States","Arkansas","2018-19","94.2","39257","95.4","‡","NULL","Census (public). voluntary response (private)"
"2664","MMR","","States","Michigan","2018-19","94.6","118632","100","*","NULL","Census"
"2665","MMR","","States","Illinois","2018-19","94.7","143876","100","*","NULL","Census"
"2666","MMR","","States","Missouri","2018-19","94.8","72687","100","*","NULL","Census"
"2667","MMR","","States","New Jersey","2018-19","95","109161","100","≥.*","NULL","Census"
"2668","MMR","","States","Virginia","2018-19","95","100394","4.4","†","NULL","Stratified 2-stage cluster sample"
"2669","MMR","","States","Wyoming","2018-19","95.1","7734","100","*","NULL","Census"
"2670","MMR","","States","Nevada","2018-19","95.1","37971","4.8","NULL","NULL","Stratified 2-stage cluster sample"
"2671","MMR","","States","Louisiana","2018-19","95.5","56203","100","*","NULL","Census"
"2672","MMR","","States","Connecticut","2018-19","95.9","38230","100","*","NULL","Census"
"2673","MMR","","States","New Mexico","2018-19","96.1","25269","99.6","NULL","NULL","Census"
"2674","MMR","","States","South Dakota","2018-19","96.2","12062","99.9","NULL","NULL","Census"
"2675","MMR","","States","Pennsylvania","2018-19","96.4","143560","93.3","NULL","NULL","Census (public). voluntary response (private)"
"2676","MMR","","States","California","2018-19","96.5","568947","97.7","‡","NULL","Census"
"2677","MMR","","States","Tennessee","2018-19","96.5","78630","100","*.§","NULL","Census"
"2678","MMR","","States","Oregon","2019-20","93.4","45959","100","*.‡","NULL","Census"
"2679","MMR","","States","Iowa","2019-20","93.2","40812","100","≥.*","NULL","Census"
"2680","MMR","","States","Kentucky","2019-20","93.1","59233","92.9","‡.§","NULL","Census"
"2681","MMR","","States","Georgia","2019-20","93.1","130102","100","≥.*","NULL","Census"
"2682","MMR","","States","Oklahoma","2019-20","93","55348","85.6","§","NULL","Voluntary response"
"2683","MMR","","States","Wisconsin","2019-20","92.8","67391","2.6","†.‡.§","NULL","Stratified 2-stage cluster sample"
"2684","MMR","","States","Arizona","2019-20","92.8","83976","98.7","NULL","NULL","Census (public). voluntary response (private)"
"2685","MMR","","States","Utah","2019-20","92.7","49208","100","*","NULL","Census"
"2686","MMR","","States","Minnesota","2019-20","92.6","71223","98.7","§","NULL","Census"
"2687","MMR","","States","Ohio","2019-20","92.4","139103","98.8","NULL","NULL","Census"
"2688","MMR","","States","New Hampshire","2019-20","91.5","12447","100","≥.*","NULL","Census"
"2689","MMR","","States","Colorado","2019-20","91.1","69088","98.2","NULL","NULL","Census"
"2690","MMR","","States","Kansas","2019-20","90","37865","34.3","†.‡.§","NULL","Stratified 2-stage cluster sample"
"2691","MMR","","States","Hawaii","2019-20","89.7","15695","8.9","NULL","NULL","Stratified 2-stage cluster sample"
"2692","MMR","","States","Idaho","2019-20","89.1","23301","98.5","NULL","NULL","Census"
"2693","MMR","","States","Alabama","2019-20","86.6","59477","94.9","≥","NULL","Census"
"2694","MMR","","States","Alaska","2019-20","NR","10381","82.7","§","NULL","Voluntary response"
"2695","MMR","","States","Alaska","2021-22","78","9790","76.2","¶","NULL","Vol. response (pub.), not conducted (pvt.)"
"2696","MMR","","States","Pennsylvania","2019-20","96.6","140197","98.8","NULL","NULL","Census"
"2697","MMR","","States","Connecticut","2022-23","97.3","35580","100","*","NULL","Census"
"2698","MMR","","States","NY-City of New York","2022-23","97.3","85379","97.6","NULL","NULL","Census (pub.), vol. response (pvt.)"
"2699","MMR","","States","South Dakota","2019-20","96","12367","99.8","NULL","NULL","Census"
"2700","MMR","","States","New Jersey","2019-20","95.9","107900","100","≥.*","NULL","Census"
"2701","MMR","","States","Louisiana","2019-20","95.6","59685","100","*","NULL","Census"
"2702","MMR","","States","North Carolina","2019-20","95.5","124548","97.8","‡.§","NULL","Census"
"2703","MMR","","States","Nevada","2019-20","95.4","37724","99.9","NULL","NULL","Census"
"2704","MMR","","States","South Carolina","2019-20","95","65938","27.5","†","NULL","Stratified 1-stage cluster sample"
"2705","MMR","","States","Michigan","2019-20","94.8","120565","100","*","NULL","Census"
"2706","MMR","","States","North Dakota","2019-20","94.8","10587","99.5","NULL","NULL","Census"
"2707","MMR","","States","Virginia","2019-20","94.6","99399","1.2","†","NULL","Stratified 2-stage cluster sample"
"2708","MMR","","States","Missouri","2019-20","94.6","72324","100","*","NULL","Census"
"2709","MMR","","States","Vermont","2019-20","94.5","6293","100","*","NULL","Census"
"2710","MMR","","States","Wyoming","2019-20","94.5","7913","100","*","NULL","Census"
"2711","MMR","","States","Washington","2019-20","94.4","87757","91.9","§","NULL","Census"
"2712","MMR","","States","Indiana","2019-20","94.4","88253","65.7","NULL","NULL","Voluntary response"
"2713","MMR","","States","Mississippi","2020-21","98.9","34028","100",">=.*","NULL","Census"
"2714","MMR","","States","New York","2020-21","98.3","216804","91.5","NULL","NULL","Census (public). voluntary response (private)"
"2715","MMR","","States","NY-City of New York","2020-21","97.4","91920","94.2","NULL","NULL","Census (public). voluntary response (private)"
"2716","MMR","","States","Rhode Island","2020-21","97","10402","93","‡.§","NULL","Census"
"2717","MMR","","States","Tennessee","2020-21","96.6","73819","100","*.§","NULL","Census"
"2718","MMR","","States","Louisiana","2020-21","96.2","61912","100","*","NULL","Census"
"2719","MMR","","States","Nevada","2020-21","96.1","34171","94.7","NULL","NULL","Census (public). voluntary response (private)"
"2720","MMR","","States","Massachusetts","2020-21","95.9","60724","100","*.‡","NULL","Census"
"2721","MMR","","States","Virginia","2020-21","95.8","88273","2","†","NULL","Stratified 2-stage cluster sample"
"2722","MMR","","States","New Mexico","2020-21","95.7","20589","100","*","NULL","Census"
"2723","MMR","","States","Delaware","2020-21","95.7","10587","9.2","NULL","NULL","Stratified 2-stage cluster sample"
"2724","MMR","","States","Pennsylvania","2020-21","95.5","129307","95","NULL","NULL","Census (public). voluntary response (private)"
"2725","MMR","","States","Nebraska","2020-21","95.5","25681","94.8","‡","NULL","Census (public). voluntary response (private)"
"2726","MMR","","States","Texas","2020-21","95.3","377840","98.9","‡.§","NULL","Census"
"2727","MMR","","States","Connecticut","2020-21","95.3","34396","100","*","NULL","Census"
"2728","MMR","","States","North Carolina","2020-21","95.2","120995","89","‡.§","NULL","Census (public). voluntary response (private)"
"2729","MMR","","States","California","2020-21","95.1","498214","97.5","‡","NULL","Census"
"2730","MMR","","States","Alabama","2020-21","94.7","56974","100",">=.*","NULL","Census"
"2731","MMR","","States","South Dakota","2020-21","94.6","11512","99.9","NULL","NULL","Census"
"2732","MMR","","States","Michigan","2020-21","94.6","106657","100","*","NULL","Census"
"2733","MMR","","States","South Carolina","2020-21","94.4","56330","26.5","†","NULL","Stratified 1-stage cluster sample"
"2734","MMR","","States","Washington","2020-21","94.4","74931","100","§","NULL","Census"
"2735","MMR","","States","Maine","2020-21","94.3","13477","85","NULL","NULL","Voluntary response (public). census (private)"
"2736","MMR","","States","New Jersey","2020-21","94.3","100144","100",">=.*","NULL","Census"
"2737","MMR","","States","Wyoming","2020-21","90.2","6923","100",">=.*","NULL","Census"
"2738","MMR","","States","Minnesota","2020-21","89.8","66007","95.2","NULL","NULL","Census"
"2739","MMR","","States","Ohio","2020-21","89.6","128535","91.1","NULL","NULL","Census (public). voluntary response (private)"
"2740","MMR","","States","NY-City of New York","2023-24","96.7","85360","99.3","NULL","NULL","Census"
"2741","MMR","","States","Wisconsin","2020-21","87.2","63486","84.5",">=.†.‡.§","NULL","Voluntary response"
"2742","MMR","","States","Idaho","2020-21","86.5","22677","98.3","NULL","NULL","Census"
"2743","MMR","","States","TX-City of Houston","2020-21","83.7","39627","94.9","‡.§","NULL","Census (public). voluntary response (private)"
"2744","MMR","","States","District of Columbia","2020-21","78.9","8262","100","*","NULL","Census"
"2745","MMR","","States","Illinois","2020-21","NR","NULL","NULL","NULL","NULL","Not Conducted"
"2746","MMR","","States","West Virginia","2020-21","NR","NULL","NULL","NULL","NULL","Not Conducted"
"2747","MMR","","States","Minnesota","2021-22","89","69403","98.7","NULL","NULL","Census"
"2748","MMR","","States","Utah","2021-22","90","48995","100","*","NULL","Census"
"2749","MMR","","States","Iowa","2021-22","90.6","40111","100",">=. *","NULL","Census"
"2750","MMR","","States","Arizona","2021-22","90.6","83463","97","NULL","NULL","Census"
"2751","MMR","","States","Oklahoma","2021-22","90.9","54042","84.3","‡","NULL","Vol. response"
"2752","MMR","","States","Kansas","2021-22","91","36526","29.5","†. ‡. §","NULL","Stratified 1-stage cluster sample"
"2753","MMR","","States","North Dakota","2021-22","91.5","10755","96.6","NULL","NULL","Census"
"2754","MMR","","States","New Jersey","2021-22","94.1","104240","100",">=. §. *","NULL","Census"
"2755","MMR","","States","Texas","2021-22","94","389037","99.3","‡. §","NULL","Census"
"2756","MMR","","States","Maryland","2021-22","93.9","53866","98.4","‡","NULL","Census"
"2757","MMR","","States","Louisiana","2021-22","93.7","66518","100","*","NULL","Census"
"2758","MMR","","States","South Dakota","2021-22","93.7","12251","100","*","NULL","Census"
"2759","MMR","","States","Michigan","2021-22","93.6","114251","100","*","NULL","Census"
"2760","MMR","","States","Vermont","2021-22","93.4","6126","100","*","NULL","Census"
"2761","MMR","","States","Oregon","2021-22","93","41538","100","*. ‡","NULL","Census"
"2762","MMR","","States","Wyoming","2021-22","92.9","7382","100","*","NULL","Census"
"2763","MMR","","States","Nevada","2021-22","92.7","36855","99.2","NULL","NULL","Census (pub.), vol. response (pvt.)"
"2764","MMR","","States","South Carolina","2021-22","92.7","58276","27.2","†","NULL","1-stage cluster sample"
"2765","MMR","","States","Arkansas","2021-22","92.5","39358","96.3","NULL","NULL","Census (pub.), vol. response (pvt.)"
"2766","MMR","","States","Washington","2021-22","92.5","87256","97.3","§","NULL","Census (pub.), vol. response (pvt.)"
"2767","MMR","","States","Indiana","2021-22","92.1","83198","75.1","§","NULL","Vol. response"
"2768","MMR","","States","Illinois","2021-22","92.1","137699","100","*","NULL","Census"
"2769","MMR","","States","Florida","2021-22","91.7","229432","97.8",">=. §","NULL","Census"
"2770","MMR","","States","Missouri","2021-22","91.6","71034","100","*","NULL","Census"
"2771","MMR","","States","Colorado","2021-22","88.4","66900","97.5","NULL","NULL","Census"
"2772","MMR","","States","Ohio","2021-22","88.3","139077","91.9","NULL","NULL","Census (pub.), vol. response (pvt.)"
"2773","MMR","","States","TX-City of Houston","2021-22","88.2","40123","99.3","‡. §","NULL","Census"
"2774","MMR","","States","Kentucky","2021-22","86.5","59233","91.5",">=. ‡. §","NULL","Census"
"2775","MMR","","States","Idaho","2021-22","83.9","23854","99.6","NULL","NULL","Census"
"2776","MMR","","States","Georgia","2021-22","83.2","118742","100",">=. *","NULL","Census"
"2777","MMR","","States","Wisconsin","2021-22","82.6","64275","96.8",">=. ‡","NULL","Census (pub.), vol. response (pvt.)"
"2778","MMR","","States","District of Columbia","2021-22","82","8959","100","*","NULL","Census"
"2779","MMR","","States","New Mexico","2021-22","94.3","20736","100","*","NULL","Census"
"2780","MMR","","States","Hawaii","2021-22","94.3","13368","6.7","NULL","NULL","Stratified 2-stage cluster sample"
"2781","MMR","","States","New Hampshire","2021-22","88.7","12157","100",">=. §. *","NULL","Census"
"2782","MMR","","States","Mississippi","2022-23","98.4","36048","100",">=. *","NULL","Census"
"2783","MMR","","States","Rhode Island","2022-23","96.9","10532","96.5","‡. §","NULL","Census"
"2784","MMR","","States","Maine","2022-23","96.8","12403","93.9","NULL","NULL","Census"
"2785","MMR","","States","Maryland","2022-23","96.7","59684","100","*. ‡","NULL","Census"
"2786","MMR","","States","Massachusetts","2022-23","96.5","66041","100","*. ‡","NULL","Census"
"2787","MMR","","States","California","2022-23","96.5","541132","100","‡","NULL","Census"
"2788","MMR","","States","Virginia","2022-23","95.8","93271","1.6","†","NULL","Stratified 2-stage cluster sample"
"2789","MMR","","States","West Virginia","2022-23","95.6","19175","86.1",">=. ‡. §","NULL","Vol. response (pub.), census (pvt.)"
"2790","MMR","","States","Tennessee","2022-23","95.4","79692","100","§. *","NULL","Census"
"2791","MMR","","States","Nebraska","2022-23","95.1","23176","100","*. ‡","NULL","Census"
"2792","MMR","","States","Delaware","2022-23","95.1","10674","9.7","‡","NULL","Stratified 2-stage cluster sample"
"2793","MMR","","States","New Mexico","2022-23","94.9","21068","100","*","NULL","Census"
"2794","MMR","","States","New Jersey","2022-23","94.3","104468","100",">=. §. *","NULL","Census"
"2795","MMR","","States","Texas","2022-23","94.2","381680","98","‡. §","NULL","Census"
"2796","MMR","","States","North Carolina","2022-23","94","125679","83.1","§. ‡","NULL","Vol. response"
"2797","MMR","","States","Pennsylvania","2022-23","94","137259","97.2","NULL","NULL","Census (pub.), vol. response (pvt.)"
"2798","MMR","","States","Alabama","2022-23","93.9","59113","100",">=. *","NULL","Census"
"2799","MMR","","States","South Carolina","2022-23","93.2","58878","28.1","†","NULL","Stratified 1-stage cluster sample"
"2800","MMR","","States","Vermont","2022-23","93.1","5816","100","*","NULL","Census"
"2801","MMR","","States","Michigan","2022-23","92.9","113678","100","*","NULL","Census"
"2802","MMR","","States","Nevada","2022-23","92.8","34333","89.1","NULL","NULL","Vol. response (pub.), census (pvt.)"
"2803","MMR","","States","South Dakota","2022-23","92.5","12081","100","*","NULL","Census"
"2804","MMR","","States","Louisiana","2022-23","92.2","54314","100","*","NULL","Census"
"2805","MMR","","States","North Dakota","2022-23","92","10554","99.4","NULL","NULL","Census"
"2806","MMR","","States","Indiana","2022-23","92","81307","87.5","§","NULL","Vol. response (pub.), census (pvt.)"
"2807","MMR","","States","Arkansas","2022-23","91.9","38358","95.8","NULL","NULL","Census (pub.), vol. response (pvt.)"
"2808","MMR","","States","Oregon","2022-23","91.9","40963","100","*. ‡","NULL","Census"
"2809","MMR","","States","Illinois","2022-23","91.7","135332","100","*","NULL","Census"
"2810","MMR","","States","Kansas","2022-23","91.6","35543","30.8","†. ‡. §","NULL","Stratified 1-stage cluster sample"
"2811","MMR","","States","Washington","2022-23","91.4","86284","97.9","§","NULL","Census"
"2812","MMR","","States","Missouri","2022-23","91.3","69126","100","*","NULL","Census"
"2813","MMR","","States","Kansas","2020-21","92.6","34687","32.7","†.‡.§","NULL","Stratified 2-stage cluster sample"
"2814","MMR","","States","Missouri","2020-21","92.6","63093","100","*","NULL","Census"
"2815","MMR","","States","Arizona","2020-21","91.9","76382","92.4","NULL","NULL","Census (public). voluntary response (private)"
"2816","MMR","","States","Utah","2020-21","91.4","46247","100","*","NULL","Census"
"2817","MMR","","States","New Hampshire","2020-21","90.8","10242","57",">=. §","NULL","Voluntary response"
"2818","MMR","","States","Hawaii","2020-21","90.7","13074","9.3","NULL","NULL","Stratified 2-stage cluster sample"
"2819","MMR","","States","Colorado","2020-21","90.5","63619","97.3","NULL","NULL","Census"
"2820","MMR","","States","Oklahoma","2020-21","90.5","52656","90","‡.§","NULL","Census (public). voluntary response (private)"
"2821","MMR","","States","New York","2023-24","97.7","200894","98.8","NULL","NULL","Census"
"2822","MMR","","States","Connecticut","2023-24","97.7","36184","100","*","NULL","Census"
"2823","MMR","","States","Mississippi","2023-24","97.5","36105","100",">=. *","NULL","Census"
"2824","MMR","","States","Maryland","2023-24","96.6","63224","100",">=. *. ‡","NULL","Census"
"2825","MMR","","States","Massachusetts","2023-24","96.3","65424","100","*. ‡","NULL","Census"
"2826","MMR","","States","California","2023-24","96.2","569680","100","*. ‡","NULL","Census"
"2827","MMR","","States","Georgia","2023-24","88.4","136943","100",">=. *","NULL","Census"
"2828","MMR","","States","Utah","2023-24","88.8","46228","100","*","NULL","Census"
"2829","MMR","","States","Iowa","2023-24","89.1","38611","100",">=. *","NULL","Census"
"2830","MMR","","States","New Hampshire","2023-24","89.2","11871","100",">=. §. *","NULL","Census"
"2831","MMR","","States","Ohio","2023-24","89.2","133716","94","NULL","NULL","Census (pub.), vol. response (prv.)"
"2832","MMR","","States","Arizona","2023-24","89.3","74834","99.6","NULL","NULL","Census"
"2833","MMR","","States","Hawaii","2023-24","89.8","13995","8.2","NULL","NULL","Stratified 2-stage cluster sample"
"2834","MMR","","States","Kentucky","2023-24","90","52609","100",">=. *. ‡. §","NULL","Census"
"2835","MMR","","States","Kansas","2023-24","90.4","34178","37.1","†. ‡. §","NULL","Stratified 2-stage cluster sample"
"2836","MMR","","States","Missouri","2023-24","90.4","69014","100","*","NULL","Census"
"2837","MMR","","States","Tennessee","2023-24","95.1","79323","95.8","§","NULL","Census"
"2838","MMR","","States","New Mexico","2023-24","95","20699","100","*","NULL","Census"
"2839","MMR","","States","Texas","2023-24","94.3","381421","92.4","‡. §","NULL","Census (pub.), vol. response (prv.)"
"2840","MMR","","States","Virginia","2023-24","94.2","92633","1.9","†","NULL","Stratified 2-stage cluster sample"
"2841","MMR","","States","Nebraska","2023-24","93.9","23118","100","*. ‡","NULL","Census"
"2842","MMR","","States","Alabama","2023-24","93.8","54565","100",">=. *","NULL","Census"
"2843","MMR","","States","Delaware","2023-24","93.8","11043","12.1",">=. ‡","NULL","Stratified 2-stage cluster sample"
"2844","MMR","","States","North Carolina","2023-24","93.8","125964","90.8","§","NULL","Census (pub.), vol. response (prv.)"
"2845","MMR","","States","TX-City of Houston","2023-24","93.6","37882","67.7","‡. §","NULL","Vol. response"
"2846","MMR","","States","Wyoming","2023-24","93.5","6754","100","*","NULL","Census"
"2847","MMR","","States","Mississippi","2021-22","98.6","36524","100",">=. *","NULL","Census"
"2848","MMR","","States","New York","2021-22","98","195377","99.3","NULL","NULL","Census"
"2849","MMR","","States","NY-City of New York","2021-22","97.3","82938","99.8","NULL","NULL","Census"
"2850","MMR","","States","Rhode Island","2021-22","97.3","11002","96.9","‡. §","NULL","Census"
"2851","MMR","","States","Maine","2021-22","96.7","12881","91.6","NULL","NULL","Census"
"2852","MMR","","States","West Virginia","2021-22","96.5","18070","85.5","‡. §","NULL","Vol. response"
"2853","MMR","","States","Delaware","2021-22","96.4","11181","9.5","‡","NULL","Stratified 2-stage cluster sample"
"2854","MMR","","States","California","2021-22","96.3","512144","98.4","‡","NULL","Census"
"2855","MMR","","States","Nebraska","2021-22","96.2","25018","99.5","‡","NULL","Census"
"2856","MMR","","States","Massachusetts","2021-22","96.2","65582","100","*. ‡","NULL","Census"
"2857","MMR","","States","North Carolina","2021-22","96.1","118191","78.5","§. ‡","NULL","Vol. response"
"2858","MMR","","States","Tennessee","2021-22","95.8","79120","100","§. *","NULL","Census"
"2859","MMR","","States","Connecticut","2021-22","95.7","35451","100","*","NULL","Census"
"2860","MMR","","States","Virginia","2021-22","95.5","95996","2.8","†","NULL","Stratified 2-stage cluster sample"
"2861","MMR","","States","Pennsylvania","2021-22","95","139558","94.9","NULL","NULL","Census (pub.), vol. response (pvt.)"
"2862","MMR","","States","Alabama","2021-22","94.9","60332","100",">=. *","NULL","Census"
"2863","MMR","","States","Texas","2024-25","93.2","378860","97.3","‡. §","NULL","Census (pub.), vol. response (prv.)"
"2864","MMR","","States","New Jersey","2024-25","92.8","104339","100",">=. *","NULL","Census"
"2865","MMR","","States","New York","2022-23","97.9","205906","96.6","NULL","NULL","Census (pub.), vol. response (pvt.)"
"2866","MMR","","States","Pennsylvania","2024-25","92.4","140160","95.3","NULL","NULL","Census (pub.), vol. response (prv.)"
"2867","MMR","","States","Illinois","2024-25","91.8","132769","99.5","NULL","NULL","Census"
"2868","MMR","","States","Michigan","2024-25","91.6","107636","100","*. ‡","NULL","Census"
"2869","MMR","","States","Nevada","2024-25","91.3","33272","92.6","NULL","NULL","Census (pub.), vol. response (prv.)"
"2870","MMR","","States","South Carolina","2024-25","91.2","57718","34.3","†","NULL","Stratified 1-stage cluster sample"
"2871","MMR","","States","Kansas","2024-25","91","33892","29.2","†. ‡. §","NULL","Stratified 2-stage cluster sample"
"2872","MMR","","States","Washington","2024-25","90.9","76756","97.9","NULL","NULL","Census"
"2873","MMR","","States","Indiana","2024-25","90.8","73744","92.7","§","NULL","Census (pub.), vol. response (prv.)"
"2874","MMR","","States","Oregon","2024-25","90.5","38247","100","*. ‡","NULL","Census"
"2875","MMR","","States","Hawaii","2024-25","90.1","13804","10.5","NULL","NULL","Stratified 2-stage cluster sample"
"2876","MMR","","States","South Dakota","2024-25","90","11367","99.3","§","NULL","Census"
"2877","MMR","","States","North Dakota","2024-25","90","9659","98.8","NULL","NULL","Census"
"2878","MMR","","States","Missouri","2024-25","90","68163","100","*","NULL","Census"
"2879","MMR","","States","TX-City of Houston","2022-23","91.3","37664","98.8","‡. §","NULL","Census (pub.), vol. response (pvt.)"
"2880","MMR","","States","Wyoming","2022-23","90.8","7060","100","*","NULL","Census"
"2881","MMR","","States","Florida","2022-23","90.6","230309","97.7",">=","NULL","Census"
"2882","MMR","","States","Kentucky","2022-23","90.1","54742","96.9",">=. ‡. §","NULL","Census"
"2883","MMR","","States","Utah","2022-23","90","46635","100","*","NULL","Census"
"2884","MMR","","States","Arizona","2022-23","89.9","80814","97.7","NULL","NULL","Census"
"2885","MMR","","States","Iowa","2022-23","89.9","39178","100",">=. *","NULL","Census"
"2886","MMR","","States","Oklahoma","2022-23","89.6","52548","89.5","‡","NULL","Census (pub.), vol. response (pvt.)"
"2887","MMR","","States","New Hampshire","2022-23","89.4","11332","100",">=. §. *","NULL","Census"
"2888","MMR","","States","Ohio","2022-23","89.3","134893","93.7","NULL","NULL","Census (pub.), vol. response (pvt.)"
"2889","MMR","","States","Georgia","2022-23","88.1","123771","100",">=. *","NULL","Census"
"2890","MMR","","States","Minnesota","2022-23","87.6","68152","97.9","NULL","NULL","Census"
"2891","MMR","","States","District of Columbia","2022-23","87.5","8064","100","*","NULL","Census"
"2892","MMR","","States","Colorado","2022-23","87","65576","97.2","NULL","NULL","Census"
"2893","MMR","","States","Wisconsin","2022-23","86.5","63593","93.9","‡","NULL","Census (pub.), vol. response (pvt.)"
"2894","MMR","","States","Hawaii","2022-23","86.4","13195","8.1","NULL","NULL","Stratified 2-stage cluster sample"
"2895","MMR","","States","Alaska","2022-23","83.6","9650","88.8","¶","NULL","Vol. response (pub.), not conducted (pvt.)"
"2896","MMR","","States","Idaho","2022-23","81.3","23721","99.3","NULL","NULL","Census"
"2897","MMR","","States","Oklahoma","2023-24","88.3","49979","93.8","‡","NULL","Census (pub.), vol. response (prv.)"
"2898","MMR","","States","Colorado","2023-24","88.3","61662","100","*","NULL","Census"
"2899","MMR","","States","Florida","2023-24","88.1","228213","100",">=. *","NULL","Census"
"2900","MMR","","States","Minnesota","2023-24","87","66032","99.1","NULL","NULL","Census"
"2901","MMR","","States","Wisconsin","2023-24","84.8","62028","98.2","‡. §","NULL","Census"
"2902","MMR","","States","Alaska","2023-24","84.3","8644","88.9","¶","NULL","Census (pub.), not conducted (prv.)"
"2903","MMR","","States","Idaho","2023-24","79.6","22376","100","*","NULL","Census"
"2904","MMR","","States","West Virginia","2023-24","98.3","18261","82.8","‡. §","NULL","Vol. response"
"2905","MMR","","States","Oklahoma","2025-26","87.8","47844","90.7","NULL","NULL","Census (pub.), vol. response (prv.)"
"2906","MMR","","States","Colorado","2025-26","87.7","60049","100","*. �","NULL","Census"
"2907","MMR","","States","Maine","2023-24","97.5","12087","93","NULL","NULL","Census"
"2908","MMR","","States","Rhode Island","2023-24","97.1","10539","97.8","‡. §","NULL","Census"
"2909","MMR","","States","Idaho","2025-26","75.2","21728","100","*","NULL","Census"
"2910","MMR","","States","Kansas","2025-26",NA,"NULL","NULL","NULL","NULL","Stratified 2-stage cluster sample"
"2911","MMR","","States","West Virginia","2025-26","98.9","15445","93.3","�. �","NULL","Census"
"2912","MMR","","States","Connecticut","2025-26","98.6","33118","100","*","NULL","Census"
"2913","MMR","","States","Pennsylvania","2023-24","93.5","137593","96.5","NULL","NULL","Census"
"2914","MMR","","States","New Jersey","2023-24","93.2","105408","100",">=. §. *","NULL","Census"
"2915","MMR","","States","Vermont","2023-24","92.9","5630","100","*","NULL","Census"
"2916","MMR","","States","Arkansas","2023-24","92.5","37535","95.4","NULL","NULL","Census (pub.), vol. response (prv.)"
"2917","MMR","","States","Louisiana","2023-24","92.4","51839","100","*","NULL","Census"
"2918","MMR","","States","Michigan","2023-24","92.1","110156","100","*","NULL","Census"
"2919","MMR","","States","South Carolina","2023-24","92.1","58069","26.7","†","NULL","Stratified 1-stage cluster sample"
"2920","MMR","","States","District of Columbia","2023-24","92","7874","100","*","NULL","Census"
"2921","MMR","","States","Nevada","2023-24","91.9","31261","91.3","NULL","NULL","Census"
"2922","MMR","","States","Illinois","2023-24","91.6","133578","100","*","NULL","Census"
"2923","MMR","","States","Washington","2023-24","91.3","84053","97.2","§","NULL","Census"
"2924","MMR","","States","Oregon","2023-24","91.2","39568","100","*. ‡","NULL","Census"
"2925","MMR","","States","North Dakota","2023-24","90.9","9708","97.5","NULL","NULL","Census"
"2926","MMR","","States","Indiana","2023-24","90.8","80639","88.5","§","NULL","Census (pub.), vol. response (prv.)"
"2927","MMR","","States","South Dakota","2023-24","90.8","11744","99.8","§","NULL","Census"
"2928","MMR","","States","Connecticut","2024-25","98.2","30112","100","*","NULL","Census"
"2929","MMR","","States","New York","2024-25","97.8","234054","85.1","NULL","NULL","Vol. response"
"2930","MMR","","States","Mississippi","2024-25","97.6","35293","100",">=. *","NULL","Census"
"2931","MMR","","States","Maine","2024-25","97.6","11761","95.4","NULL","NULL","Census"
"2932","MMR","","States","NY-City of New York","2024-25","97.1","85986","96.9","NULL","NULL","Census (pub.), vol. response (prv.)"
"2933","MMR","","States","Rhode Island","2024-25","96.7","10088","96.7","‡. §","NULL","Census"
"2934","MMR","","States","Massachusetts","2024-25","96.6","65581","100","*. ‡","NULL","Census"
"2935","MMR","","States","Maryland","2024-25","96.4","66135","95.6","‡","NULL","Census (pub.), vol. response (prv.)"
"2936","MMR","","States","California","2024-25","96.1","590849","100","*. ‡","NULL","Census"
"2937","MMR","","States","Virginia","2024-25","95.6","91453","1.7","†","NULL","Stratified 2-stage cluster sample"
"2938","MMR","","States","Alabama","2024-25","95.2","53589","99.9","NULL","NULL","Census"
"2939","MMR","","States","New Mexico","2024-25","94.8","20180","100","*","NULL","Census"
"2940","MMR","","States","Tennessee","2024-25","94.4","78299","96.7","§","NULL","Census"
"2941","MMR","","States","Nebraska","2024-25","94.2","24102","100","*. ‡","NULL","Census"
"2942","MMR","","States","North Carolina","2024-25","94.2","124028","91","§","NULL","Census (pub.), vol. response (prv.)"
"2943","MMR","","States","Delaware","2024-25","94.1","10393","14.2","‡","NULL","2-stage cluster sample (pub.), nonrandom 2-stage cluster sample (prv.)"
"2944","MMR","","States","Wyoming","2024-25","93.6","6564","100","*","NULL","Census"
"2945","MMR","","States","Vermont","2024-25","93.5","5432","100","*","NULL","Census"
"2946","DTP, DTaP, or DT","","States","Rhode Island","2009-10","90.3","11818","11.6","NULL","NULL","Random sample"
"2947","DTP, DTaP, or DT","","States","North Dakota","2009-10","90.8","8323","6","¶","NULL","Random sample"
"2948","MMR","","States","Arkansas","2024-25","89.6","37570","96.4","NULL","NULL","Census (pub.), vol. response (prv.)"
"2949","MMR","","States","District of Columbia","2024-25","92.7","7997","100","*","NULL","Census"
"2950","MMR","","States","Louisiana","2024-25","92.6","49229","100","*","NULL","Census"
"2951","MMR","","States","Arizona","2024-25","88.6","75024","97.4","NULL","NULL","Census"
"2952","MMR","","States","Utah","2024-25","88.6","45818","100","*","NULL","Census"
"2953","MMR","","States","Ohio","2024-25","88.3","131589","93.2","NULL","NULL","Census (pub.), vol. response (prv.)"
"2954","MMR","","States","Colorado","2024-25","88","60055","100","*. §","NULL","Census"
"2955","MMR","","States","Kentucky","2024-25","86.9","51319","100","*. §","NULL","Census"
"2956","MMR","","States","Georgia","2024-25","86.8","114568","100",">=. *","NULL","Census"
"2957","MMR","","States","Minnesota","2024-25","86.5","64898","99.7","NULL","NULL","Census"
"2958","MMR","","States","Wisconsin","2024-25","84.8","61120","95.7","‡. §","NULL","Census (pub.), vol. response (prv.)"
"2959","MMR","","States","Alaska","2024-25","81.2","7338","99.8","¶","NULL","Census (pub.), not conducted (prv.)"
"2960","MMR","","States","Idaho","2024-25","78.5","22242","99.5","NULL","NULL","Census"
"2961","MMR","","States","Iowa","2025-26","88.9","37490","100",">=. *","NULL","Census"
"2962","MMR","","States","Georgia","2025-26","89.1","118864","100",">=. *","NULL","Census"
"2963","MMR","","States","Hawaii","2025-26","89.3","13791","11.7","NULL","NULL","Stratified 2-stage cluster sample"
"2964","MMR","","States","South Dakota","2025-26","89.3","11009","100","*. �","NULL","Census"
"2965","MMR","","States","Missouri","2025-26","89.5","66610","100","*","NULL","Census"
"2966","MMR","","States","Oregon","2025-26","89.6","37309","100","*. �","NULL","Census"
"2967","MMR","","States","Alaska","2025-26","89.9","8253","60.9","�","NULL","Vol. response (public), not conducted (private)"
"2968","MMR","","States","Indiana","2025-26","90.1","70886","87.1","�","NULL","Vol. response"
"2969","MMR","","States","Virginia","2025-26","93.6","88950","95.7","NULL","NULL","Census"
"2970","MMR","","States","Delaware","2025-26","93.5","10729","12.9","NULL","NULL","2-stage cluster sample (pub.), nonrandom 2-stage cluster sample (prv.)"
"2971","MMR","","States","South Carolina","2025-26","93.4","57542","26.2","�","NULL","Stratified 1-stage cluster sample"
"2972","MMR","","States","Texas","2025-26","93.2","358586","98.3","�. �","NULL","Census (pub.), vol. response (prv.)"
"2973","MMR","","States","Illinois","2025-26","92.8","128598","99.8","NULL","NULL","Census"
"2974","MMR","","States","Nebraska","2025-26","92.8","23807","100","*. �","NULL","Census"
"2975","MMR","","States","Pennsylvania","2025-26","92.7","134313","95.7","NULL","NULL","Census (pub.), vol. response (prv.)"
"2976","MMR","","States","Wyoming","2025-26","92.6","6146","100","*","NULL","Census"
"2977","MMR","","States","New Jersey","2025-26","92.5","101602","92.3",">=. �","NULL","Census"
"2978","MMR","","States","TX-City of Houston","2025-26","92.1","36071","94.6","�. �","NULL","Census (pub.), vol. response (prv.)"
"2979","MMR","","States","Arkansas","2025-26","91.5","35543","96.7","NULL","NULL","Census (pub.), vol. response (prv.)"
"2980","MMR","","States","Kentucky","2025-26","91.1","49937","100","*. �","NULL","Census"
"2981","MMR","","States","Michigan","2025-26","90.9","104614","100","*. �","NULL","Census"
"2982","MMR","","States","Nevada","2025-26","90.8","32815","93.6","NULL","NULL","Census (pub.), vol. response (prv.)"
"2983","MMR","","States","Washington","2025-26","90.6","75631","99.1","�","NULL","Census"
"2984","MMR","","States","Louisiana","2025-26","90.3","50223","100","*","NULL","Census"
"2985","MMR","","States","North Dakota","2025-26","88.5","9344","98.6","NULL","NULL","Census"
"2986","MMR","","States","New Hampshire","2025-26","88.2","11544","100",">=. *. �","NULL","Census"
"2987","MMR","","States","Ohio","2025-26","88.1","129087","95.9","NULL","NULL","Census (pub.), vol. response (prv.)"
"2988","MMR","","States","California","2025-26","95.7","614405","100","*. �","NULL","Census"
"2989","MMR","","States","New Mexico","2025-26","95.1","19843","100","*. �","NULL","Census"
"2990","MMR","","States","Arizona","2025-26","87.4","73907","92.5","NULL","NULL","Census (pub.), vol. response (prv.)"
"2991","MMR","","States","Utah","2025-26","87.2","44001","100","*","NULL","Census"
"2992","MMR","","States","Minnesota","2025-26","85.7","63451","99.9","NULL","NULL","Census"
"2993","MMR","","States","Wisconsin","2025-26","85.1","59360","96.6","�. �","NULL","Census (pub.), vol. response (prv.)"
"2994","DTP, DTaP, or DT","","States","Georgia","2009-10","99.9","141949","1.2","NULL","NULL","Random sample"
"2995","DTP, DTaP, or DT","","States","Mississippi","2009-10","99.7","46922","100","≥. *","NULL","Census"
"2996","DTP, DTaP, or DT","","States","Maryland","2009-10","99.6","75061","75","NULL","NULL","Voluntary response"
"2997","DTP, DTaP, or DT","","States","New Mexico","2009-10","99","26318","2.2","NULL","NULL","Random sample"
"2998","DTP, DTaP, or DT","","States","Nebraska","2009-10","98.7","29607","96.4","NULL","NULL","Census"
"2999","DTP, DTaP, or DT","","States","Connecticut","2009-10","98.5","46158","100","*","NULL","Census"
"3000","DTP, DTaP, or DT","","States","Virginia","2009-10","98.4","100891","4.4","NULL","NULL","Random sample"
"3001","DTP, DTaP, or DT","","States","New York","2009-10","98.3","229273","100","*","NULL","Census"
"3002","DTP, DTaP, or DT","","States","Louisiana","2009-10","98","53846","100","*","NULL","Census"
"3003","DTP, DTaP, or DT","","States","South Dakota","2009-10","97.9","11499","100","*","NULL","Census"
"3004","DTP, DTaP, or DT","","States","Nevada","2009-10","97.9","35209","5.6","NULL","NULL","Random sample"
"3005","DTP, DTaP, or DT","","States","Texas","2009-10","97.7","381425","98.3","NULL","NULL","Census"
"3006","DTP, DTaP, or DT","","States","Utah","2009-10","97.5","49957","100","*","NULL","Census"
"3007","DTP, DTaP, or DT","","States","Arkansas","2009-10","97.5","34733","100","*","NULL","Census"
"3008","DTP, DTaP, or DT","","States","Tennessee","2009-10","97.4","90811","88.1","≥","NULL","Voluntary response"
"3009","DTP, DTaP, or DT","","States","Wisconsin","2009-10","97.3","61095","2.3","¶","NULL","Random sample"
"3010","DTP, DTaP, or DT","","States","Oklahoma","2009-10","97.3","51128","88.9","NULL","NULL","Voluntary response"
"3011","DTP, DTaP, or DT","","States","Kansas","2009-10","97.1","39073","39.1","†","NULL","Stratified 1-stage sample  (Public).  Census (Private)"
"3012","DTP, DTaP, or DT","","States","Missouri","2009-10","97.1","75958","3","NULL","NULL","Random sample"
"3013","DTP, DTaP, or DT","","States","Montana","2009-10","96.7","12335","98.8","NULL","NULL","Census"
"3014","DTP, DTaP, or DT","","States","Maine","2009-10","96.2","14162","75.3","NULL","NULL","Voluntary response"
"3015","DTP, DTaP, or DT","","States","Michigan","2009-10","96","129810","100","*","NULL","Census"
"3016","DTP, DTaP, or DT","","States","Illinois","2009-10","95.6","165845","100","NULL","NULL","Census"
"3017","DTP, DTaP, or DT","","States","Pennsylvania","2009-10","NReq","149656","100","||. *","NULL","Census"
"3018","DTP, DTaP, or DT","","States","North Carolina","2009-10",NA,"116087","96","NULL","NULL","Census"
"3019","DTP, DTaP, or DT","","States","New Jersey","2009-10",NA,"118347","95.1","NULL","NULL","Census"
"3020","DTP, DTaP, or DT","","States","Alaska","2009-10",NA,"9641","76.4","NULL","NULL","Voluntary response"
"3021","DTP, DTaP, or DT","","States","New Hampshire","2009-10",NA,"NULL","NULL","NULL","NULL","Not conducted"
"3022","DTP, DTaP, or DT","","States","Colorado","2009-10",NA,"NULL","NULL","NULL","NULL","Not conducted"
"3023","DTP, DTaP, or DT","","States","District of Columbia","2009-10",NA,"6092","100","*","NULL","Census"
"3024","DTP, DTaP, or DT","","States","Hawaii","2009-10",NA,"18427","6.4","NULL","NULL","Random sample"
"3025","DTP, DTaP, or DT","","States","Iowa","2009-10","84.5","42698","100","≥","NULL","Census"
"3026","DTP, DTaP, or DT","","States","South Carolina","2009-10","86.7","53725","10.2","NULL","NULL","Random sample"
"3027","DTP, DTaP, or DT","","States","Idaho","2009-10","86.8","22624","100","*","NULL","Census"
"3028","DTP, DTaP, or DT","","States","Ohio","2009-10","87.9","131137","100","*","NULL","Census"
"3029","DTP, DTaP, or DT","","States","Delaware","2009-10","89.6","11327","9.2","NULL","NULL","Random sample"
"3030","DTP, DTaP, or DT","","States","Hawaii","2010-11",NA,"NULL","NULL","NULL","NULL",NA
"3031","DTP, DTaP, or DT","","States","Idaho","2010-11",NA,"NULL","NULL","NULL","NULL",NA
"3032","DTP, DTaP, or DT","","States","Illinois","2010-11",NA,"NULL","NULL","NULL","NULL",NA
"3033","MMR","","States","New Hampshire","2024-25","89.2","11713","100",">=. *. §","NULL","Census"
"3034","MMR","","States","Florida","2024-25","88.8","221053","100",">=. *","NULL","Census"
"3035","MMR","","States","Iowa","2024-25","88.8","38268","100",">=. *","NULL","Census"
"3036","MMR","","States","Oklahoma","2024-25","88.7","47544","86.7","‡","NULL","Vol. response"
"3037","MMR","","States","TX-City of Houston","2024-25","88.7","36981","98.8","‡. §","NULL","Census (pub.), vol. response (prv.)"
"3038","DTP, DTaP, or DT","","States","Nevada","2010-11",NA,"NULL","NULL","NULL","NULL",NA
"3039","DTP, DTaP, or DT","","States","New Hampshire","2010-11",NA,"NULL","NULL","NULL","NULL",NA
"3040","DTP, DTaP, or DT","","States","New Jersey","2010-11",NA,"NULL","NULL","NULL","NULL",NA
"3041","DTP, DTaP, or DT","","States","New Mexico","2010-11",NA,"NULL","NULL","NULL","NULL",NA
"3042","DTP, DTaP, or DT","","States","New York","2010-11",NA,"NULL","NULL","NULL","NULL",NA
"3043","DTP, DTaP, or DT","","States","North Carolina","2010-11",NA,"NULL","NULL","NULL","NULL",NA
"3044","DTP, DTaP, or DT","","States","North Dakota","2010-11",NA,"NULL","NULL","NULL","NULL",NA
"3045","DTP, DTaP, or DT","","States","Ohio","2010-11",NA,"NULL","NULL","NULL","NULL",NA
"3046","DTP, DTaP, or DT","","States","Oklahoma","2010-11",NA,"NULL","NULL","NULL","NULL",NA
"3047","DTP, DTaP, or DT","","States","Oregon","2010-11",NA,"NULL","NULL","NULL","NULL",NA
"3048","DTP, DTaP, or DT","","States","Pennsylvania","2010-11",NA,"NULL","NULL","NULL","NULL",NA
"3049","DTP, DTaP, or DT","","States","Maryland","2010-11",NA,"NULL","NULL","NULL","NULL",NA
"3050","DTP, DTaP, or DT","","States","Wyoming","2010-11",NA,"NULL","NULL","NULL","NULL",NA
"3051","DTP, DTaP, or DT","","States","Wisconsin","2010-11",NA,"NULL","NULL","NULL","NULL",NA
"3052","DTP, DTaP, or DT","","States","West Virginia","2010-11",NA,"NULL","NULL","NULL","NULL",NA
"3053","DTP, DTaP, or DT","","States","Massachusetts","2010-11",NA,"NULL","NULL","NULL","NULL",NA
"3054","DTP, DTaP, or DT","","States","Washington","2010-11",NA,"NULL","NULL","NULL","NULL",NA
"3055","DTP, DTaP, or DT","","States","Virginia","2010-11",NA,"NULL","NULL","NULL","NULL",NA
"3056","DTP, DTaP, or DT","","States","Vermont","2010-11",NA,"NULL","NULL","NULL","NULL",NA
"3057","DTP, DTaP, or DT","","States","Utah","2010-11",NA,"NULL","NULL","NULL","NULL",NA
"3058","DTP, DTaP, or DT","","States","Michigan","2010-11",NA,"NULL","NULL","NULL","NULL",NA
"3059","DTP, DTaP, or DT","","States","Texas","2010-11",NA,"NULL","NULL","NULL","NULL",NA
"3060","DTP, DTaP, or DT","","States","Tennessee","2010-11",NA,"NULL","NULL","NULL","NULL",NA
"3061","DTP, DTaP, or DT","","States","South Dakota","2010-11",NA,"NULL","NULL","NULL","NULL",NA
"3062","DTP, DTaP, or DT","","States","South Carolina","2010-11",NA,"NULL","NULL","NULL","NULL",NA
"3063","DTP, DTaP, or DT","","States","Rhode Island","2010-11",NA,"NULL","NULL","NULL","NULL",NA
"3064","DTP, DTaP, or DT","","States","Minnesota","2010-11",NA,"NULL","NULL","NULL","NULL",NA
"3065","DTP, DTaP, or DT","","States","Alabama","2010-11",NA,"NULL","NULL","NULL","NULL",NA
"3066","DTP, DTaP, or DT","","States","Alaska","2010-11",NA,"NULL","NULL","NULL","NULL",NA
"3067","DTP, DTaP, or DT","","States","Arizona","2010-11",NA,"NULL","NULL","NULL","NULL",NA
"3068","DTP, DTaP, or DT","","States","Arkansas","2010-11",NA,"NULL","NULL","NULL","NULL",NA
"3069","MMR","","States","Maine","2025-26","98","11634","94.4","NULL","NULL","Census"
"3070","MMR","","States","New York","2025-26","97.7","203514","95.8","NULL","NULL","Census (pub.), vol. response (prv.)"
"3071","MMR","","States","NY-City of New York","2025-26","97.1","82534","98.1","NULL","NULL","Census"
"3072","MMR","","States","Mississippi","2025-26","97","34969","100",">=. *","NULL","Census"
"3073","MMR","","States","Rhode Island","2025-26","96.7","10123","97.1","�","NULL","Census"
"3074","MMR","","States","Maryland","2025-26","96.6","66945","97.8","�","NULL","Census (pub.), vol. response (prv.)"
"3075","MMR","","States","Massachusetts","2025-26","96.5","65331","100","�","NULL","Census"
"3076","DTP, DTaP, or DT","","States","Alabama","2011-12","93.6","73190","100","≥. * .**","NULL","Census"
"3077","DTP, DTaP, or DT","","States","Oregon","2011-12","93.7","45855","100","*","NULL","Census"
"3078","MMR","","States","Tennessee","2025-26","94.4","73415","97.4","�","NULL","Census"
"3079","MMR","","States","District of Columbia","2025-26","94.4","7871","100","*","NULL","Census"
"3080","MMR","","States","Alabama","2025-26","94.3","53378","100","*","NULL","Census"
"3081","MMR","","States","Vermont","2025-26","93.8","5298","100","*","NULL","Census"
"3082","MMR","","States","North Carolina","2025-26","93.7","120045","90.1","�","NULL","Census (pub.), vol. response (prv.)"
"3083","MMR","","States","Florida","2025-26","88.9","213535","100",">=. *","NULL","Census"
"3084","DTP, DTaP, or DT","","States","South Carolina","2011-12","96.5","59307","10.7","NULL","NULL","1-stage Cluster Sample"
"3085","DTP, DTaP, or DT","","States","Maine","2011-12","96.6","13829","97","NULL","NULL","Census"
"3086","DTP, DTaP, or DT","","States","Georgia","2011-12","96.7","143065","1.9","NULL","NULL","2-stage Cluster Sample"
"3087","DTP, DTaP, or DT","","States","Delaware","2011-12","96.9","11327","7.4","≥","NULL","2-stage Cluster Sample"
"3088","DTP, DTaP, or DT","","States","New Mexico","2011-12","96.9","29159","2","NULL","NULL","2-stage Cluster Sample"
"3089","DTP, DTaP, or DT","","States","Missouri","2011-12","97.1","75240","4.7","NULL","NULL","2-stage Cluster Sample"
"3090","DTP, DTaP, or DT","","States","Nevada","2011-12","97.2","36557","5.2","NULL","NULL","2-stage Cluster Sample"
"3091","DTP, DTaP, or DT","","States","Tennessee","2011-12","97.3","83950","99.9","≥","NULL","Census"
"3092","DTP, DTaP, or DT","","States","South Dakota","2011-12","97.5","12127","100","*","NULL","Census"
"3093","DTP, DTaP, or DT","","States","Utah","2011-12","97.7","53800","100","*","NULL","Census"
"3094","DTP, DTaP, or DT","","States","Connecticut","2011-12","97.8","45695","100","*","NULL","Census"
"3095","DTP, DTaP, or DT","","States","New York","2011-12","97.9","236016","100","*","NULL","Census"
"3096","DTP, DTaP, or DT","","States","Virginia","2011-12","98.6","101121","4.3","NULL","NULL","2-stage Cluster Sample"
"3097","DTP, DTaP, or DT","","States","Louisiana","2011-12","98.9","69013","100","*","NULL","Census"
"3098","DTP, DTaP, or DT","","States","Mississippi","2011-12","99.2","44912","100","≥. *","NULL","Census"
"3099","DTP, DTaP, or DT","","States","Texas","2011-12","99.3","388178","100","*","NULL","Census"
"3100","DTP, DTaP, or DT","","States","Maryland","2011-12","99.6","72957","67.2","NULL","NULL","Voluntary Response"
"3101","DTP, DTaP, or DT","","States","Nebraska","2011-12","99.7","26715","96.6","NULL","NULL","Census"
"3102","DTP, DTaP, or DT","","States","Indiana","2009-10","91.1","84390","94.7","NULL","NULL","Census"
"3103","DTP, DTaP, or DT","","States","Florida","2009-10","91.3","218630","100","≥. * .§","NULL","Census"
"3104","DTP, DTaP, or DT","","States","Washington","2009-10","91.6","81511","93.3","NULL","NULL","Census"
"3105","DTP, DTaP, or DT","","States","Vermont","2009-10","91.8","6713","100","*","NULL","Census"
"3106","DTP, DTaP, or DT","","States","West Virginia","2009-10","91.9","22730","86.7","NULL","NULL","Voluntary response"
"3107","DTP, DTaP, or DT","","States","Massachusetts","2009-10","92.4","74476","100","*","NULL","Census"
"3108","DTP, DTaP, or DT","","States","California","2009-10","93.1","507191","100","*","NULL","Census"
"3109","DTP, DTaP, or DT","","States","Kentucky","2009-10","93.2","56526","92.9","NULL","NULL","Census"
"3110","DTP, DTaP, or DT","","States","Oregon","2009-10","93.9","44676","100","*","NULL","Census"
"3111","DTP, DTaP, or DT","","States","Alabama","2009-10","94","75358","100","≥. *. **","NULL","Census"
"3112","DTP, DTaP, or DT","","States","Minnesota","2009-10","94.3","70653","100","*","NULL","Census"
"3113","DTP, DTaP, or DT","","States","Arizona","2009-10","95","89287","93.9","NULL","NULL","Census"
"3114","DTP, DTaP, or DT","","States","Wyoming","2009-10",NA,"NULL","NULL","NULL","NULL","Not conducted"
"3115","DTP, DTaP, or DT","","States","Florida","2010-11",NA,"NULL","NULL","NULL","NULL",NA
"3116","DTP, DTaP, or DT","","States","Georgia","2010-11",NA,"NULL","NULL","NULL","NULL",NA
"3117","DTP, DTaP, or DT","","States","Indiana","2010-11",NA,"NULL","NULL","NULL","NULL",NA
"3118","DTP, DTaP, or DT","","States","Iowa","2010-11",NA,"NULL","NULL","NULL","NULL",NA
"3119","DTP, DTaP, or DT","","States","Kansas","2010-11",NA,"NULL","NULL","NULL","NULL",NA
"3120","DTP, DTaP, or DT","","States","Kentucky","2010-11",NA,"NULL","NULL","NULL","NULL",NA
"3121","DTP, DTaP, or DT","","States","Louisiana","2010-11",NA,"NULL","NULL","NULL","NULL",NA
"3122","DTP, DTaP, or DT","","States","Maine","2010-11",NA,"NULL","NULL","NULL","NULL",NA
"3123","DTP, DTaP, or DT","","States","Mississippi","2010-11",NA,"NULL","NULL","NULL","NULL",NA
"3124","DTP, DTaP, or DT","","States","Missouri","2010-11",NA,"NULL","NULL","NULL","NULL",NA
"3125","DTP, DTaP, or DT","","States","Montana","2010-11",NA,"NULL","NULL","NULL","NULL",NA
"3126","DTP, DTaP, or DT","","States","Nebraska","2010-11",NA,"NULL","NULL","NULL","NULL",NA
"3127","DTP, DTaP, or DT","","States","Colorado","2012-13","82.9","70657","0.5","NULL","NULL","Simple Random Sample"
"3128","DTP, DTaP, or DT","","States","Arkansas","2012-13","82.9","43212","96.3","‡","NULL","Census"
"3129","DTP, DTaP, or DT","","States","Hawaii","2012-13",NA,"20104","6.7","NULL","NULL","2-stage Cluster Sample"
"3130","DTP, DTaP, or DT","","States","District of Columbia","2012-13",NA,"7842","100","*","NULL","Census"
"3131","DTP, DTaP, or DT","","States","New Hampshire","2012-13",NA,"12943","99.2","NULL","NULL","Census"
"3132","DTP, DTaP, or DT","","States","Alaska","2012-13",NA,"10319","97.8","NULL","NULL","Census"
"3133","DTP, DTaP, or DT","","States","North Carolina","2012-13",NA,"130612","97.3","NULL","NULL","Census"
"3134","DTP, DTaP, or DT","","States","Pennsylvania","2012-13","NReq","151364","97.5","||","NULL","Census"
"3135","DTP, DTaP, or DT","","States","California","2010-11",NA,"NULL","NULL","NULL","NULL",NA
"3136","DTP, DTaP, or DT","","States","Colorado","2010-11",NA,"NULL","NULL","NULL","NULL",NA
"3137","DTP, DTaP, or DT","","States","Connecticut","2010-11",NA,"NULL","NULL","NULL","NULL",NA
"3138","DTP, DTaP, or DT","","States","Delaware","2010-11",NA,"NULL","NULL","NULL","NULL",NA
"3139","DTP, DTaP, or DT","","States","District of Columbia","2010-11",NA,"NULL","NULL","NULL","NULL",NA
"3140","DTP, DTaP, or DT","","States","District of Columbia","2011-12",NA,"6854","100","*","NULL","Census"
"3141","DTP, DTaP, or DT","","States","Hawaii","2011-12",NA,"19443","7.7","NULL","NULL","2-stage Cluster Sample"
"3142","DTP, DTaP, or DT","","States","New Hampshire","2011-12",NA,"13022","100","*","NULL","Census"
"3143","DTP, DTaP, or DT","","States","New Jersey","2011-12",NA,"118669","96.6","NULL","NULL","Census"
"3144","DTP, DTaP, or DT","","States","North Carolina","2011-12",NA,"128854","95.4","NULL","NULL","Census"
"3145","DTP, DTaP, or DT","","States","Pennsylvania","2011-12","NReq","148042","99","||","NULL","Census"
"3146","DTP, DTaP, or DT","","States","Arkansas","2011-12","84.1","38754","92.2","NULL","NULL","Census"
"3147","DTP, DTaP, or DT","","States","Colorado","2011-12","85.5","70142","0.5","NULL","NULL","Simple Random Sample"
"3148","DTP, DTaP, or DT","","States","Wisconsin","2011-12","87.7","70672","2.3","NULL","NULL","2-stage Cluster Sample"
"3149","DTP, DTaP, or DT","","States","Kansas","2011-12","88","38402","52.7","†","NULL","Stratified 1-stage sample  (Public);  Census (Private)"
"3150","DTP, DTaP, or DT","","States","Idaho","2011-12","89","22762","100","*","NULL","Census"
"3151","DTP, DTaP, or DT","","States","Indiana","2011-12","90.2","83416","67.5","NULL","NULL","Voluntary Response"
"3152","DTP, DTaP, or DT","","States","Washington","2011-12","90.9","85134","89.1","NULL","NULL","Voluntary Response"
"3153","DTP, DTaP, or DT","","States","Iowa","2011-12","91.1","40978","100","≥. *","NULL","Census"
"3154","DTP, DTaP, or DT","","States","North Dakota","2011-12","91.2","8412","5.8","¶","NULL","Convenient"
"3155","DTP, DTaP, or DT","","States","Massachusetts","2011-12","92.5","79551","97.5","NULL","NULL","Census"
"3156","DTP, DTaP, or DT","","States","West Virginia","2011-12","92.6","22449","94.9","NULL","NULL","Convenient"
"3157","DTP, DTaP, or DT","","States","Florida","2011-12","92.6","225532","100","≥. * .§","NULL","Census"
"3158","DTP, DTaP, or DT","","States","Vermont","2011-12","92.7","6548","100","*","NULL","Census"
"3159","DTP, DTaP, or DT","","States","California","2011-12","93","542544","97.6","NULL","NULL","Census"
"3160","DTP, DTaP, or DT","","States","Rhode Island","2011-12","93.4","12552","13.9","NULL","NULL","2-stage Cluster Sample"
"3161","Exemption","Any Exemption","States","Wisconsin","2013-14","4.9","71363","NULL","NULL","3519","Stratified  2-stage cluster sample"
"3162","Exemption","Any Exemption","States","Arizona","2013-14","4.9","89606","NULL","‡","4370","Census"
"3163","DTP, DTaP, or DT","","States","Kentucky","2011-12","93.7","58185","91.8","NULL","NULL","Census"
"3164","DTP, DTaP, or DT","","States","Oklahoma","2011-12","94.6","52987","90.9","¶","NULL","Census"
"3165","DTP, DTaP, or DT","","States","Montana","2011-12","94.8","12128","100","*","NULL","Census"
"3166","DTP, DTaP, or DT","","States","Arizona","2011-12","94.9","88293","96.9","NULL","NULL","Census"
"3167","DTP, DTaP, or DT","","States","Minnesota","2011-12","95.5","71213","99.2","NULL","NULL","Census"
"3168","DTP, DTaP, or DT","","States","Michigan","2011-12","95.6","124962","100","*","NULL","Census"
"3169","DTP, DTaP, or DT","","States","Ohio","2011-12","95.9","146144","94.5","NULL","NULL","Convenient"
"3170","DTP, DTaP, or DT","","States","Illinois","2011-12","96.4","163311","100","*","NULL","Census"
"3171","DTP, DTaP, or DT","","States","Mississippi","2012-13","99.9","46595","100","≥. *","NULL","Census"
"3172","DTP, DTaP, or DT","","States","Maryland","2012-13","99.4","75007","84.3","‡","NULL","Voluntary Response"
"3173","DTP, DTaP, or DT","","States","Virginia","2012-13","98.5","104826","4.2","NULL","NULL","2-stage Cluster Sample"
"3174","DTP, DTaP, or DT","","States","New York","2012-13","98.4","239484","100","*. ‡","NULL","Census"
"3175","DTP, DTaP, or DT","","States","Louisiana","2012-13","98.3","68874","100","*","NULL","Census"
"3176","DTP, DTaP, or DT","","States","Utah","2012-13","97.8","54605","100","*","NULL","Census"
"3177","DTP, DTaP, or DT","","States","South Dakota","2012-13","97.7","12468","100","*","NULL","Census"
"3178","DTP, DTaP, or DT","","States","Wyoming","2012-13","97.4","8133","100","* .¶","NULL","Census"
"3179","DTP, DTaP, or DT","","States","Texas","2012-13","97.3","414688","96.6","‡","NULL","Census"
"3180","DTP, DTaP, or DT","","States","Connecticut","2012-13","97.2","41604","100","*","NULL","Census"
"3181","DTP, DTaP, or DT","","States","New Jersey","2012-13","97","122516","96.7","≥. ‡","NULL","Census"
"3182","DTP, DTaP, or DT","","States","Minnesota","2012-13","96.7","73310","100","*. ‡","NULL","Census"
"3183","DTP, DTaP, or DT","","States","Nevada","2012-13","96.6","36070","4.3","NULL","NULL","2-stage Cluster Sample"
"3184","DTP, DTaP, or DT","","States","New Mexico","2012-13","96.6","29279","3.3","‡","NULL","2-stage Cluster Sample"
"3185","DTP, DTaP, or DT","","States","Missouri","2012-13","96.5","78416","5.9","NULL","NULL","2-stage Cluster Sample"
"3186","DTP, DTaP, or DT","","States","West Virginia","2012-13","96.3","22588","86.5","NULL","NULL","Voluntary Response"
"3187","DTP, DTaP, or DT","","States","Ohio","2012-13","96.3","163687","86.9","NULL","NULL","Census"
"3188","DTP, DTaP, or DT","","States","Wisconsin","2012-13","96.1","72416","1.8","‡","NULL","2-stage Cluster Sample"
"3189","DTP, DTaP, or DT","","States","Delaware","2012-13","95.7","11997","7.8","≥","NULL","2-stage Cluster Sample"
"3190","DTP, DTaP, or DT","","States","Nebraska","2012-13","95.5","24999","96.6","‡","NULL","Census"
"3191","DTP, DTaP, or DT","","States","Rhode Island","2012-13","95.2","12552","75.2","‡","NULL","Voluntary Response"
"3192","DTP, DTaP, or DT","","States","Maine","2012-13","95.2","14313","94.6","‡","NULL","Census"
"3193","DTP, DTaP, or DT","","States","Georgia","2012-13","95.1","142732","2.4","≥","NULL","2-stage Cluster Sample"
"3194","DTP, DTaP, or DT","","States","Michigan","2012-13","95.1","124662","100","*","NULL","Census"
"3195","DTP, DTaP, or DT","","States","Illinois","2012-13","94.6","166884","100","*","NULL","Census"
"3196","DTP, DTaP, or DT","","States","Arizona","2012-13","94.6","90054","97.6","NULL","NULL","Census"
"3197","DTP, DTaP, or DT","","States","Tennessee","2012-13","94.5","85801","97","≥","NULL","Census"
"3198","DTP, DTaP, or DT","","States","Montana","2012-13","94.5","12516","95.8","NULL","NULL","Census"
"3199","DTP, DTaP, or DT","","States","Kentucky","2012-13","94.1","58466","97.2","‡","NULL","Census"
"3200","DTP, DTaP, or DT","","States","Oregon","2012-13","93.4","47102","100","*. ‡","NULL","Census"
"3201","DTP, DTaP, or DT","","States","Massachusetts","2012-13","93.1","79661","97.6","‡","NULL","Census"
"3202","DTP, DTaP, or DT","","States","Alabama","2012-13","92.8","72929","100","≥. * . ‡. **","NULL","Census"
"3203","Exemption","Any Exemption","States","Nevada","2014-15","1.3","36755","NULL","†","493","Stratified 2-stage cluster sample"
"3204","DTP, DTaP, or DT","","States","Vermont","2012-13","92.6","6792","100","*","NULL","Census"
"3205","DTP, DTaP, or DT","","States","California","2012-13","92.5","535523","99","‡","NULL","Census"
"3206","DTP, DTaP, or DT","","States","Washington","2012-13","92.4","87773","94.7","NULL","NULL","Census"
"3207","DTP, DTaP, or DT","","States","Florida","2012-13","92.1","234628","100","≥. *. §","NULL","Census"
"3208","DTP, DTaP, or DT","","States","South Carolina","2012-13","90.9","61799","17.9","≥","NULL","1-Stage Cluster Sample"
"3209","DTP, DTaP, or DT","","States","Iowa","2012-13","90.5","41701","99.9","≥","NULL","Census"
"3210","DTP, DTaP, or DT","","States","Oklahoma","2012-13","90.2","56943","95.5","NULL","NULL","Census"
"3211","DTP, DTaP, or DT","","States","Indiana","2012-13","90.1","86983","83.4","NULL","NULL","Voluntary Response"
"3212","DTP, DTaP, or DT","","States","North Dakota","2012-13","89","9503","4.9","NULL","NULL","2-stage Cluster Sample"
"3213","DTP, DTaP, or DT","","States","Kansas","2012-13","88.9","40738","31.8","†. ‡","NULL","Stratified 1-stage sample  (Public);  Census (Private)"
"3214","DTP, DTaP, or DT","","States","Idaho","2012-13","88.3","23888","100","*","NULL","Census"
"3215","DTP, DTaP, or DT","","States","California","2013-14","92.2","548606","97.3","‡","NULL","Census"
"3216","DTP, DTaP, or DT","","States","Vermont","2013-14","92","6771","100","*","NULL","Census"
"3217","DTP, DTaP, or DT","","States","Alabama","2013-14","92","76927","100","≥. *. **","NULL","Census"
"3218","DTP, DTaP, or DT","","States","Iowa","2013-14","91","43728","94.6","≥","NULL","Census"
"3219","DTP, DTaP, or DT","","States","Washington","2013-14","90.3","89165","88.5","NULL","NULL","Voluntary response"
"3220","DTP, DTaP, or DT","","States","Mississippi","2013-14","99.7","45719","100","≥. *","NULL","Census"
"3221","DTP, DTaP, or DT","","States","Maryland","2013-14","99","75659","96.9","‡","NULL","Census"
"3222","DTP, DTaP, or DT","","States","Virginia","2013-14","98.3","105692","4.1","NULL","NULL","2-stage cluster  sample"
"3223","DTP, DTaP, or DT","","States","Louisiana","2013-14","98.3","63976","100","*","NULL","Census"
"3224","DTP, DTaP, or DT","","States","New York","2013-14","98.1","240318","100","*. ‡","NULL","Census"
"3225","DTP, DTaP, or DT","","States","Utah","2013-14","98.1","54779","100","*","NULL","Census"
"3226","DTP, DTaP, or DT","","States","New Mexico","2013-14","97.4","30725","2.7","‡","NULL","Stratified  2-stage cluster sample"
"3227","DTP, DTaP, or DT","","States","South Carolina","2013-14","97.3","61661","11","NULL","NULL","1-stage stratified sample"
"3228","DTP, DTaP, or DT","","States","Texas","2013-14","97.2","409255","97.1","‡","NULL","Census"
"3229","DTP, DTaP, or DT","","States","Connecticut","2013-14","97","40978","100","*","NULL","Census"
"3230","DTP, DTaP, or DT","","States","New Jersey","2013-14","96.8","123085","95.4","≥. ‡","NULL","Census"
"3231","DTP, DTaP, or DT","","States","Nebraska","2013-14","96.8","27000","97.3","‡","NULL","Census"
"3232","DTP, DTaP, or DT","","States","South Dakota","2013-14","96.7","12566","100","*","NULL","Census"
"3233","DTP, DTaP, or DT","","States","Minnesota","2013-14","96.6","72087","98.5","‡","NULL","Census"
"3234","DTP, DTaP, or DT","","States","West Virginia","2013-14","96.5","22814","84.7","NULL","NULL","Voluntary response"
"3235","DTP, DTaP, or DT","","States","Delaware","2013-14","96.4","11997","12.2","≥","NULL","Stratified  2-stage cluster sample"
"3236","DTP, DTaP, or DT","","States","Wisconsin","2013-14","96.3","71363","2.8","‡","NULL","Stratified  2-stage cluster sample"
"3237","DTP, DTaP, or DT","","States","Wyoming","2013-14",NA,"NULL","NULL","NULL","NULL","Not conducted"
"3238","DTP, DTaP, or DT","","States","District of Columbia","2013-14",NA,"7856","100","*","NULL","Census"
"3239","DTP, DTaP, or DT","","States","Hawaii","2013-14",NA,"20056","5.4","NULL","NULL","Stratified  2-stage cluster sample"
"3240","DTP, DTaP, or DT","","States","Pennsylvania","2013-14","NReq","151253","100","||. *. ‡","NULL","Census"
"3241","Exemption","Any Exemption","States","Vermont","2013-14","6.2","6771","NULL","NULL","423","Census"
"3242","Exemption","Any Exemption","States","Michigan","2013-14","5.9","120297","NULL","NULL","7049","Census"
"3243","Exemption","Any Exemption","States","Maine","2013-14","5.5","15441","NULL","NULL","852","Voluntary response"
"3244","Exemption","Any Exemption","States","Alaska","2013-14","5.3","10222","NULL","†","539","Census"
"3245","Exemption","Any Exemption","States","Georgia","2013-14","1.8","143988","NULL","†","2563","Census"
"3246","Exemption","Any Exemption","States","Missouri","2013-14","1.8","78140","NULL","§","1407","Census"
"3247","Exemption","Any Exemption","States","Washington","2013-14","4.7","89165","NULL","*","4212","Voluntary response"
"3248","Exemption","Any Exemption","States","Colorado","2013-14","4.6","69904","NULL","NULL","3291","Random Sample"
"3249","Exemption","Any Exemption","States","Utah","2013-14","4.4","54779","NULL","NULL","2406","Census"
"3250","Exemption","Any Exemption","States","Montana","2013-14","3.6","12855","NULL","†","463","Census"
"3251","Exemption","Any Exemption","States","California","2013-14","3.3","548606","NULL","‡","18270","Census"
"3252","Exemption","Any Exemption","States","Hawaii","2013-14","3.2","20056","NULL","†","634","Stratified  2-stage cluster sample"
"3253","Exemption","Any Exemption","States","New Hampshire","2013-14","2.8","13240","NULL","†","377","Census"
"3254","Exemption","Any Exemption","States","North Dakota","2013-14","2.7","9780","NULL","NULL","262","Census (Public). Stratified  2-stage cluster sample(Private)"
"3255","Exemption","Any Exemption","States","Kansas","2013-14","2.6","41107","NULL","†","739","Census"
"3256","DTP, DTaP, or DT","","States","Wyoming","2011-12",NA,"NULL","NULL","NULL","NULL","Not conducted"
"3257","DTP, DTaP, or DT","","States","Alaska","2011-12",NA,"10286","7.3","NULL","NULL","Non-random Cluster Sample"
"3258","Exemption","Any Exemption","States","Minnesota","2014-15","3","70896","NULL","§","2127","Census"
"3259","Exemption","Any Exemption","States","New Hampshire","2014-15","2.9","12422","NULL","†","357","Census (public); Voluntary response (private)"
"3260","Exemption","Any Exemption","States","North Dakota","2014-15","2.7","10017","NULL","*","269","Census"
"3261","Exemption","Any Exemption","States","California","2014-15","2.7","552583","NULL","NULL","15059","Census"
"3262","Exemption","Any Exemption","States","Wyoming","2014-15","2.5","7983","NULL","§.‡‡","200","Census"
"3263","Exemption","Any Exemption","States","Georgia","2014-15","2.1","139471","NULL","†","2867","Census"
"3264","Exemption","Any Exemption","States","Florida","2014-15","2.1","228982","NULL","†","4858","Census"
"3265","Exemption","Any Exemption","States","Pennsylvania","2014-15","2.1","146378","NULL","NULL","3063","Census"
"3266","Exemption","Any Exemption","States","Ohio","2014-15","2.1","149080","NULL","||","3091","Census (public); Voluntary response (private)"
"3267","Exemption","Any Exemption","States","Missouri","2014-15","2","75900","NULL","§","1518","Census"
"3268","Exemption","Any Exemption","States","Connecticut","2014-15","1.9","39948","NULL","†","742","Census"
"3269","Exemption","Any Exemption","States","Iowa","2014-15","1.8","43239","NULL","†","761","Census"
"3270","Exemption","Any Exemption","States","Mississippi","2014-15","0.1","44129","NULL","<. ‡. †. *","17","Census"
"3271","Exemption","Any Exemption","States","West Virginia","2014-15","0.2","22016","NULL","‡. †","38","Voluntary response"
"3272","Exemption","Any Exemption","States","Louisiana","2014-15","0.6","60377","NULL","NULL","392","Census"
"3273","Exemption","Any Exemption","States","New York","2014-15","0.8","237045","NULL","†","1949","Census"
"3274","Exemption","Any Exemption","States","Alabama","2014-15","0.8","59660","NULL","†. *","450","Census"
"3275","Exemption","Any Exemption","States","Kentucky","2014-15","0.9","57884","NULL","†","494","Census"
"3276","Exemption","Any Exemption","States","North Carolina","2014-15","1","129792","NULL","†. *","1306","Census (public); Voluntary response (private)"
"3277","Exemption","Any Exemption","States","Tennessee","2014-15","1.1","78276","NULL","†","858","Census"
"3278","Exemption","Any Exemption","States","Indiana","2014-15","1.1","85477","NULL","†","977","Voluntary response"
"3279","Exemption","Any Exemption","States","District of Columbia","2014-15","1.1","7840","NULL","NULL","89","Census"
"3280","Exemption","Any Exemption","States","Rhode Island","2014-15","1.1","11163","NULL","†","128","Census"
"3281","Exemption","Any Exemption","States","Virginia","2014-15","1.1","103821","NULL","†. *","1195","Stratified 2-stage cluster sample"
"3282","Exemption","Any Exemption","States","Maryland","2014-15","1.2","75391","NULL","†","907","Census (public); Voluntary response (private)"
"3283","Exemption","Any Exemption","States","New Mexico","2014-15","1.2","29918","NULL","†","365","Census"
"3284","Exemption","Any Exemption","States","South Carolina","2014-15","1.2","62864","NULL","†. *","722","Stratified 1-stage cluster sample"
"3285","Exemption","Any Exemption","States","Maine","2015-16","4.5","13526","NULL","NULL","612","Census"
"3286","Exemption","Any Exemption","States","Colorado","2015-16","4.3","69137","NULL","NULL","2963","Simple random sample"
"3287","Exemption","Any Exemption","States","Arkansas","2014-15","1.3","41252","NULL","NULL","530","Census (public); Voluntary response (private)"
"3288","Exemption","Any Exemption","States","Delaware","2014-15","1.3","11476","NULL","†","152","Stratified 2-stage cluster sample"
"3289","DTP, DTaP, or DT","","States","Michigan","2013-14","94.8","120297","100","*","NULL","Census"
"3290","DTP, DTaP, or DT","","States","Montana","2013-14","94.8","12855","95.4","NULL","NULL","Census"
"3291","DTP, DTaP, or DT","","States","New Hampshire","2013-14","94.7","13240","100","≥. *","NULL","Census"
"3292","DTP, DTaP, or DT","","States","Nevada","2013-14","94.4","35782","3.1","NULL","NULL","Stratified  2-stage cluster sample"
"3293","DTP, DTaP, or DT","","States","Maine","2013-14","94.4","15441","82.4","‡","NULL","Voluntary response"
"3294","DTP, DTaP, or DT","","States","Arizona","2013-14","94.3","89606","95.8","NULL","NULL","Census"
"3295","DTP, DTaP, or DT","","States","Georgia","2013-14","94","143988","100","≥. *","NULL","Census"
"3296","DTP, DTaP, or DT","","States","Kentucky","2013-14","93.9","57857","100","*","NULL","Census"
"3297","DTP, DTaP, or DT","","States","Oregon","2013-14","93.3","47649","100","*. ‡","NULL","Census"
"3298","DTP, DTaP, or DT","","States","Florida","2013-14","93.2","233797","100","≥. *. §","NULL","Census"
"3299","DTP, DTaP, or DT","","States","Massachusetts","2013-14","93","79894","97.9","‡","NULL","Census"
"3300","Exemption","Any Exemption","States","Connecticut","2015-16","2","39533","NULL","†","799","Census"
"3301","Exemption","Any Exemption","States","Georgia","2015-16","1.9","131403","NULL","†","2460","Census"
"3302","Exemption","Any Exemption","States","Mississippi","2015-16","0.1","41042","NULL","<.‡.†","18","Census"
"3303","Exemption","Any Exemption","States","West Virginia","2015-16","0.2","21333","NULL","‡. †","35","Voluntary response"
"3304","Exemption","Any Exemption","States","Alabama","2015-16","0.8","60392","NULL","†","478","Census"
"3305","Exemption","Any Exemption","States","Louisiana","2015-16","0.8","59159","NULL","NULL","445","Census"
"3306","Exemption","Any Exemption","States","Kentucky","2015-16","0.9","54353","NULL","†","510","Census"
"3307","Exemption","Any Exemption","States","New York","2015-16","0.9","232521","NULL","†","2052","Census"
"3308","Exemption","Any Exemption","States","District of Columbia","2015-16","1","8080","NULL","NULL","77","Census"
"3309","Exemption","Any Exemption","States","North Carolina","2015-16","1.1","128290","NULL","†","1382","Census (public); Voluntary response (private)"
"3310","Exemption","Any Exemption","States","Tennessee","2015-16","1.1","79233","NULL","†","850","Census"
"3311","Exemption","Any Exemption","States","Rhode Island","2015-16","1.1","11165","NULL","†","126","Census"
"3312","Exemption","Any Exemption","States","Virginia","2015-16","1.2","100074","NULL","†","1155","Stratified 2-stage cluster sample"
"3313","Exemption","Any Exemption","States","Indiana","2015-16","1.2","83525","NULL","†","1035","Voluntary response"
"3314","Exemption","Any Exemption","States","Delaware","2015-16","1.2","11589","NULL","†","136","Stratified 2-stage cluster sample"
"3315","Exemption","Any Exemption","States","Massachusetts","2015-16","1.3","72897","NULL","†","976","Census"
"3316","Exemption","Any Exemption","States","Maryland","2015-16","1.3","72012","NULL","†","949","Census (public); Voluntary response (private)"
"3317","Exemption","Any Exemption","States","New Mexico","2015-16","1.3","29049","NULL","†","365","Census"
"3318","Exemption","Any Exemption","States","Arkansas","2015-16","1.3","40258","NULL","NULL","512","Census (public); Voluntary response (private)"
"3319","Exemption","Any Exemption","States","Illinois","2015-16","1.4","151309","NULL","§","2118","Census"
"3320","Exemption","Any Exemption","States","Nevada","2013-14","2","35782","NULL","†","731","Stratified  2-stage cluster sample"
"3321","Exemption","Any Exemption","States","Ohio","2013-14","2","150000","NULL","||","3050","Census"
"3322","Exemption","Any Exemption","States","Florida","2013-14","2","233797","NULL","†","4763","Census"
"3323","Exemption","Any Exemption","States","Pennsylvania","2013-14","2","151253","NULL","NULL","3062","Census"
"3324","Exemption","Any Exemption","States","Connecticut","2013-14","1.9","40978","NULL","†","725","Census"
"3325","Exemption","Any Exemption","States","Iowa","2016-17","1.8","39587","NULL","†","701","Census"
"3326","Exemption","Any Exemption","States","Kansas","2016-17","1.8","38298","NULL","†","683","Census"
"3327","Exemption","Any Exemption","States","South Dakota","2013-14","1.8","12566","NULL","†. *","220","Census"
"3328","Exemption","Any Exemption","States","Maine","2014-15","4.4","13704","NULL","NULL","599","Voluntary response (public); Census (private)"
"3329","Exemption","Any Exemption","States","Washington","2014-15","4.6","88809","NULL","*","4054","Census (public); Voluntary response (private)"
"3330","Exemption","Any Exemption","States","Arizona","2014-15","4.8","86153","NULL","‡","4104","Census"
"3331","Exemption","Any Exemption","States","Michigan","2014-15","5.3","117963","NULL","NULL","6274","Census"
"3332","Exemption","Any Exemption","States","Wisconsin","2014-15","5.3","69335","NULL","NULL","3669","Stratified 2-stage cluster sample"
"3333","Exemption","Any Exemption","States","Colorado","2014-15","5.4","70597","NULL","NULL","3832","Simple random sample"
"3334","Exemption","Any Exemption","States","Alaska","2014-15","5.8","10129","NULL","†","588","Census"
"3335","Exemption","Any Exemption","States","Oregon","2014-15","6","46229","NULL","||","2771","Census"
"3336","Exemption","Any Exemption","States","Vermont","2014-15","6.1","6277","NULL","NULL","386","Census"
"3337","Exemption","Any Exemption","States","Idaho","2014-15","6.5","22968","NULL","NULL","1500","Census"
"3338","Exemption","Any Exemption","States","Utah","2014-15","4.3","50916","NULL","*","2200","Census"
"3339","Exemption","Any Exemption","States","Montana","2014-15","3.9","12501","NULL","†","487","Census (public); Voluntary response (private)"
"3340","Exemption","Any Exemption","States","Hawaii","2014-15","3.3","20085","NULL","†","754","Stratified 2-stage cluster sample"
"3341","Exemption","Any Exemption","States","West Virginia","2016-17","0.3","28666","NULL","‡.†","75","Census (public). voluntary response (private)"
"3342","Exemption","Any Exemption","States","Mississippi","2016-17","0.1","40509","NULL","‡.†","31","Census"
"3343","Exemption","Any Exemption","States","Wyoming","2016-17",NA,"NULL","NULL","NULL","NULL","Not conducted"
"3344","Exemption","Any Exemption","States","Minnesota","2016-17","3.3","69140","NULL","§","2282","Census"
"3345","Exemption","Any Exemption","States","North Dakota","2016-17","3.4","9799","NULL","NULL","332","Census"
"3346","Exemption","Any Exemption","States","Colorado","2016-17","3.6","64440","NULL","§","2320","Census"
"3347","Exemption","Any Exemption","States","Montana","2016-17","3.7","11956","NULL","†","444","Census"
"3348","Exemption","Any Exemption","States","Michigan","2016-17","3.7","118777","NULL","NULL","4347","Census"
"3349","Exemption","Any Exemption","States","Vermont","2016-17","3.9","6344","NULL","†","249","Census"
"3350","Exemption","Any Exemption","States","Massachusetts","2014-15","1.4","74869","NULL","†","1064","Census"
"3351","Exemption","Any Exemption","States","Kansas","2014-15","1.4","39685","NULL","†","569","Census"
"3352","Exemption","Any Exemption","States","Texas","2014-15","1.4","406099","NULL","§","5679","Census (public); Voluntary response (private)"
"3353","Exemption","Any Exemption","States","Illinois","2014-15","1.4","156942","NULL","§","2197","Census"
"3354","Exemption","Any Exemption","States","Oklahoma","2014-15","1.5","56967","NULL","NULL","877","Census"
"3355","Exemption","Any Exemption","States","Nebraska","2014-15","1.6","26665","NULL","†","437","Census"
"3356","Exemption","Any Exemption","States","South Dakota","2014-15","1.7","12008","NULL","†. *","202","Census"
"3357","Exemption","Any Exemption","States","New Jersey","2014-15","1.8","120471","NULL","†. *","2159","Census (public); Voluntary response (private)"
"3358","Exemption","Any Exemption","States","Oregon","2015-16","6.3","45531","NULL","||","2871","Census"
"3359","Exemption","Any Exemption","States","Idaho","2015-16","6.1","22686","NULL","NULL","1389","Census"
"3360","Exemption","Any Exemption","States","Alaska","2015-16","5.9","9937","NULL","†","524","Census"
"3361","Exemption","Any Exemption","States","Vermont","2015-16","5.7","6366","NULL","NULL","361","Census"
"3362","Exemption","Any Exemption","States","Arizona","2015-16","4.7","83088","NULL","‡","3921","Census"
"3363","Exemption","Any Exemption","States","Utah","2015-16","4.6","50114","NULL","NULL","2302","Census"
"3364","Exemption","Any Exemption","States","Washington","2015-16","4.5","86492","NULL","NULL","3878","Census"
"3365","Exemption","Any Exemption","States","Connecticut","2017-18","2.3","39174","NULL","†","890","Census"
"3366","Exemption","Any Exemption","States","Oklahoma","2017-18","2.2","53898","NULL","NULL","1182","Census (public). voluntary response (private)"
"3367","Exemption","Any Exemption","States","South Dakota","2017-18","2.2","12125","NULL","†","261","Census"
"3368","Exemption","Any Exemption","States","District of Columbia","2017-18",NA,"NULL","NULL","NULL","NULL","Census"
"3369","Exemption","Any Exemption","States","Wyoming","2017-18",NA,"NULL","NULL","NULL","NULL","Not conducted"
"3370","Exemption","Any Exemption","States","Montana","2015-16","3.8","11484","NULL","†","439","Census"
"3371","Exemption","Any Exemption","States","Michigan","2015-16","3.6","116299","NULL","NULL","4203","Census"
"3372","Exemption","Any Exemption","States","Minnesota","2015-16","3.4","69710","NULL","§","2370","Census"
"3373","Exemption","Any Exemption","States","North Dakota","2015-16","3.3","9875","NULL","NULL","329","Census"
"3374","Exemption","Any Exemption","States","Wisconsin","2015-16","3.3","70220","NULL","NULL","2295","Stratified 2-stage cluster sample"
"3375","Exemption","Any Exemption","States","Hawaii","2015-16","2.9","16325","NULL","†","496","Stratified 2-stage cluster sample"
"3376","Exemption","Any Exemption","States","Wyoming","2015-16","2.7","7825","NULL","§.‡‡","209","Voluntary response"
"3377","Exemption","Any Exemption","States","New Hampshire","2015-16","2.6","11852","NULL","†","309","Census"
"3378","Exemption","Any Exemption","States","California","2015-16","2.5","593788","NULL","NULL","15000","Census"
"3379","Exemption","Any Exemption","States","Ohio","2015-16","2.3","144604","NULL","||","3255","Census (public); Voluntary response (private)"
"3380","Exemption","Any Exemption","States","Florida","2015-16","2.2","224430","NULL","†","4925","Census"
"3381","Exemption","Any Exemption","States","Pennsylvania","2015-16","2.2","143298","NULL","NULL","3132","Census (public); Voluntary response (private)"
"3382","Exemption","Any Exemption","States","Nebraska","2015-16","2","30409","NULL","†","608","Census"
"3383","Exemption","Any Exemption","States","Nevada","2015-16","2","37118","NULL","†","732","Stratified 2-stage cluster sample"
"3384","Exemption","Any Exemption","States","Oklahoma","2015-16","1.6","54335","NULL","NULL","895","Census"
"3385","Exemption","Any Exemption","States","Texas","2015-16","1.6","394801","NULL","||","6170","Census (public); Voluntary response (private)"
"3386","Exemption","Any Exemption","States","Kansas","2015-16","1.6","39555","NULL","†","651","Census"
"3387","Exemption","Any Exemption","States","Iowa","2015-16","1.8","41215","NULL","†","754","Census"
"3388","Exemption","Any Exemption","States","New Jersey","2015-16","1.8","110116","NULL","†","1938","Census"
"3389","Exemption","Any Exemption","States","Missouri","2015-16","1.8","74413","NULL","§","1339","Census"
"3390","Exemption","Any Exemption","States","New Hampshire","2016-17","3.2","12145","NULL","†","394","Census"
"3391","Exemption","Any Exemption","States","Hawaii","2016-17","2.8","16325","NULL","†","474","Stratified 2-stage cluster sample"
"3392","Exemption","Any Exemption","States","Georgia","2016-17","2.8","136165","NULL","†","3811","Census"
"3393","Exemption","Any Exemption","States","Florida","2016-17","2.5","224463","NULL","†","5566","Census"
"3394","Exemption","Any Exemption","States","Ohio","2016-17","2.4","137542","NULL","||","3251","Census"
"3395","Exemption","Any Exemption","States","Pennsylvania","2016-17","2.3","143888","NULL","NULL","3315","Voluntary response"
"3396","Exemption","Any Exemption","States","New Mexico","2016-17","2.3","27119","NULL","†","610","Stratified 2-stage cluster sample"
"3397","Exemption","Any Exemption","States","Missouri","2016-17","2.2","73355","NULL","§","1614","Census"
"3398","Exemption","Any Exemption","States","Connecticut","2016-17","2.1","39002","NULL","†","808","Census"
"3399","Exemption","Any Exemption","States","South Carolina","2016-17","2","59177","NULL","†","1180","Stratified 1-stage cluster sample"
"3400","Exemption","Any Exemption","States","South Dakota","2016-17","2","12106","NULL","†","241","Census"
"3401","Exemption","Any Exemption","States","Nebraska","2016-17","2","27117","NULL","†.§§","553","Census"
"3402","Exemption","Any Exemption","States","New Jersey","2016-17","1.9","109577","NULL","†","2077","Census"
"3403","Exemption","Any Exemption","States","Oklahoma","2016-17","1.9","52184","NULL","‡‡","989","Census"
"3404","Exemption","Any Exemption","States","North Carolina","2016-17","1.8","126454","NULL","†","2247","Voluntary response"
"3405","Exemption","Any Exemption","States","Michigan","2018-19","4.5","118632","NULL","NULL","5395","Census"
"3406","Exemption","Any Exemption","States","Montana","2018-19","4.5","12480","NULL","†","556","Census"
"3407","Exemption","Any Exemption","States","Hawaii","2018-19","4.4","16051","NULL","†","712","Stratified 2-stage cluster sample"
"3408","Exemption","Any Exemption","States","North Dakota","2018-19","4.3","10382","NULL","NULL","445","Census"
"3409","Exemption","Any Exemption","States","Minnesota","2018-19","3.7","70085","NULL","§. ||","2613","Census"
"3410","Exemption","Any Exemption","States","Nevada","2018-19","3.3","37971","NULL","†","1267","Stratified 2-stage cluster sample"
"3411","Exemption","Any Exemption","States","Texas","2016-17","1.8","389999","NULL","||","6900","Census"
"3412","Exemption","Any Exemption","States","Arkansas","2016-17","1.4","39666","NULL","NULL","537","Voluntary response"
"3413","Exemption","Any Exemption","States","Illinois","2016-17","1.4","151309","NULL","§","2118","Census"
"3414","Exemption","Any Exemption","States","Maryland","2016-17","1.4","71467","NULL","†","1019","Census"
"3415","Exemption","Any Exemption","States","Tennessee","2016-17","1.3","78169","NULL","†","985","Census"
"3416","Exemption","Any Exemption","States","Massachusetts","2016-17","1.3","70109","NULL","†","893","Census"
"3417","Exemption","Any Exemption","States","Rhode Island","2016-17","1.2","11100","NULL","†","131","Census"
"3418","Exemption","Any Exemption","States","Virginia","2016-17","1.2","102357","NULL","†","1273","Census"
"3419","Exemption","Any Exemption","States","Delaware","2016-17","1.2","11490","NULL","†","140","Stratified 2-stage cluster sample"
"3420","Exemption","Any Exemption","States","California","2016-17","1.1","575305","NULL","||","6144","Census"
"3421","Exemption","Any Exemption","States","District of Columbia","2016-17","1.1","8522","NULL","NULL","89","Census"
"3422","Exemption","Any Exemption","States","Kentucky","2016-17","1.1","51487","NULL","†","583","Census"
"3423","Exemption","Any Exemption","States","New York","2016-17","1","227050","NULL","†","2320","Census"
"3424","Exemption","Any Exemption","States","Indiana","2016-17","1","83263","NULL","†","809","Voluntary response"
"3425","Exemption","Any Exemption","States","Louisiana","2016-17","0.8","55257","NULL","NULL","450","Census"
"3426","Exemption","Any Exemption","States","Alabama","2016-17","0.7","58394","NULL","†","429","Census"
"3427","Exemption","Any Exemption","States","Wisconsin","2017-18","5.4","66178","NULL","NULL","3577","Stratified 2-stage cluster sample"
"3428","Exemption","Any Exemption","States","Utah","2017-18","5.3","48827","NULL","NULL","2606","Census"
"3429","Exemption","Any Exemption","States","Maine","2017-18","5.3","13255","NULL","NULL","700","Census"
"3430","Exemption","Any Exemption","States","Colorado","2017-18","4.7","65718","NULL","§","3089","Census"
"3431","Exemption","Any Exemption","States","Washington","2017-18","4.7","85118","NULL","NULL","3966","Census"
"3432","Exemption","Any Exemption","States","Montana","2017-18","4.3","12188","NULL","†","526","Census"
"3433","Exemption","Any Exemption","States","Michigan","2017-18","4.2","119028","NULL","NULL","5004","Census"
"3434","Exemption","Any Exemption","States","Vermont","2017-18","3.8","6255","NULL","†","240","Census"
"3435","Exemption","Any Exemption","States","Minnesota","2017-18","3.5","69807","NULL","§","2443","Census"
"3436","Exemption","Any Exemption","States","North Dakota","2017-18","3.4","10365","NULL","NULL","350","Census"
"3437","Exemption","Any Exemption","States","Nevada","2017-18","3.2","37178","NULL","†","1196","Stratified 2-stage cluster sample"
"3438","Exemption","Any Exemption","States","Hawaii","2017-18","3.1","16325","NULL","†","518","Stratified 2-stage cluster sample"
"3439","Exemption","Any Exemption","States","Florida","2017-18","2.9","222397","NULL","†","6445","Census"
"3440","Exemption","Any Exemption","States","New Hampshire","2017-18","2.9","12165","NULL","†","357","Census"
"3441","Exemption","Any Exemption","States","Pennsylvania","2017-18","2.8","141571","NULL","NULL","4017","Voluntary response"
"3442","Exemption","Any Exemption","States","Georgia","2017-18","2.7","131459","NULL","†","3582","Census"
"3443","Exemption","Any Exemption","States","Ohio","2017-18","2.6","138753","NULL","||","3543","Census"
"3444","Exemption","Any Exemption","States","Missouri","2017-18","2.3","73113","NULL","§","1682","Census"
"3445","Exemption","Any Exemption","States","District of Columbia","2019-20",NA,"NULL","NULL","†","NULL","Not Conducted"
"3446","Exemption","Any Exemption","States","Kansas","2017-18","1.7","38484","NULL","†","669","Stratified 2-stage cluster sample"
"3447","Exemption","Any Exemption","States","New Mexico","2017-18","1.7","26896","NULL","†","445","Stratified 2-stage cluster sample"
"3448","Exemption","Any Exemption","States","Arkansas","2017-18","1.7","39630","NULL","NULL","655","Census"
"3449","Exemption","Any Exemption","States","Texas","2017-18","2","387981","NULL","||","7825","Census"
"3450","Exemption","Any Exemption","States","Mississippi","2017-18","0.1","39284","NULL","‡.†","38","Census"
"3451","Exemption","Any Exemption","States","West Virginia","2017-18","0.2","19519","NULL","†.‡.‡‡","32","Voluntary response"
"3452","Exemption","Any Exemption","States","California","2017-18","0.7","574702","NULL","||","4195","Census"
"3453","Exemption","Any Exemption","States","Alabama","2017-18","0.9","57245","NULL","†","519","Census"
"3454","Exemption","Any Exemption","States","Indiana","2017-18","0.9","84296","NULL","†","735","Voluntary Response"
"3455","Exemption","Any Exemption","States","Rhode Island","2017-18","1.1","11025","NULL","†","120","Census"
"3456","Exemption","Any Exemption","States","New York","2017-18","1.1","226456","NULL","†","2548","Census"
"3457","Exemption","Any Exemption","States","Louisiana","2017-18","1.1","58277","NULL","NULL","662","Census"
"3458","Exemption","Any Exemption","States","Massachusetts","2017-18","1.3","63377","NULL","†","853","Census"
"3459","Exemption","Any Exemption","States","Delaware","2017-18","1.4","10988","NULL","†","151","Stratified 2-stage cluster sample"
"3460","Exemption","Any Exemption","States","Kentucky","2017-18","1.4","55152","NULL","†","797","Census"
"3461","Exemption","Any Exemption","States","Virginia","2017-18","1.5","100581","NULL","†","1508","Stratified 2-stage cluster sample"
"3462","Exemption","Any Exemption","States","Maryland","2017-18","1.5","68528","NULL","†","1005","Census"
"3463","Exemption","Any Exemption","States","Tennessee","2017-18","1.5","78743","NULL","†","1199","Census"
"3464","Exemption","Any Exemption","States","Illinois","2017-18","1.6","144858","NULL","§","2318","Census"
"3465","Exemption","Any Exemption","States","South Carolina","2015-16","1.6","59240","NULL","†","960","Stratified 1-stage cluster sample"
"3466","Exemption","Any Exemption","States","South Dakota","2015-16","1.6","12181","NULL","†","197","Census"
"3467","Exemption","Any Exemption","States","North Carolina","2018-19","1.6","124343","NULL","†","2038","Census (public). voluntary response (private)"
"3468","Exemption","Any Exemption","States","New Mexico","2018-19","1.5","25269","NULL","†","388","Census"
"3469","Exemption","Any Exemption","States","Maryland","2018-19","1.5","71431","NULL","†","1071","Census"
"3470","Exemption","Any Exemption","States","Massachusetts","2018-19","1.4","65279","NULL","†","920","Census"
"3471","Exemption","Any Exemption","States","Kentucky","2018-19","1.4","55587","NULL","†","801","Census"
"3472","Exemption","Any Exemption","States","New York","2018-19","1.3","220495","NULL","†","2762","Census"
"3473","Exemption","Any Exemption","States","Rhode Island","2018-19","1.3","10964","NULL","†","139","Census"
"3474","Exemption","Any Exemption","States","Indiana","2018-19","1.3","82324","NULL","†","1035","Census"
"3475","Exemption","Any Exemption","States","Louisiana","2018-19","1.2","56203","NULL","NULL","671","Census"
"3476","Exemption","Any Exemption","States","Delaware","2018-19","1.2","10798","NULL","†","133","Stratified 2-stage cluster sample"
"3477","Exemption","Any Exemption","States","Alabama","2018-19","0.8","77739","NULL","†","624","Census"
"3478","Exemption","Any Exemption","States","Maine","2018-19","6.2","13419","NULL","NULL","831","Census"
"3479","Exemption","Any Exemption","States","Arizona","2018-19","6","79981","NULL","‡","4781","Census"
"3480","Exemption","Any Exemption","States","Wisconsin","2018-19","5.9","66344","NULL","NULL","3884","Stratified 2-stage cluster sample"
"3481","Exemption","Any Exemption","States","Utah","2018-19","5.7","50179","NULL","NULL","2836","Census"
"3482","Exemption","Any Exemption","States","Washington","2018-19","5","87510","NULL","NULL","4389","Census"
"3483","Exemption","Any Exemption","States","Colorado","2018-19","4.9","64191","NULL","§","3132","Census"
"3484","Exemption","Any Exemption","States","Vermont","2018-19","4.7","6126","NULL","†","288","Census"
"3485","Exemption","Any Exemption","States","Maine","2019-20","5.9","13450","NULL","NULL","795","Census"
"3486","Exemption","Any Exemption","States","Wisconsin","2019-20","5.7","67391","NULL","NULL","3861","Census"
"3487","Exemption","Any Exemption","States","Nevada","2019-20","4","37724","NULL","†","1492","Census"
"3488","Exemption","Any Exemption","States","New Hampshire","2018-19","3.3","12421","NULL","†","408","Census"
"3489","Exemption","Any Exemption","States","Florida","2018-19","3.2","224641","NULL","†","7300","Census"
"3490","Exemption","Any Exemption","States","Wyoming","2018-19","2.9","7734","NULL","†","225","Census"
"3491","Exemption","Any Exemption","States","Pennsylvania","2018-19","2.9","143560","NULL","NULL","4218","Census (public). voluntary response (private)"
"3492","Exemption","Any Exemption","States","Ohio","2018-19","2.9","139679","NULL","||","4007","Census (public). voluntary response (private)"
"3493","Exemption","Any Exemption","States","Connecticut","2018-19","2.7","38230","NULL","†","1027","Census"
"3494","Exemption","Any Exemption","States","Nevada","2016-17","4.4","36885","NULL","†","1638","Stratified 2-stage cluster sample"
"3495","Exemption","Any Exemption","States","Washington","2016-17","4.8","87142","NULL","NULL","4161","Census"
"3496","Exemption","Any Exemption","States","Maine","2016-17","5","13834","NULL","NULL","691","Voluntary response (public). census (private)"
"3497","Exemption","Any Exemption","States","Arizona","2016-17","5.1","83627","NULL","‡","4240","Census"
"3498","Exemption","Any Exemption","States","Utah","2016-17","5.1","49073","NULL","NULL","2483","Census"
"3499","Exemption","Any Exemption","States","Wisconsin","2016-17","5.5","67607","NULL","NULL","3702","Census"
"3500","Exemption","Any Exemption","States","Idaho","2016-17","6.5","22589","NULL","NULL","1478","Census"
"3501","Exemption","Any Exemption","States","Oregon","2016-17","6.7","45705","NULL","||","3047","Census"
"3502","Exemption","Any Exemption","States","Alaska","2016-17","6.8","9815","NULL","†","663","Census"
"3503","Exemption","Any Exemption","States","Oregon","2017-18","7.6","45818","NULL","||","3489","Census"
"3504","Exemption","Any Exemption","States","Idaho","2017-18","7.1","22553","NULL","||","1597","Census"
"3505","Exemption","Any Exemption","States","Alaska","2017-18","7","9692","NULL","†","624","Stratified 2-stage cluster sample"
"3506","Exemption","Any Exemption","States","Arizona","2017-18","5.8","81710","NULL","‡","4736","Census"
"3507","Exemption","Any Exemption","States","Kansas","2019-20","2.1","37865","NULL","†","805","Stratified 2-stage cluster sample"
"3508","Exemption","Any Exemption","States","Illinois","2019-20","2","145891","NULL","†","2894","Census"
"3509","Exemption","Any Exemption","States","Tennessee","2019-20","2","80595","NULL","†","1610","Census"
"3510","Exemption","Any Exemption","States","Arkansas","2019-20","1.9","39510","NULL","<","769","Census (public). voluntary response (private)"
"3511","Exemption","Any Exemption","States","Kentucky","2019-20","1.8","59233","NULL","†","1082","Census"
"3512","Exemption","Any Exemption","States","North Carolina","2019-20","1.7","124548","NULL","†","2161","Census"
"3513","Exemption","Any Exemption","States","Virginia","2019-20","1.7","99399","NULL","†","1711","Census"
"3514","Exemption","Any Exemption","States","New Mexico","2019-20","1.5","23087","NULL","†","344","Census"
"3515","Exemption","Any Exemption","States","Louisiana","2019-20","1.5","59685","NULL","NULL","884","Census"
"3516","Exemption","Any Exemption","States","Maryland","2019-20","1.4","72443","NULL","†","991","Census (public). voluntary response (private)"
"3517","Exemption","Any Exemption","States","Massachusetts","2019-20","1.3","66756","NULL","†","890","Census"
"3518","Exemption","Any Exemption","States","Rhode Island","2019-20","1.3","11219","NULL","†","141","Census"
"3519","Exemption","Any Exemption","States","Alabama","2019-20","1.2","59477","NULL","†","713","Census"
"3520","Exemption","Any Exemption","States","California","2019-20","0.8","566155","NULL","†.‡","4249","Census"
"3521","Exemption","Any Exemption","States","Mississippi","2019-20","0.2","37870","NULL","†. ‡","62","Census"
"3522","Exemption","Any Exemption","States","New York","2019-20","0.1","234165","NULL","†.‡","320","Census"
"3523","Exemption","Any Exemption","States","West Virginia","2019-20","0.1","17114","NULL","†.‡.‡‡","21","Voluntary response"
"3524","Exemption","Any Exemption","States","Delaware","2019-20",NA,"NULL","NULL","†","NULL","Not Conducted"
"3525","Exemption","Any Exemption","States","North Dakota","2020-21","4.2","10116","99.1","NULL","423","Census"
"3526","Exemption","Any Exemption","States","Colorado","2020-21","4.2","63619","97.3",">=. §","2643","Census"
"3527","Exemption","Any Exemption","States","Alaska","2020-21","4","9461","92.5","†","375","Census"
"3528","Exemption","Any Exemption","States","Michigan","2020-21","3.7","106657","100","NULL","3946","Census"
"3529","Exemption","Any Exemption","States","South Carolina","2017-18","2","58458","NULL","†","1147","Stratified 1-stage cluster sample"
"3530","Exemption","Any Exemption","States","North Carolina","2017-18","2","127197","NULL","†","2607","Census"
"3531","Exemption","Any Exemption","States","Iowa","2017-18","2","39632","NULL","†","787","Census"
"3532","Exemption","Any Exemption","States","New Jersey","2017-18","2.2","107630","NULL","†","2319","Census"
"3533","Exemption","Any Exemption","States","Nebraska","2017-18","2.2","26313","NULL","†.§§","586","Census"
"3534","Exemption","Any Exemption","States","Georgia","2018-19","2.5","131275","NULL","†","3240","Census"
"3535","Exemption","Any Exemption","States","South Carolina","2018-19","2.6","58442","NULL","†","1512","Stratified 1-stage cluster sample"
"3536","Exemption","Any Exemption","States","South Dakota","2018-19","2.6","12062","NULL","†","315","Census"
"3537","Exemption","Any Exemption","States","Idaho","2018-19","7.7","22995","NULL","||","1778","Census"
"3538","Exemption","Any Exemption","States","Oregon","2018-19","7.7","45870","NULL","||","3513","Census"
"3539","Exemption","Any Exemption","States","Alaska","2018-19","7.1","10316","NULL","†","731","Voluntary response"
"3540","Exemption","Any Exemption","States","Texas","2018-19","2.4","390034","NULL","||","9474","Census"
"3541","Exemption","Any Exemption","States","Iowa","2018-19","2.4","40624","NULL","†","960","Census"
"3542","Exemption","Any Exemption","States","Kansas","2018-19","2.1","37838","NULL","†","810","Stratified 2-stage cluster sample"
"3543","Exemption","Any Exemption","States","Nebraska","2018-19","2.1","26925","NULL","†.§§","568","Census"
"3544","Exemption","Any Exemption","States","Tennessee","2018-19","1.9","78630","NULL","†","1519","Census"
"3545","Exemption","Any Exemption","States","Illinois","2018-19","1.8","143876","NULL","§. †","2566","Census"
"3546","Exemption","Any Exemption","States","Arkansas","2018-19","1.8","39257","NULL","NULL","726","Census (public). voluntary response (private)"
"3547","Exemption","Any Exemption","States","Virginia","2018-19","1.7","100394","NULL","†","1722","Stratified 2-stage cluster sample"
"3548","Exemption","Any Exemption","States","Nebraska","2020-21","2.2","25681","94.8","†","555","Census (public). voluntary response (private)"
"3549","Exemption","Any Exemption","States","Kansas","2020-21","2","34687","32.7","†","684","Stratified 2-stage cluster sample"
"3550","Exemption","Any Exemption","States","Arkansas","2020-21","2","37540","95.6","NULL","735","Census (public). voluntary response (private)"
"3551","Exemption","Any Exemption","States","Indiana","2020-21","1.9","78694","71.4","†","1464","Voluntary response"
"3552","Exemption","Any Exemption","States","Tennessee","2020-21","1.9","73819","100","†","1419","Census"
"3553","Exemption","Any Exemption","States","North Carolina","2020-21","1.5","120995","89","†","1826","Census (public). voluntary response (private)"
"3554","Exemption","Any Exemption","States","Missouri","2018-19","2.7","72687","NULL","§. †","1948","Census"
"3555","Exemption","Any Exemption","States","Oklahoma","2018-19","2.6","54806","NULL","NULL","1434","Census (public). voluntary response (private)"
"3556","Exemption","Any Exemption","States","New Jersey","2018-19","2.5","109161","NULL","†","2693","Census"
"3557","Exemption","Any Exemption","States","District of Columbia","2018-19",NA,"NULL","NULL","NULL","NULL","Census"
"3558","Exemption","Any Exemption","States","Mississippi","2018-19","0.1","37775","NULL","‡.†","47","Census"
"3559","Exemption","Any Exemption","States","California","2018-19","0.6","568947","NULL","‡.†","3434","Census"
"3560","Exemption","Any Exemption","States","West Virginia","2018-19","0.8","19442","NULL","†.‡.‡‡","161","Voluntary response"
"3561","Exemption","Any Exemption","States","Idaho","2019-20","7.6","23301","NULL","||","1764","Census"
"3562","Exemption","Any Exemption","States","Oregon","2019-20","7.1","45959","NULL","||","3265","Census"
"3563","Exemption","Any Exemption","States","Hawaii","2019-20","6.1","15695","NULL","†","943","Stratified 2-stage cluster sample"
"3564","Exemption","Any Exemption","States","Alaska","2019-20","5.9","10381","NULL","†","608","Voluntary response"
"3565","Exemption","Any Exemption","States","Colorado","2021-22","3.2","66900","97.5",">=. §. ||","2123","Census"
"3566","Exemption","Any Exemption","States","Ohio","2021-22","3","139077","91.9","||","4212","Census (pub.), vol. response (pvt.)"
"3567","Exemption","Any Exemption","States","Missouri","2021-22","3","71034","100",">=. †. §","2137","Census"
"3568","Exemption","Any Exemption","States","Texas","2021-22","2.9","389037","99.3","||","11166","Census"
"3569","Exemption","Any Exemption","States","North Dakota","2019-20","3.9","10587","NULL","NULL","413","Census"
"3570","Exemption","Any Exemption","States","Minnesota","2019-20","3.8","71223","NULL","§.||","2699","Census"
"3571","Exemption","Any Exemption","States","Vermont","2019-20","3.7","6293","NULL","†","232","Census"
"3572","Exemption","Any Exemption","States","Wyoming","2019-20","3.5","7913","NULL","†","280","Census"
"3573","Exemption","Any Exemption","States","Florida","2019-20","3.4","228298","NULL","†","7758","Census"
"3574","Exemption","Any Exemption","States","New Hampshire","2019-20","3.1","12447","NULL","†","389","Census"
"3575","Exemption","Any Exemption","States","Georgia","2019-20","3","130102","NULL","†","3899","Census"
"3576","Exemption","Any Exemption","States","Pennsylvania","2019-20","3","140197","NULL","NULL","4137","Census"
"3577","Exemption","Any Exemption","States","Ohio","2019-20","2.8","139103","NULL","||","3921","Census"
"3578","Exemption","Any Exemption","States","South Dakota","2019-20","2.7","12367","NULL","†","337","Census"
"3579","Exemption","Any Exemption","States","Oklahoma","2019-20","2.7","55348","NULL","NULL","1468","Voluntary response"
"3580","Exemption","Any Exemption","States","Missouri","2019-20","2.7","72324","NULL","†.§","1970","Census"
"3581","Exemption","Any Exemption","States","South Carolina","2019-20","2.6","65938","NULL","†","1731","Stratified 1-stage cluster sample"
"3582","Exemption","Any Exemption","States","New Jersey","2019-20","2.6","107900","NULL","†","2776","Census"
"3583","Exemption","Any Exemption","States","Texas","2019-20","2.5","398680","NULL","||","9894","Census"
"3584","Exemption","Any Exemption","States","Iowa","2019-20","2.5","40812","NULL","†","1004","Census"
"3585","Exemption","Any Exemption","States","Connecticut","2019-20","2.5","38888","NULL","†","975","Census"
"3586","Exemption","Any Exemption","States","Nebraska","2019-20","2.2","26893","NULL","†","591","Census"
"3587","Exemption","Any Exemption","States","Indiana","2019-20","2.2","88253","NULL","†","1901","Voluntary response"
"3588","Exemption","Any Exemption","States","Utah","2019-20","5.4","49208","NULL","NULL","2639","Census"
"3589","Exemption","Any Exemption","States","Arizona","2019-20","5.5","83976","NULL","‡","4638","Census (public). voluntary response (private)"
"3590","Exemption","Any Exemption","States","Maryland","2020-21","0.9","65764","75.6","†","610","Census (public). voluntary response (private)"
"3591","Exemption","Any Exemption","States","California","2020-21","0.5","498214","97.5","†.‡","2391","Census"
"3592","Exemption","Any Exemption","States","District of Columbia","2020-21","0.3","8262","100","†","25","Census"
"3593","Exemption","Any Exemption","States","NY-City of New York","2020-21","0.1","91920","94.2","<.†.‡","56","Census (public). voluntary response (private)"
"3594","Exemption","Any Exemption","States","New York","2020-21","0.1","216804","91.5","†.‡","264","Census (public). voluntary response (private)"
"3595","Exemption","Any Exemption","States","Mississippi","2020-21","0.1","34028","100","†. ‡","39","Census"
"3596","Exemption","Any Exemption","States","Illinois","2020-21","NR","NULL","NULL","†","NULL","Not Conducted"
"3597","Exemption","Any Exemption","States","West Virginia","2020-21","NR","NULL","NULL","†.‡.‡‡","NULL","Not Conducted"
"3598","Exemption","Any Exemption","States","Idaho","2020-21","8.2","22677","98.3","||","1861","Census"
"3599","Exemption","Any Exemption","States","Arizona","2020-21","5.5","76382","93.4","‡","4211","Census (public). voluntary response (private)"
"3600","Exemption","Any Exemption","States","Oregon","2020-21","5.4","39568","100","||","2118","Census"
"3601","Exemption","Any Exemption","States","Wisconsin","2020-21","5.2","63486","84.5","NULL","3294","Voluntary response"
"3602","Exemption","Any Exemption","States","Utah","2020-21","5.1","46247","100","NULL","2366","Census"
"3603","Exemption","Any Exemption","States","Maine","2020-21","4.5","13477","85","NULL","612","Voluntary response (public). census (private)"
"3604","Exemption","Any Exemption","States","Nevada","2020-21","4.4","34171","94.7","†","1511","Census (public). voluntary response (private)"
"3605","Exemption","Any Exemption","States","Washington","2022-23","4","86284","97.9","NULL","3471","Census"
"3606","Exemption","Any Exemption","States","South Carolina","2022-23","4.1","58878","100","†","2419","Census"
"3607","Exemption","Any Exemption","States","South Dakota","2022-23","4.1","12081","100","†","499","Census"
"3608","Exemption","Any Exemption","States","Colorado","2022-23","4.3","65576","97.2",">=. §. ||","2818","Census"
"3609","Exemption","Any Exemption","States","Hawaii","2020-21","3.7","13074","93","†","484","Census"
"3610","Exemption","Any Exemption","States","Minnesota","2020-21","2.8","66007","95.2",">=. §. ‡","1879","Census"
"3611","Exemption","Any Exemption","States","New Hampshire","2020-21","2.8","10242","57","†","287","Voluntary response"
"3612","Exemption","Any Exemption","States","Pennsylvania","2020-21","2.7","129307","95","NULL","3530","Census (public). voluntary response (private)"
"3613","Exemption","Any Exemption","States","Connecticut","2020-21","2.6","34396","100","†","886","Census"
"3614","Exemption","Any Exemption","States","Missouri","2020-21","2.5","63093","100",">=. †.§","1585","Census"
"3615","Exemption","Any Exemption","States","Ohio","2020-21","2.5","128535","91.1","||","3275","Census (public). voluntary response (private)"
"3616","Exemption","Any Exemption","States","Georgia","2020-21","2.9","83191","100","†","2419","Census"
"3617","Exemption","Any Exemption","States","Wyoming","2020-21","3","6923","100","†","205","Census"
"3618","Exemption","Any Exemption","States","Florida","2020-21","3.1","207026","100","†","6425","Census"
"3619","Exemption","Any Exemption","States","Vermont","2020-21","3.2","5535","100","†","176","Census"
"3620","Exemption","Any Exemption","States","Washington","2020-21","3.3","74931","100","NULL","2503","Census"
"3621","Exemption","Any Exemption","States","South Dakota","2020-21","3.4","11512","99.9","†","389","Census"
"3622","Exemption","Any Exemption","States","Montana","2020-21","3.5","11279","100","†","400","Census"
"3623","Exemption","Any Exemption","States","Delaware","2020-21","2.4","10587","9.2","†","256","Stratified 2-stage cluster sample"
"3624","Exemption","Any Exemption","States","Oklahoma","2020-21","2.4","52656","90","NULL","1275","Census (public). voluntary response (private)"
"3625","Exemption","Any Exemption","States","South Carolina","2020-21","2.4","56330","26.5","†","1380","Stratified 1-stage cluster sample"
"3626","Exemption","Any Exemption","States","Texas","2020-21","2.3","377840","98.9","||","8817","Census"
"3627","Exemption","Any Exemption","States","Iowa","2020-21","2.2","39141","100","†","867","Census"
"3628","Exemption","Any Exemption","States","New Jersey","2020-21","2.2","100144","100","†","2248","Census"
"3629","Exemption","Any Exemption","States","Arkansas","2021-22","2.5","39358","96.3","NULL","1000","Census (pub.), vol. response (pvt.)"
"3630","Exemption","Any Exemption","States","Idaho","2021-22","9.8","23854","99.6","||","2335","Census"
"3631","Exemption","Any Exemption","States","Utah","2021-22","7.4","48995","100","NULL","3606","Census"
"3632","Exemption","Any Exemption","States","Oregon","2021-22","7","41538","100","||","2895","Census"
"3633","Exemption","Any Exemption","States","Arizona","2021-22","6.8","83463","97","‡","5707","Census"
"3634","Exemption","Any Exemption","States","Wisconsin","2021-22","6.3","64275","96.8","NULL","4071","Census (pub.), vol. response (pvt.)"
"3635","Exemption","Any Exemption","States","North Dakota","2021-22","5.3","10755","96.6","NULL","573","Census"
"3636","Exemption","Any Exemption","States","Nevada","2021-22","4.8","36855","99.2","†","1779","Census (pub.), vol. response (pvt.)"
"3637","Exemption","Any Exemption","States","Georgia","2021-22","4.7","118742","100","†","5582","Census"
"3638","Exemption","Any Exemption","States","Alaska","2021-22","4.6","9790","76.2","†. ‡‡","446","Vol. response (pub.), not conducted (pvt.)"
"3639","Exemption","Any Exemption","States","Michigan","2021-22","4.5","114251","100","NULL","5191","Census"
"3640","Exemption","Any Exemption","States","Wyoming","2021-22","3.9","7382","100","†","289","Census"
"3641","Exemption","Any Exemption","States","Florida","2021-22","3.9","229432","97.8","†","8944","Census"
"3642","Exemption","Any Exemption","States","Pennsylvania","2021-22","3.3","139558","94.9","NULL","4644","Census (pub.), vol. response (pvt.)"
"3643","Exemption","Any Exemption","States","Vermont","2021-22","3.3","6126","100","†","202","Census"
"3644","Exemption","Any Exemption","States","Arizona","2023-24","8.5","74834","99.6","‡","6383","Census"
"3645","Exemption","Any Exemption","States","Wisconsin","2023-24","7.7","62028","98.2","||||. ¶¶","4788","Census"
"3646","Exemption","Any Exemption","States","Nevada","2023-24","7.1","31261","91.3","†","2213","Census"
"3647","Exemption","Any Exemption","States","North Dakota","2023-24","6.5","9708","97.5","NULL","630","Census"
"3648","Exemption","Any Exemption","States","Oklahoma","2023-24","5.7","49979","93.8","NULL","2867","Census (pub.), vol. response (prv.)"
"3649","Exemption","Any Exemption","States","New Hampshire","2021-22","3.4","12157","100","†","419","Census"
"3650","Exemption","Any Exemption","States","South Carolina","2021-22","3.4","58276","100","†","1994","Census"
"3651","Exemption","Any Exemption","States","Hawaii","2021-22","3.4","13368","6.7","†","449","Stratified 2-stage cluster sample"
"3652","Exemption","Any Exemption","States","South Dakota","2021-22","3.5","12251","100","†","434","Census"
"3653","Exemption","Any Exemption","States","Oklahoma","2021-22","3.5","54042","84.3","NULL","1865","Vol. response"
"3654","Exemption","Any Exemption","States","Minnesota","2021-22","3.7","69403","98.7",">=. §. ||","2598","Census"
"3655","Exemption","Any Exemption","States","Washington","2021-22","3.7","87256","97.3","NULL","3200","Census (pub.), vol. response (pvt.)"
"3656","Exemption","Any Exemption","States","New Jersey","2021-22","2.6","104240","100","†","2730","Census"
"3657","Exemption","Any Exemption","States","New York","2021-22","0.1","195377","99.3","†. ‡","241","Census"
"3658","Exemption","Any Exemption","States","NY-City of New York","2021-22","0.1","82938","99.8","†. ‡","47","Census"
"3659","Exemption","Any Exemption","States","Mississippi","2021-22","0.1","36524","100","†. ‡","52","Census"
"3660","Exemption","Any Exemption","States","West Virginia","2021-22","0.1","18070","85.5","†. ‡","17","Vol. response"
"3661","Exemption","Any Exemption","States","California","2021-22","0.2","512144","98.4","†. ‡","948","Census"
"3662","Exemption","Any Exemption","States","District of Columbia","2021-22","0.5","8959","100","†","46","Census"
"3663","Exemption","Any Exemption","States","Massachusetts","2021-22","1","65582","100","†","688","Census"
"3664","Exemption","Any Exemption","States","Louisiana","2021-22","1.1","66518","100","NULL","753","Census"
"3665","Exemption","Any Exemption","States","Rhode Island","2021-22","1.2","11002","96.9","†","129","Census"
"3666","Exemption","Any Exemption","States","Montana","2019-20","4.3","12501","NULL","†","535","Census"
"3667","Exemption","Any Exemption","States","Michigan","2019-20","4.4","120565","NULL","NULL","5320","Census"
"3668","Exemption","Any Exemption","States","Washington","2019-20","4.6","87757","91.9","NULL","NULL","Census"
"3669","Exemption","Any Exemption","States","Colorado","2019-20","4.9","69088","NULL","§","3376","Census"
"3670","Exemption","Any Exemption","States","New Mexico","2022-23","1.5","21068","100","†","319","Census"
"3671","Exemption","Any Exemption","States","Rhode Island","2022-23","1.5","10532","96.5","†","154","Census"
"3672","Exemption","Any Exemption","States","Kentucky","2022-23","1.7","54742","96.9","†","958","Census"
"3673","Exemption","Any Exemption","States","Maryland","2022-23","1.9","59684","100","†","1143","Census"
"3674","Exemption","Any Exemption","States","Alabama","2022-23","2","59113","100","†","1180","Census"
"3675","Exemption","Any Exemption","States","Nebraska","2022-23","2.6","23176","100","†","601","Census"
"3676","Exemption","Any Exemption","States","Indiana","2022-23","2.8","81307","87.5","†","2246","Vol. response (pub.), census (pvt.)"
"3677","Exemption","Any Exemption","States","Kansas","2022-23","2.9","35543","85","†","1041","Census"
"3678","Exemption","Any Exemption","States","Iowa","2022-23","3","39178","100","†","1173","Census"
"3679","Exemption","Any Exemption","States","Arkansas","2022-23","3.1","38358","95.8","NULL","1182","Census (pub.), vol. response (pvt.)"
"3680","Exemption","Any Exemption","States","Tennessee","2022-23","3.2","79692","100","†","2529","Census"
"3681","Exemption","Any Exemption","States","Georgia","2022-23","3.8","123771","100","†","4683","Census"
"3682","Exemption","Any Exemption","States","Ohio","2022-23","3.8","134893","93.7","||","5127","Census (pub.), vol. response (pvt.)"
"3683","Exemption","Any Exemption","States","Pennsylvania","2022-23","3.8","137259","97.2","NULL","5220","Census (pub.), vol. response (pvt.)"
"3684","Exemption","Any Exemption","States","Virginia","2022-23","2.2","93271","99.1","†","2055","Census"
"3685","Exemption","Any Exemption","States","TX-City of Houston","2022-23","2.3","37664","98.8","||","871","Census (pub.), vol. response (pvt.)"
"3686","Exemption","Any Exemption","States","Louisiana","2022-23","2.3","54314","100","NULL","1227","Census"
"3687","Exemption","Any Exemption","States","North Carolina","2022-23","2.4","125679","83.1","†","3011","Vol. response"
"3688","Exemption","Any Exemption","States","Florida","2022-23","4.5","230309","97.7","†","10326","Census"
"3689","Exemption","Any Exemption","States","Minnesota","2022-23","4.5","68152","97.9",">=. §. ||","3048","Census"
"3690","Exemption","Any Exemption","States","Oklahoma","2022-23","4.7","52548","89.5","NULL","2466","Census (pub.), vol. response (pvt.)"
"3691","Exemption","Any Exemption","States","Wyoming","2022-23","4.8","7060","100","†","339","Census"
"3692","Exemption","Any Exemption","States","North Dakota","2022-23","5.1","10554","99.4","NULL","542","Census"
"3693","Exemption","Any Exemption","States","Michigan","2022-23","5.4","113678","100","NULL","6180","Census"
"3694","Exemption","Any Exemption","States","Nevada","2022-23","5.6","34333","89.1","†","1912","Vol. response (pub.), census (pvt.)"
"3695","Exemption","Any Exemption","States","Alaska","2022-23","5.7","9650","88.8","†. ‡‡","550","Vol. response (pub.), not conducted (pvt.)"
"3696","Exemption","Any Exemption","States","Hawaii","2022-23","6.4","13195","8.1","†","846","Stratified 2-stage cluster sample"
"3697","Exemption","Any Exemption","States","Wisconsin","2022-23","7.2","63593","93.9","NULL","4583","Census (pub.), vol. response (pvt.)"
"3698","Exemption","Any Exemption","States","Virginia","2020-21","1.5","88273","2","†","1288","Stratified 2-stage cluster sample"
"3699","Exemption","Any Exemption","States","Alabama","2020-21","1.3","56974","100","†","719","Census"
"3700","Exemption","Any Exemption","States","TX-City of Houston","2020-21","1.3","39627","94.9","||","499","Census (public). voluntary response (private)"
"3701","Exemption","Any Exemption","States","Louisiana","2020-21","1.1","61912","100","NULL","664","Census"
"3702","Exemption","Any Exemption","States","Massachusetts","2020-21","1.1","60724","100","†","693","Census"
"3703","Exemption","Any Exemption","States","Rhode Island","2020-21","1","10402","93","†","108","Census"
"3704","Exemption","Any Exemption","States","Kentucky","2020-21","1","59233","86.4","†","569","Census (public). voluntary response (private)"
"3705","Exemption","Any Exemption","States","New Mexico","2020-21","0.9","20589","100","†","189","Census"
"3706","Exemption","Any Exemption","States","Kansas","2021-22","2.3","36526","79.4","†","830","Census"
"3707","Exemption","Any Exemption","States","Connecticut","2021-22","2.3","35451","100","†","829","Census"
"3708","Exemption","Any Exemption","States","Indiana","2021-22","2.4","83198","75.1","†","1980","Vol. response"
"3709","Exemption","Any Exemption","States","Iowa","2021-22","2.4","40111","100","†","962","Census"
"3710","Exemption","Any Exemption","States","Tennessee","2021-22","2.4","79120","100","†","1927","Census"
"3711","Exemption","Any Exemption","States","Nebraska","2021-22","2.5","25018","99.5","†","628","Census"
"3712","Exemption","Any Exemption","States","Kansas","2023-24","3","34178","83.9","†","1024","Census"
"3713","Exemption","Any Exemption","States","Rhode Island","2023-24","1.7","10539","97.8","†","175","Census"
"3714","Exemption","Any Exemption","States","Maryland","2023-24","2.2","63224","100","†","1393","Census"
"3715","Exemption","Any Exemption","States","Alabama","2023-24","2.2","54565","100","†","1188","Census"
"3716","Exemption","Any Exemption","States","Kentucky","2023-24","2.3","52609","100","†","1184","Census"
"3717","Exemption","Any Exemption","States","District of Columbia","2023-24","2.3","7874","100","†","181","Census"
"3718","Exemption","Any Exemption","States","Virginia","2023-24","2.4","92633","100","†","2204","Stratified 2-stage cluster sample"
"3719","Exemption","Any Exemption","States","Indiana","2023-24","2.4","80639","88.5","†","1974","Census (pub.), vol. response (prv.)"
"3720","Exemption","Any Exemption","States","Idaho","2023-24","14.3","22376","100","||","3192","Census"
"3721","Exemption","Any Exemption","States","Alaska","2023-24","9.5","8644","88.9","†. ‡‡","821","Census (pub.), not conducted (prv.)"
"3722","Exemption","Any Exemption","States","Utah","2023-24","9.3","46228","100","NULL","4311","Census"
"3723","Exemption","Any Exemption","States","Oregon","2023-24","8.9","39568","100","||","3532","Census"
"3724","Exemption","Any Exemption","States","Utah","2024-25","10.3","45818","100","NULL","4729","Census"
"3725","Exemption","Any Exemption","States","Idaho","2024-25","15.4","22242","99.5","||","3427","Census"
"3726","Exemption","Any Exemption","States","Pennsylvania","2024-25","6","140160","95.3","NULL","8343","Census (pub.), vol. response (prv.)"
"3727","Exemption","Any Exemption","States","Wyoming","2024-25","5.9","6564","100","†","386","Census"
"3728","Exemption","Any Exemption","States","Delaware","2021-22","1.2","11181","9.5","†","143","Stratified 2-stage cluster sample"
"3729","Exemption","Any Exemption","States","Kentucky","2021-22","1.3","59233","91.5","†","774","Census"
"3730","Exemption","Any Exemption","States","New Mexico","2021-22","1.4","20736","100","†","280","Census"
"3731","Exemption","Any Exemption","States","Maryland","2021-22","1.5","53866","98.4","†","801","Census"
"3732","Exemption","Any Exemption","States","TX-City of Houston","2021-22","1.5","40123","99.3","||","619","Census"
"3733","Exemption","Any Exemption","States","Alabama","2021-22","1.7","60332","100","†","1005","Census"
"3734","Exemption","Any Exemption","States","Illinois","2021-22","1.7","137699","100",">=. †. §","2400","Census"
"3735","Exemption","Any Exemption","States","Maine","2021-22","1.8","12881","91.6","NULL","232","Census"
"3736","Exemption","Any Exemption","States","Virginia","2021-22","1.8","95996","96.1","†","1638","Census"
"3737","Exemption","Any Exemption","States","North Carolina","2021-22","1.9","118191","78.5","†","2210","Vol. response"
"3738","Exemption","Any Exemption","States","Missouri","2022-23","3.8","69126","100",">=. †. §","2656","Census"
"3739","Exemption","Any Exemption","States","Vermont","2022-23","3.6","5816","100","†","208","Census"
"3740","Exemption","Any Exemption","States","Texas","2022-23","3.5","381680","98","||","13281","Census"
"3741","Exemption","Any Exemption","States","New Hampshire","2022-23","3.4","11332","100","†","382","Census"
"3742","Exemption","Any Exemption","States","New Jersey","2022-23","3.2","104468","100","†","3314","Census"
"3743","Exemption","Any Exemption","States","West Virginia","2022-23","0","19175","86.1","<. †. ‡","7","Vol. response (pub.), census (pvt.)"
"3744","Exemption","Any Exemption","States","New York","2022-23","0.1","205906","96.6","†. ‡","247","Census (pub.), vol. response (pvt.)"
"3745","Exemption","Any Exemption","States","NY-City of New York","2022-23","0.1","85379","97.6","†. ‡","63","Census (pub.), vol. response (pvt.)"
"3746","Exemption","Any Exemption","States","California","2022-23","0.2","541132","100","†. ‡","1036","Census"
"3747","Exemption","Any Exemption","States","Mississippi","2022-23","0.2","36048","100","†. ‡","71","Census"
"3748","Exemption","Any Exemption","States","Connecticut","2022-23","0.8","35580","100","†","297","Census"
"3749","Exemption","Any Exemption","States","Maine","2022-23","0.9","12403","93.9","NULL","113","Census"
"3750","Exemption","Any Exemption","States","District of Columbia","2022-23","1.3","8064","100","†","101","Census"
"3751","Exemption","Any Exemption","States","Massachusetts","2022-23","1.4","66041","100","†","925","Census"
"3752","Exemption","Any Exemption","States","Illinois","2024-25","2.8","132769","99.5",">=. †. §","3776","Census"
"3753","Exemption","Any Exemption","States","District of Columbia","2024-25","2.7","7997","100","†","217","Census"
"3754","Exemption","Any Exemption","States","Virginia","2024-25","2.7","91453","98","†","2433","Census"
"3755","Exemption","Any Exemption","States","Delaware","2024-25","2.6","10393","14.2","†","275","2-stage cluster sample (pub.), nonrandom 2-stage cluster sample (prv.)"
"3756","Exemption","Any Exemption","States","Indiana","2024-25","2.6","73744","92.7","†. ||||","1937","Census (pub.), vol. response (prv.)"
"3757","Exemption","Any Exemption","States","TX-City of Houston","2024-25","2.5","36981","98.8","||","909","Census (pub.), vol. response (prv.)"
"3758","Exemption","Any Exemption","States","Arizona","2022-23","7.4","80814","97.7","‡","6009","Census"
"3759","Exemption","Any Exemption","States","Utah","2022-23","8.1","46635","100","NULL","3786","Census"
"3760","Exemption","Any Exemption","States","Oregon","2022-23","8.2","40963","100","||","3358","Census"
"3761","Exemption","Any Exemption","States","Idaho","2022-23","12.1","23721","99.3","||","2859","Census"
"3762","Exemption","Any Exemption","States","Delaware","2022-23","2.1","10674","9.7","†","250","Stratified 2-stage cluster sample"
"3763","Exemption","Any Exemption","States","Illinois","2022-23","2.1","135332","100",">=. †. §","2829","Census"
"3764","Exemption","Any Exemption","States","Nevada","2025-26","8.7","32815","93.6","�","2856","Census (pub.), vol. response (prv.)"
"3765","Exemption","Any Exemption","States","Alaska","2025-26","8.6","8253","60.9","�. ��","711","Vol. response (public), not conducted (private)"
"3766","Exemption","Any Exemption","States","Wisconsin","2025-26","8.2","59360","96.6","||||. ��","4893","Census (pub.), vol. response (prv.)"
"3767","Exemption","Any Exemption","States","North Dakota","2025-26","8.1","9344","98.6","NULL","760","Census"
"3768","Exemption","Any Exemption","States","New Mexico","2023-24","1.6","20699","100","†","329","Census"
"3769","Exemption","Any Exemption","States","Massachusetts","2023-24","1.4","65424","100","†","939","Census"
"3770","Exemption","Any Exemption","States","Maine","2023-24","1","12087","93","NULL","119","Census"
"3771","Exemption","Any Exemption","States","Mississippi","2023-24","0.7","36105","100","†","238","Census"
"3772","Exemption","Any Exemption","States","Connecticut","2023-24","0.5","36184","100","†","179","Census"
"3773","Exemption","Any Exemption","States","California","2023-24","0.1","569680","100","†. ‡","648","Census"
"3774","Exemption","Any Exemption","States","New York","2023-24","0.1","200894","98.8","†. ‡","255","Census"
"3775","Exemption","Any Exemption","States","NY-City of New York","2023-24","0.1","85360","99.3","†. ‡","61","Census"
"3776","Exemption","Any Exemption","States","West Virginia","2023-24","0.1","18261","82.8","<. †. ‡","7","Vol. response"
"3777","Exemption","Any Exemption","States","New Hampshire","2023-24","4.1","11871","100","†","492","Census"
"3778","Exemption","Any Exemption","States","Vermont","2023-24","4","5630","100","†","227","Census"
"3779","Exemption","Any Exemption","States","New Jersey","2023-24","3.9","105408","100","†","4071","Census"
"3780","Exemption","Any Exemption","States","Texas","2023-24","3.9","381421","92.4","||","14727","Census (pub.), vol. response (prv.)"
"3781","Exemption","Any Exemption","States","Tennessee","2023-24","3.6","79323","95.8","†","2829","Census"
"3782","Exemption","Any Exemption","States","Georgia","2023-24","3.6","136943","100","†","4954","Census"
"3783","Exemption","Any Exemption","States","Arkansas","2023-24","3.5","37535","95.4","NULL","1299","Census (pub.), vol. response (prv.)"
"3784","Exemption","Any Exemption","States","Nebraska","2023-24","3.5","23118","100","†","813","Census"
"3785","Exemption","Any Exemption","States","Iowa","2023-24","3.4","38611","100","†","1307","Census"
"3786","Exemption","Any Exemption","States","Colorado","2023-24","4.2","61662","100",">=. §. ||","2584","Census"
"3787","Exemption","Any Exemption","States","Delaware","2023-24","2.5","11043","12.1","†","274","Stratified 2-stage cluster sample"
"3788","Exemption","Any Exemption","States","Illinois","2023-24","2.5","133578","100",">=. †. §","3405","Census"
"3789","Exemption","Any Exemption","States","TX-City of Houston","2023-24","2.7","37882","67.7","||","1008","Vol. response"
"3790","Exemption","Any Exemption","States","Louisiana","2023-24","2.8","51839","100","NULL","1462","Census"
"3791","Exemption","Any Exemption","States","North Carolina","2023-24","2.9","125964","90.8","†","3636","Census (pub.), vol. response (prv.)"
"3792","Exemption","Any Exemption","States","Hawaii","2023-24","5.3","13995","8.2","†","745","Stratified 2-stage cluster sample"
"3793","Exemption","Any Exemption","States","Pennsylvania","2023-24","5","137593","96.5","NULL","6877","Census"
"3794","Exemption","Any Exemption","States","Washington","2023-24","4.8","84053","97.2","||||. ¶¶","4025","Census"
"3795","Exemption","Any Exemption","States","Florida","2023-24","4.8","228213","100","†","11031","Census"
"3796","Exemption","Any Exemption","States","Missouri","2023-24","4.7","69014","100",">=. †. §","3245","Census"
"3797","Exemption","Any Exemption","States","South Carolina","2023-24","4.4","58069","100","†","2556","Census"
"3798","Exemption","Any Exemption","States","Ohio","2023-24","4.2","133716","94","||","5642","Census (pub.), vol. response (prv.)"
"3799","Exemption","Any Exemption","States","Wisconsin","2024-25","7.6","61120","95.7","||||. ¶¶","4641","Census (pub.), vol. response (prv.)"
"3800","Exemption","Any Exemption","States","Arizona","2024-25","9.1","75024","97.4","‡","6852","Census"
"3801","Exemption","Any Exemption","States","Alaska","2024-25","9.4","7338","99.8","†. ‡‡","686","Census (pub.), not conducted (prv.)"
"3802","Exemption","Any Exemption","States","Oregon","2024-25","9.8","38247","100","||","3746","Census"
"3803","MMR (PAC)","MMR (PAC)","States","Wyoming","2024-25","94.5","6564","100","NULL","NULL","Census"
"3804","MMR (PAC)","MMR (PAC)","States","West Virginia","2025-26","99.9","15445","93.3","NULL","NULL","Census"
"3805","MMR (PAC)","MMR (PAC)","States","Connecticut","2025-26","99.5","33118","100","NULL","NULL","Census"
"3806","Exemption","Any Exemption","States","Minnesota","2024-25","5.9","64898","99.7",">=. §. ||","3852","Census"
"3807","Exemption","Any Exemption","States","Oklahoma","2024-25","5.7","47544","86.7","NULL","2709","Vol. response"
"3808","Exemption","Any Exemption","States","Hawaii","2024-25","5.6","13804","10.5","NULL","765","Stratified 2-stage cluster sample"
"3809","Exemption","Any Exemption","States","Missouri","2024-25","5.2","68163","100",">=. †. §","3551","Census"
"3810","Exemption","Any Exemption","States","Florida","2024-25","5.1","221053","100","†","11287","Census"
"3811","Exemption","Any Exemption","States","Washington","2024-25","4.8","76756","97.9","||||. ¶¶","3654","Census"
"3812","Exemption","Any Exemption","States","Georgia","2024-25","4.8","114568","100","†","5535","Census"
"3813","Exemption","Any Exemption","States","New Jersey","2024-25","4.7","104339","100","†","4930","Census"
"3814","Exemption","Any Exemption","States","Ohio","2024-25","4.7","131589","93.2","||","6129","Census (pub.), vol. response (prv.)"
"3815","Exemption","Any Exemption","States","South Carolina","2024-25","4.6","57718","100","†","2681","Census"
"3816","Exemption","Any Exemption","States","Texas","2024-25","4.3","378860","97.3","||","16417","Census (pub.), vol. response (prv.)"
"3817","Exemption","Any Exemption","States","Colorado","2024-25","4.2","60055","100",">=. §. ||","2545","Census"
"3818","Exemption","Any Exemption","States","Kansas","2024-25","3.6","33892","81.6","†","1219","Census"
"3819","Exemption","Any Exemption","States","California","2024-25","0.1","590849","100","†. ‡","492","Census"
"3820","Exemption","Any Exemption","States","NY-City of New York","2024-25","0.1","85986","96.9","†. ‡","62","Census (pub.), vol. response (prv.)"
"3821","Exemption","Any Exemption","States","New York","2024-25","0.1","234054","85.1","NULL","632","Vol. response"
"3822","Exemption","Any Exemption","States","Connecticut","2024-25","0.4","30112","100","†","126","Census"
"3823","Exemption","Any Exemption","States","Maine","2024-25","0.8","11761","95.4","†. ‡","97","Census"
"3824","Exemption","Any Exemption","States","Nevada","2024-25","7.1","33272","92.6","†","2376","Census (pub.), vol. response (prv.)"
"3825","Exemption","Any Exemption","States","North Dakota","2024-25","7","9659","98.8","NULL","672","Census"
"3826","Exemption","Any Exemption","States","Michigan","2024-25","6.8","107636","100","NULL","7306","Census"
"3827","Exemption","Any Exemption","States","South Dakota","2024-25","6.8","11367","99.3","†","768","Census"
"3828","Exemption","Any Exemption","States","Arkansas","2024-25","3.6","37570","96.4","NULL","1337","Census (pub.), vol. response (prv.)"
"3829","Exemption","Any Exemption","States","North Carolina","2024-25","3.2","124028","91","†","3948","Census (pub.), vol. response (prv.)"
"3830","Exemption","Any Exemption","States","Louisiana","2024-25","3.1","49229","100","NULL","1519","Census"
"3831","Exemption","Any Exemption","States","Connecticut","2025-26","0.5","33118","100","�","173","Census"
"3832","Exemption","Any Exemption","States","California","2025-26","0.1","614405","100","�. �","558","Census"
"3833","Exemption","Any Exemption","States","West Virginia","2025-26","0.1","15445","93.3","<. �. �. ��","6","Census"
"3834","Exemption","Any Exemption","States","New York","2025-26","0.1","203514","95.8","�. �","272","Census (pub.), vol. response (prv.)"
"3835","Exemption","Any Exemption","States","NY-City of New York","2025-26","0.1","82534","98.1","�. �","85","Census"
"3836","Exemption","Any Exemption","States","Colorado","2025-26","4.7","60049","100",">=. �. ||","2814","Census"
"3837","Exemption","Any Exemption","States","Idaho","2025-26","17.5","21728","100","||","3796","Census"
"3838","Exemption","Any Exemption","States","Utah","2025-26","12.7","44001","100","NULL","5574","Census"
"3839","Exemption","Any Exemption","States","Oregon","2025-26","11","37309","100","||","4095","Census"
"3840","Exemption","Any Exemption","States","Arizona","2025-26","10.6","73907","92.5","�","7800","Census (pub.), vol. response (prv.)"
"3841","Exemption","Non-Medical Exemption","States","Louisiana","2018-19","1.1","56203","NULL","NULL","618","Census"
"3842","Exemption","Non-Medical Exemption","States","Rhode Island","2018-19","1.1","10964","NULL","†","123","Census"
"3843","Exemption","Non-Medical Exemption","States","New York","2018-19","1.1","220495","NULL","†","2447","Census"
"3844","Exemption","Any Exemption","States","Michigan","2025-26","7.7","104614","100","NULL","8050","Census"
"3845","Exemption","Any Exemption","States","Oklahoma","2025-26","7.4","47844","90.7","NULL","3547","Census (pub.), vol. response (prv.)"
"3846","Exemption","Any Exemption","States","Wyoming","2025-26","7.2","6146","100","�","443","Census"
"3847","Exemption","Any Exemption","States","South Dakota","2025-26","6.9","11009","100","�","758","Census"
"3848","Exemption","Any Exemption","States","Minnesota","2025-26","6.9","63451","99.9",">=. �. ||","4404","Census"
"3849","Exemption","Any Exemption","States","New Hampshire","2025-26","5.4","11544","100","�","620","Census"
"3850","Exemption","Any Exemption","States","Washington","2025-26","5.3","75631","99.1","||||. ��","3988","Census"
"3851","Exemption","Any Exemption","States","Texas","2025-26","5.2","358586","98.3","||","18585","Census (pub.), vol. response (prv.)"
"3852","Exemption","Any Exemption","States","Georgia","2025-26","5.1","118864","100","�","6087","Census"
"3853","Exemption","Any Exemption","States","Iowa","2025-26","4.9","37490","100","�","1838","Census"
"3854","Exemption","Any Exemption","States","Tennessee","2025-26","4.8","73415","97.4","�","3510","Census"
"3855","Exemption","Any Exemption","States","Massachusetts","2025-26","1.8","65331","100","�","1170","Census"
"3856","Exemption","Any Exemption","States","Mississippi","2025-26","2","34969","100","�","700","Census"
"3857","Exemption","Any Exemption","States","New Mexico","2025-26","2.2","19843","100","�","428","Census"
"3858","Exemption","Any Exemption","States","Rhode Island","2025-26","2.2","10123","97.1","�","221","Census"
"3859","Exemption","Any Exemption","States","Delaware","2025-26","2.2","10729","12.9","�","233","2-stage cluster sample (pub.), nonrandom 2-stage cluster sample (prv.)"
"3860","Exemption","Any Exemption","States","Maryland","2025-26","2.5","66945","97.8","�","1660","Census (pub.), vol. response (prv.)"
"3861","Exemption","Any Exemption","States","Kentucky","2025-26","2.6","49937","100","�","1322","Census"
"3862","Exemption","Any Exemption","States","TX-City of Houston","2025-26","2.9","36071","94.6","||","1060","Census (pub.), vol. response (prv.)"
"3863","Exemption","Any Exemption","States","Alabama","2025-26","3","53378","100","�","1626","Census"
"3864","Exemption","Any Exemption","States","Virginia","2025-26","3","88950","95.7","�","2667","Census"
"3865","Exemption","Any Exemption","States","District of Columbia","2025-26","3.4","7871","100","�","264","Census"
"3866","Exemption","Any Exemption","States","Illinois","2025-26","3.5","128598","99.8",">=. �. �","4559","Census"
"3867","Exemption","Any Exemption","States","South Dakota","2023-24","5.7","11744","99.8","†","664","Census"
"3868","Exemption","Any Exemption","States","Wyoming","2023-24","5.6","6754","100","†","378","Census"
"3869","Exemption","Any Exemption","States","Michigan","2023-24","5.6","110156","100","NULL","6138","Census"
"3870","Exemption","Any Exemption","States","Minnesota","2023-24","5.4","66032","99.1",">=. §. ||","3567","Census"
"3871","MMR (PAC)","MMR (PAC)","States","Texas","2024-25","96","378860","97.3","NULL","NULL","Census (pub.), vol. response (prv.)"
"3872","MMR (PAC)","MMR (PAC)","States","New Hampshire","2024-25","95.9","11713","100","NULL","NULL","Census"
"3873","MMR (PAC)","MMR (PAC)","States","Ohio","2024-25","95.8","131589","93.2","NULL","NULL","Census (pub.), vol. response (prv.)"
"3874","MMR (PAC)","MMR (PAC)","States","Colorado","2024-25","95.8","60055","100","NULL","NULL","Census"
"3875","MMR (PAC)","MMR (PAC)","States","South Carolina","2024-25","95.4","57718","34.3","NULL","NULL","Stratified 1-stage cluster sample"
"3876","MMR (PAC)","MMR (PAC)","States","New Jersey","2024-25","95.3","104339","100","NULL","NULL","Census"
"3877","MMR (PAC)","MMR (PAC)","States","Georgia","2024-25","95.2","114568","100","NULL","NULL","Census"
"3878","MMR (PAC)","MMR (PAC)","States","Florida","2024-25","94.9","221053","100","NULL","NULL","Census"
"3879","MMR (PAC)","MMR (PAC)","States","Missouri","2024-25","94.8","68163","100","NULL","NULL","Census"
"3880","MMR (PAC)","MMR (PAC)","States","Oklahoma","2024-25","94.6","47544","86.7","NULL","NULL","Vol. response"
"3881","Exemption","Non-Medical Exemption","States","Rhode Island","2017-18","1","11025","NULL","†","110","Census"
"3882","Exemption","Non-Medical Exemption","States","New York","2017-18","1","226456","NULL","†","2199","Census"
"3883","Exemption","Non-Medical Exemption","States","Louisiana","2017-18","1","58277","NULL","NULL","601","Census"
"3884","MMR (PAC)","MMR (PAC)","States","Maine","2025-26","99.5","11634","94.4","NULL","NULL","Census"
"3885","MMR (PAC)","MMR (PAC)","States","Delaware","2025-26","97.8","10729","12.9","NULL","NULL","2-stage cluster sample (pub.), nonrandom 2-stage cluster sample (prv.)"
"3886","MMR (PAC)","MMR (PAC)","States","Maryland","2025-26","97.5","66945","97.8","NULL","NULL","Census (pub.), vol. response (prv.)"
"3887","MMR (PAC)","MMR (PAC)","States","Kentucky","2025-26","97.5","49937","100","NULL","NULL","Census"
"3888","MMR (PAC)","MMR (PAC)","States","TX-City of Houston","2025-26","97.3","36071","94.6","NULL","NULL","Census (pub.), vol. response (prv.)"
"3889","MMR (PAC)","MMR (PAC)","States","Alabama","2025-26","97","53378","100","NULL","NULL","Census"
"3890","MMR (PAC)","MMR (PAC)","States","Virginia","2025-26","97","88950","95.7","NULL","NULL","Census"
"3891","MMR (PAC)","MMR (PAC)","States","New Mexico","2025-26","97.8","19843","100","NULL","NULL","Census"
"3892","MMR (PAC)","MMR (PAC)","States","District of Columbia","2025-26","97","7871","100","NULL","NULL","Census"
"3893","MMR (PAC)","MMR (PAC)","States","Vermont","2025-26","96.8","5298","100","NULL","NULL","Census"
"3894","MMR (PAC)","MMR (PAC)","States","Massachusetts","2025-26","98.4","65331","100","NULL","NULL","Census"
"3895","MMR (PAC)","MMR (PAC)","States","Rhode Island","2025-26","98.1","10123","97.1","NULL","NULL","Census"
"3896","MMR (PAC)","MMR (PAC)","States","Mississippi","2025-26","98","34969","100","NULL","NULL","Census"
"3897","MMR (PAC)","MMR (PAC)","States","Ohio","2025-26","94.9","129087","95.9","NULL","NULL","Census (pub.), vol. response (prv.)"
"3898","MMR (PAC)","MMR (PAC)","States","Iowa","2025-26","95.1","37490","100","NULL","NULL","Census"
"3899","Exemption","Any Exemption","States","Alabama","2024-25","2.3","53589","99.9","†","1214","Census"
"3900","Exemption","Any Exemption","States","Maryland","2024-25","2.2","66135","95.6","†","1472","Census (pub.), vol. response (prv.)"
"3901","Exemption","Any Exemption","States","Kentucky","2024-25","2.2","51319","100","†","1114","Census"
"3902","Exemption","Any Exemption","States","New Mexico","2024-25","2","20180","100","†","401","Census"
"3903","Exemption","Any Exemption","States","Rhode Island","2024-25","1.9","10088","96.7","†","192","Census"
"3904","Exemption","Any Exemption","States","Massachusetts","2024-25","1.5","65581","100","†","968","Census"
"3905","Exemption","Any Exemption","States","Mississippi","2024-25","1.2","35293","100","†","441","Census"
"3906","Exemption","Any Exemption","States","New Hampshire","2024-25","4.1","11713","100","†","481","Census"
"3907","Exemption","Any Exemption","States","Nebraska","2024-25","4","24102","100","†","966","Census"
"3908","Exemption","Any Exemption","States","Iowa","2024-25","3.9","38268","100","†","1499","Census"
"3909","Exemption","Any Exemption","States","Vermont","2024-25","3.9","5432","100","†","212","Census"
"3910","Exemption","Any Exemption","States","Tennessee","2024-25","3.8","78299","96.7","†","2985","Census"
"3911","Exemption","Any Exemption","States","Maine","2025-26","0.8","11634","94.4","�. �","92","Census"
"3912","Exemption","Non-Medical Exemption","States","Oregon","2018-19","7.5","45870","NULL","||","3457","Census"
"3913","Exemption","Non-Medical Exemption","States","California","2018-19",NA,"568947","NULL","‡.†","NULL","Census"
"3914","Exemption","Non-Medical Exemption","States","Mississippi","2018-19",NA,"37775","NULL","‡.†","NULL","Census"
"3915","Exemption","Non-Medical Exemption","States","West Virginia","2018-19",NA,"19442","NULL","†.‡.‡‡","NULL","Voluntary response"
"3916","Exemption","Non-Medical Exemption","States","Alabama","2018-19","0.9","77739","NULL","†","667","Census"
"3917","Exemption","Non-Medical Exemption","States","Indiana","2018-19","1","82324","NULL","†","783","Census"
"3918","Exemption","Non-Medical Exemption","States","Delaware","2018-19","1","10798","NULL","†","106","Stratified 2-stage cluster sample"
"3919","Exemption","Non-Medical Exemption","States","Massachusetts","2018-19","1.1","65279","NULL","†","749","Census"
"3920","Exemption","Non-Medical Exemption","States","Maryland","2018-19","1.1","71431","NULL","†","772","Census"
"3921","Exemption","Non-Medical Exemption","States","New Mexico","2019-20","1.3","23087","NULL","†","298","Census"
"3922","Exemption","Non-Medical Exemption","States","Louisiana","2019-20","1.3","59685","NULL","NULL","792","Census"
"3923","Exemption","Non-Medical Exemption","States","Kentucky","2018-19","1.2","55587","NULL","†","661","Census"
"3924","Exemption","Non-Medical Exemption","States","New Mexico","2018-19","1.2","25269","NULL","†","303","Census"
"3925","Exemption","Non-Medical Exemption","States","Virginia","2018-19","1.4","100394","NULL","†","1406","Stratified 2-stage cluster sample"
"3926","Exemption","Non-Medical Exemption","States","Illinois","2018-19","1.5","143876","NULL","§. †","2220","Census"
"3927","Exemption","Non-Medical Exemption","States","North Carolina","2018-19","1.5","124343","NULL","†","1871","Census (public). voluntary response (private)"
"3928","Exemption","Any Exemption","States","Vermont","2025-26","3.8","5298","100","�","200","Census"
"3929","Exemption","Any Exemption","States","Indiana","2025-26","3.8","70886","87.1","�. ||||","2680","Vol. response"
"3930","Exemption","Any Exemption","States","North Carolina","2025-26","3.9","120045","90.1","�","4666","Census (pub.), vol. response (prv.)"
"3931","Exemption","Any Exemption","States","Louisiana","2025-26","4","50223","100","NULL","2014","Census"
"3932","Exemption","Any Exemption","States","Kansas","2025-26","4.5","33420","84.1","�","1496","Census"
"3933","Exemption","Any Exemption","States","Arkansas","2025-26","4.6","35543","96.7","NULL","1629","Census (pub.), vol. response (prv.)"
"3934","Exemption","Any Exemption","States","Nebraska","2025-26","4.7","23807","100","�","1123","Census"
"3935","Exemption","Any Exemption","States","Missouri","2025-26","6.3","66610","100",">=. �. �","4219","Census"
"3936","Exemption","Any Exemption","States","Pennsylvania","2025-26","6","134313","95.7","NULL","8097","Census (pub.), vol. response (prv.)"
"3937","Exemption","Any Exemption","States","Hawaii","2025-26","6","13791","11.7","�","835","Stratified 2-stage cluster sample"
"3938","Exemption","Any Exemption","States","Florida","2025-26","5.9","213535","100","�","12540","Census"
"3939","Exemption","Any Exemption","States","New Jersey","2025-26","5.7","101602","92.3","�","5832","Census"
"3940","Exemption","Any Exemption","States","South Carolina","2025-26","5.7","57542","100","�","3295","Census"
"3941","Exemption","Any Exemption","States","Ohio","2025-26","5.7","129087","95.9","||","7337","Census (pub.), vol. response (prv.)"
"3942","MMR (PAC)","MMR (PAC)","States","Alaska","2024-25","91","7338","99.8","NULL","NULL","Census (pub.), not conducted (prv.)"
"3943","MMR (PAC)","MMR (PAC)","States","Utah","2024-25","90.4","45818","100","NULL","NULL","Census"
"3944","MMR (PAC)","MMR (PAC)","States","Idaho","2024-25","85.5","22242","99.5","NULL","NULL","Census"
"3945","MMR (PAC)","MMR (PAC)","States","Oregon","2024-25","91.6","38247","100","NULL","NULL","Census"
"3946","MMR (PAC)","MMR (PAC)","States","Arizona","2024-25","91.7","75024","97.4","NULL","NULL","Census"
"3947","MMR (PAC)","MMR (PAC)","States","Wisconsin","2024-25","93","61120","95.7","NULL","NULL","Census (pub.), vol. response (prv.)"
"3948","MMR (PAC)","MMR (PAC)","States","North Dakota","2024-25","93","9659","98.8","NULL","NULL","Census"
"3949","MMR (PAC)","MMR (PAC)","States","Michigan","2024-25","93.2","107636","100","NULL","NULL","Census"
"3950","MMR (PAC)","MMR (PAC)","States","South Dakota","2024-25","93.2","11367","99.3","NULL","NULL","Census"
"3951","MMR (PAC)","MMR (PAC)","States","Nevada","2024-25","93.5","33272","92.6","NULL","NULL","Census (pub.), vol. response (prv.)"
"3952","Hepatitis B","","States","Maine","2016-17","NReq","13834","90.1","NULL","NULL","Voluntary response (public). census (private)"
"3953","Hepatitis B","","States","Georgia","2016-17","93.3","136165","100","≥.*","NULL","Census"
"3954","Hepatitis B","","States","Hawaii","2016-17","92.7","16325","6.7","NULL","NULL","Stratified 2-stage cluster sample"
"3955","Hepatitis B","","States","Iowa","2016-17","92.6","39587","100","≥.*","NULL","Census"
"3956","Hepatitis B","","States","Idaho","2016-17","92.6","22589","100","*","NULL","Census"
"3957","Hepatitis B","","States","Kentucky","2016-17","92.1","51487","92.9","‡.§","NULL","Census"
"3958","Exemption","Non-Medical Exemption","States","Kentucky","2017-18","1.1","55152","NULL","†","623","Census"
"3959","Exemption","Non-Medical Exemption","States","Massachusetts","2017-18","1.1","63377","NULL","†","687","Census"
"3960","Exemption","Non-Medical Exemption","States","Texas","2018-19","2.2","390034","NULL","||","8502","Census"
"3961","Exemption","Non-Medical Exemption","States","New Jersey","2018-19","2.3","109161","NULL","†","2510","Census"
"3962","Exemption","Non-Medical Exemption","States","Maryland","2017-18","0.9","68528","NULL","†","614","Census"
"3963","Exemption","Non-Medical Exemption","States","Alabama","2017-18","0.8","57245","NULL","†","460","Census"
"3964","Exemption","Non-Medical Exemption","States","Indiana","2017-18","0.7","84296","NULL","†","579","Voluntary Response"
"3965","Exemption","Non-Medical Exemption","States","District of Columbia","2017-18",NA,"NULL","NULL","NULL","NULL","Census"
"3966","Exemption","Non-Medical Exemption","States","Mississippi","2017-18",NA,"39284","NULL","‡.†","NULL","Census"
"3967","Exemption","Non-Medical Exemption","States","West Virginia","2017-18",NA,"19519","NULL","†.‡.‡‡","NULL","Voluntary response"
"3968","Exemption","Non-Medical Exemption","States","Wyoming","2017-18",NA,"NULL","NULL","NULL","NULL","Not conducted"
"3969","Exemption","Non-Medical Exemption","States","South Dakota","2018-19","2.4","12062","NULL","†","293","Census"
"3970","Exemption","Non-Medical Exemption","States","Idaho","2018-19","7.4","22995","NULL","||","1696","Census"
"3971","Exemption","Non-Medical Exemption","States","Alaska","2018-19","6.6","10316","NULL","†","680","Voluntary response"
"3972","Exemption","Non-Medical Exemption","States","Arizona","2018-19","5.9","79981","NULL","‡","4755","Census"
"3973","Exemption","Non-Medical Exemption","States","Maine","2018-19","5.6","13419","NULL","NULL","752","Census"
"3974","Exemption","Non-Medical Exemption","States","Wisconsin","2018-19","5.6","66344","NULL","NULL","3724","Stratified 2-stage cluster sample"
"3975","Exemption","Non-Medical Exemption","States","Utah","2018-19","5.5","50179","NULL","NULL","2759","Census"
"3976","Exemption","Non-Medical Exemption","States","Colorado","2018-19","4.7","64191","NULL","§","3017","Census"
"3977","Exemption","Non-Medical Exemption","States","Washington","2018-19","4.5","87510","NULL","NULL","3964","Census"
"3978","Exemption","Non-Medical Exemption","States","Hawaii","2018-19","4.4","16051","NULL","†","702","Stratified 2-stage cluster sample"
"3979","Exemption","Non-Medical Exemption","States","Vermont","2018-19","4.4","6126","NULL","†","269","Census"
"3980","Exemption","Non-Medical Exemption","States","Michigan","2018-19","4.3","118632","NULL","NULL","5099","Census"
"3981","Exemption","Non-Medical Exemption","States","Montana","2018-19","4.2","12480","NULL","†","529","Census"
"3982","Exemption","Non-Medical Exemption","States","North Dakota","2018-19","3.9","10382","NULL","NULL","409","Census"
"3983","Exemption","Non-Medical Exemption","States","Minnesota","2018-19","3.5","70085","NULL","§. ||","2450","Census"
"3984","Exemption","Non-Medical Exemption","States","Nevada","2018-19","3.2","37971","NULL","†","1197","Stratified 2-stage cluster sample"
"3985","Exemption","Non-Medical Exemption","States","New Hampshire","2018-19","3.1","12421","NULL","†","379","Census"
"3986","Exemption","Non-Medical Exemption","States","Florida","2018-19","2.9","224641","NULL","†","6472","Census"
"3987","Exemption","Non-Medical Exemption","States","Wyoming","2018-19","2.7","7734","NULL","†","210","Census"
"3988","Exemption","Non-Medical Exemption","States","Ohio","2018-19","2.6","139679","NULL","||","3673","Census (public). voluntary response (private)"
"3989","Exemption","Non-Medical Exemption","States","Pennsylvania","2018-19","2.6","143560","NULL","NULL","3671","Census (public). voluntary response (private)"
"3990","Exemption","Non-Medical Exemption","States","Missouri","2018-19","2.5","72687","NULL","§. †","1819","Census"
"3991","Exemption","Non-Medical Exemption","States","Oklahoma","2018-19","2.5","54806","NULL","NULL","1355","Census (public). voluntary response (private)"
"3992","Exemption","Non-Medical Exemption","States","Connecticut","2018-19","2.5","38230","NULL","†","941","Census"
"3993","Exemption","Non-Medical Exemption","States","Georgia","2018-19","2.4","131275","NULL","†","3116","Census"
"3994","Exemption","Non-Medical Exemption","States","Indiana","2019-20","1.9","88253","NULL","†","1701","Voluntary response"
"3995","Exemption","Non-Medical Exemption","States","Arkansas","2019-20","1.9","39510","NULL","<","753","Census (public). voluntary response (private)"
"3996","Exemption","Non-Medical Exemption","States","Nebraska","2019-20","1.8","26893","NULL","†","485","Census"
"3997","Exemption","Non-Medical Exemption","States","Illinois","2019-20","1.7","145891","NULL","†","2487","Census"
"3998","Exemption","Non-Medical Exemption","States","North Carolina","2019-20","1.6","124548","NULL","†","2003","Census"
"3999","Exemption","Non-Medical Exemption","States","Kentucky","2019-20","1.4","59233","NULL","†","809","Census"
"4000","Exemption","Non-Medical Exemption","States","Virginia","2019-20","1.4","99399","NULL","†","1378","Census"
"4001","Hepatitis B","","States","Florida","2017-18","93.7","222397","100","≥.*.§","NULL","Census"
"4002","Hepatitis B","","States","Arkansas","2017-18","93.7","39630","95.4","‡","NULL","Census"
"4003","Exemption","Non-Medical Exemption","States","Massachusetts","2019-20","1.1","66756","NULL","†","737","Census"
"4004","Exemption","Non-Medical Exemption","States","Alabama","2019-20","1.1","59477","NULL","†","650","Census"
"4005","Hepatitis B","","States","Mississippi","2017-18","99.4","39284","100","≥.*","NULL","Census"
"4006","Hepatitis B","","States","West Virginia","2017-18","99.2","19519","79.3","¶","NULL","Voluntary response"
"4007","Hepatitis B","","States","Louisiana","2017-18","98.4","58277","100","*","NULL","Census"
"4008","Hepatitis B","","States","North Carolina","2017-18","98.2","127197","90.9","‡.§","NULL","Census"
"4009","Hepatitis B","","States","New York","2017-18","98","226456","100","*","NULL","Census"
"4010","Hepatitis B","","States","Maryland","2017-18","97.9","68528","98.5","‡","NULL","Census"
"4011","Hepatitis B","","States","Delaware","2017-18","97.9","10988","9.5","NULL","NULL","Stratified 2-stage cluster sample"
"4012","Hepatitis B","","States","Rhode Island","2017-18","97.6","11025","100","*.‡.§","NULL","Census"
"4013","Hepatitis B","","States","California","2017-18","97.6","574702","100","‡","NULL","Census"
"4014","Hepatitis B","","States","Pennsylvania","2017-18","97.4","141571","93.3","NULL","NULL","Voluntary response"
"4015","Hepatitis B","","States","Texas","2017-18","97.4","387981","99.4","‡.§","NULL","Census"
"4016","Hepatitis B","","States","Massachusetts","2017-18","97.3","63377","100","*.‡","NULL","Census"
"4017","Hepatitis B","","States","Tennessee","2017-18","97.1","78743","100","*.§","NULL","Census"
"4018","Hepatitis B","","States","Nebraska","2017-18","97.1","26313","98.6","‡.‡‡","NULL","Census"
"4019","Hepatitis B","","States","Connecticut","2017-18","97","39174","100","*","NULL","Census"
"4020","Hepatitis B","","States","South Carolina","2017-18","96.9","58458","27","NULL","NULL","Stratified 1-stage cluster sample"
"4021","Hepatitis B","","States","Missouri","2017-18","96.5","73113","100","*","NULL","Census"
"4022","Hepatitis B","","States","Nevada","2017-18","96.4","37178","4.8","NULL","NULL","Stratified 2-stage cluster sample"
"4023","Hepatitis B","","States","Michigan","2017-18","96.4","119028","100","*","NULL","Census"
"4024","Hepatitis B","","States","Kansas","2017-18","96.4","38484","23.1","†.‡.§","NULL","Stratified 2-stage cluster sample"
"4025","Hepatitis B","","States","Wisconsin","2017-18","96.1","66178","2.3","†.‡.§","NULL","Stratified 2-stage cluster sample"
"4026","Hepatitis B","","States","New Jersey","2017-18","96.1","107630","100","≥.*","NULL","Census"
"4027","Hepatitis B","","States","Hawaii","2017-18","96","16325","6.6","NULL","NULL","Stratified 2-stage cluster sample"
"4028","Hepatitis B","","States","Alaska","2016-17","91.7","9815","7.6","†.§","NULL","Stratified 2-stage cluster sample"
"4029","Hepatitis B","","States","New Hampshire","2016-17","91.5","12145","100","≥.*","NULL","Census"
"4030","Hepatitis B","","States","Colorado","2016-17","91.4","64440","100","*","NULL","Census"
"4031","Hepatitis B","","States","Indiana","2016-17","90.2","83263","80.3","NULL","NULL","Voluntary response"
"4032","Hepatitis B","","States","Washington","2016-17","90.2","87142","98.2","§","NULL","Census"
"4033","Hepatitis B","","States","Wyoming","2016-17",NA,"NULL","NULL","NULL","NULL","Not conducted"
"4034","Hepatitis B","","States","Oklahoma","2016-17",NA,"52184","0","‡.¶","NULL","Census"
"4035","Hepatitis B","","States","Montana","2016-17","NReq","11956","100","*","NULL","Census"
"4036","Hepatitis B","","States","Illinois","2016-17","NReq","151309","97.7","NULL","NULL","Census"
"4037","Hepatitis B","","States","Alabama","2016-17","NReq","58394","100","≥.*","NULL","Census"
"4038","Exemption","Non-Medical Exemption","States","Nebraska","2018-19","1.6","26925","NULL","†.§§","441","Census"
"4039","Exemption","Non-Medical Exemption","States","Tennessee","2018-19","1.8","78630","NULL","†","1390","Census"
"4040","Exemption","Non-Medical Exemption","States","Arkansas","2018-19","1.8","39257","NULL","NULL","711","Census (public). voluntary response (private)"
"4041","Exemption","Non-Medical Exemption","States","Kansas","2018-19","1.8","37838","NULL","†","688","Stratified 2-stage cluster sample"
"4042","Exemption","Non-Medical Exemption","States","Iowa","2018-19","2.1","40624","NULL","†","873","Census"
"4043","Exemption","Non-Medical Exemption","States","South Dakota","2020-21","3.2","11512","99.9","†","373","Census"
"4044","Exemption","Non-Medical Exemption","States","Montana","2020-21","3.3","11279","100","†","376","Census"
"4045","Exemption","Non-Medical Exemption","States","South Carolina","2018-19","2.4","58442","NULL","†","1420","Stratified 1-stage cluster sample"
"4046","Exemption","Non-Medical Exemption","States","District of Columbia","2018-19",NA,"NULL","NULL","NULL","NULL","Census"
"4047","Exemption","Non-Medical Exemption","States","Idaho","2019-20","7.2","23301","NULL","||","1689","Census"
"4048","Exemption","Non-Medical Exemption","States","Oregon","2019-20","6.9","45959","NULL","||","3192","Census"
"4049","Exemption","Non-Medical Exemption","States","Hawaii","2019-20","5.9","15695","NULL","†","913","Stratified 2-stage cluster sample"
"4050","Exemption","Non-Medical Exemption","States","Maine","2019-20","5.6","13450","NULL","NULL","755","Census"
"4051","Exemption","Non-Medical Exemption","States","Wisconsin","2019-20","5.5","67391","NULL","NULL","3693","Census"
"4052","Exemption","Non-Medical Exemption","States","Alaska","2019-20","5.4","10381","NULL","†","557","Voluntary response"
"4053","Exemption","Non-Medical Exemption","States","Arizona","2019-20","5.4","83976","NULL","‡","4494","Census (public). voluntary response (private)"
"4054","Exemption","Non-Medical Exemption","States","Utah","2019-20","5.2","49208","NULL","NULL","2580","Census"
"4055","Exemption","Non-Medical Exemption","States","Washington","2019-20","5","87757","NULL","NULL","4359","Census"
"4056","Exemption","Non-Medical Exemption","States","Colorado","2019-20","4.7","69088","NULL","§","3254","Census"
"4057","Exemption","Non-Medical Exemption","States","Michigan","2019-20","4.2","120565","NULL","NULL","5030","Census"
"4058","Exemption","Non-Medical Exemption","States","Montana","2019-20","4","12501","NULL","†","505","Census"
"4059","Exemption","Non-Medical Exemption","States","North Dakota","2019-20","3.6","10587","NULL","NULL","381","Census"
"4060","Exemption","Non-Medical Exemption","States","Vermont","2019-20","3.5","6293","NULL","†","223","Census"
"4061","Exemption","Non-Medical Exemption","States","Nevada","2019-20","3.5","37724","NULL","†","1322","Census"
"4062","Exemption","Non-Medical Exemption","States","Minnesota","2019-20","3.4","71223","NULL","§.||","2565","Census"
"4063","Exemption","Non-Medical Exemption","States","Wyoming","2019-20","3.2","7913","NULL","†","256","Census"
"4064","Exemption","Non-Medical Exemption","States","Florida","2019-20","3","228298","NULL","†","6903","Census"
"4065","Exemption","Non-Medical Exemption","States","Georgia","2019-20","2.9","130102","NULL","†","3741","Census"
"4066","Exemption","Non-Medical Exemption","States","New Hampshire","2019-20","2.9","12447","NULL","†","360","Census"
"4067","Exemption","Non-Medical Exemption","States","South Dakota","2019-20","2.6","12367","NULL","†","319","Census"
"4068","Exemption","Non-Medical Exemption","States","Pennsylvania","2019-20","2.6","140197","NULL","NULL","3630","Census"
"4069","Exemption","Non-Medical Exemption","States","Ohio","2019-20","2.6","139103","NULL","||","3575","Census"
"4070","Exemption","Non-Medical Exemption","States","Missouri","2019-20","2.5","72324","NULL","†.§","1820","Census"
"4071","Exemption","Non-Medical Exemption","States","Oklahoma","2019-20","2.5","55348","NULL","NULL","1395","Voluntary response"
"4072","Exemption","Non-Medical Exemption","States","South Carolina","2019-20","2.5","65938","NULL","†","1616","Stratified 1-stage cluster sample"
"4073","Exemption","Non-Medical Exemption","States","New Jersey","2019-20","2.4","107900","NULL","†","2588","Census"
"4074","Exemption","Non-Medical Exemption","States","Iowa","2019-20","2.3","40812","NULL","†","936","Census"
"4075","Exemption","Non-Medical Exemption","States","Connecticut","2019-20","2.3","38888","NULL","†","891","Census"
"4076","Exemption","Non-Medical Exemption","States","Texas","2019-20","2.2","398680","NULL","||","8965","Census"
"4077","Exemption","Non-Medical Exemption","States","Tennessee","2019-20","1.9","80595","NULL","†","1509","Census"
"4078","Exemption","Non-Medical Exemption","States","Kansas","2019-20","1.9","37865","NULL","†","705","Stratified 2-stage cluster sample"
"4079","Hepatitis B","","States","Indiana","2017-18","92.8","84296","96.4","NULL","NULL","Voluntary Response"
"4080","Hepatitis B","","States","Iowa","2017-18","93","39632","100","≥.*","NULL","Census"
"4081","Hepatitis B","","States","Alaska","2017-18","93.1","9692","84.4","†.§","NULL","Stratified 2-stage cluster sample"
"4082","Hepatitis B","","States","Oregon","2017-18","93.3","45818","100","*.‡","NULL","Census"
"4083","Hepatitis B","","States","Georgia","2017-18","93.4","131459","100","≥.*","NULL","Census"
"4084","Hepatitis B","","States","Colorado","2019-20","92.9","69088","98.2","NULL","NULL","Census"
"4085","Hepatitis B","","States","Georgia","2019-20","93.1","130102","100","≥.*","NULL","Census"
"4086","Hepatitis B","","States","Wyoming","2019-20","93.1","7913","100","*","NULL","Census"
"4087","Hepatitis B","","States","Kentucky","2017-18","94","55152","99","‡.§","NULL","Census"
"4088","Hepatitis B","","States","Oklahoma","2017-18","94.1","53898","92.1","§","NULL","Census (public). voluntary response (private)"
"4089","Hepatitis B","","States","Utah","2017-18","94.3","48827","100","*","NULL","Census"
"4090","Hepatitis B","","States","Virginia","2017-18","94.9","100581","4.4","†","NULL","Stratified 2-stage cluster sample"
"4091","Hepatitis B","","States","Arizona","2017-18","94.9","81710","100","*","NULL","Census"
"4092","Hepatitis B","","States","South Dakota","2017-18","95","12125","99.9","NULL","NULL","Census"
"4093","Hepatitis B","","States","Minnesota","2017-18","95","69807","98.1","§","NULL","Census"
"4094","Hepatitis B","","States","Ohio","2017-18","95.2","138753","94.9","NULL","NULL","Census"
"4095","Hepatitis B","","States","Vermont","2017-18","95.3","6255","100","*","NULL","Census"
"4096","Hepatitis B","","States","North Dakota","2017-18","95.8","10365","99.4","NULL","NULL","Census"
"4097","Hepatitis B","","States","New Mexico","2017-18","96","26896","99.6","NULL","NULL","Stratified 2-stage cluster sample"
"4098","Hepatitis B","","States","Wyoming","2018-19","95.7","7734","100","*","NULL","Census"
"4099","Hepatitis B","","States","Oklahoma","2018-19","95.7","54806","92.1","§","NULL","Census (public). voluntary response (private)"
"4100","Hepatitis B","","States","Michigan","2018-19","96","118632","100","*","NULL","Census"
"4101","Hepatitis B","","States","Missouri","2018-19","96.1","72687","100","*","NULL","Census"
"4102","Hepatitis B","","States","Connecticut","2018-19","96.3","38230","100","*","NULL","Census"
"4103","Hepatitis B","","States","Arkansas","2018-19","96.4","39257","95.4","‡","NULL","Census (public). voluntary response (private)"
"4104","Hepatitis B","","States","Kansas","2018-19","96.7","37838","23.1","†.‡.§","NULL","Stratified 2-stage cluster sample"
"4105","Hepatitis B","","States","Tennessee","2018-19","96.8","78630","100","*.§","NULL","Census"
"4106","Hepatitis B","","States","New Mexico","2018-19","96.8","25269","99.6","NULL","NULL","Census"
"4107","Hepatitis B","","States","Pennsylvania","2018-19","97.1","143560","93.3","NULL","NULL","Census (public). voluntary response (private)"
"4108","Hepatitis B","","States","California","2018-19","97.4","568947","97.7","‡","NULL","Census"
"4109","Hepatitis B","","States","Nevada","2018-19","97.4","37971","4.8","NULL","NULL","Stratified 2-stage cluster sample"
"4110","Hepatitis B","","States","Texas","2018-19","97.5","390034","99.4","‡.§","NULL","Census"
"4111","Hepatitis B","","States","Nebraska","2018-19","97.5","26925","98.6","‡.‡‡","NULL","Census"
"4112","Hepatitis B","","States","Massachusetts","2018-19","97.6","65279","100","*.‡","NULL","Census"
"4113","Hepatitis B","","States","Maryland","2018-19","97.7","71431","100","‡","NULL","Census"
"4114","Hepatitis B","","States","New York","2018-19","97.9","220495","100","*","NULL","Census"
"4115","Hepatitis B","","States","Rhode Island","2018-19","98.3","10964","100","*.‡.§","NULL","Census"
"4116","Hepatitis B","","States","Louisiana","2018-19","98.4","56203","100","*","NULL","Census"
"4117","Hepatitis B","","States","Delaware","2018-19","98.5","10798","9.5","NULL","NULL","Stratified 2-stage cluster sample"
"4118","Hepatitis B","","States","West Virginia","2018-19","99","19442","79.3","¶","NULL","Voluntary response"
"4119","Hepatitis B","","States","Mississippi","2018-19","99.2","37775","100","≥.*","NULL","Census"
"4120","Hepatitis B","","States","Wisconsin","2018-19","95.6","66344","2.3","†.‡.§","NULL","Stratified 2-stage cluster sample"
"4121","Hepatitis B","","States","North Dakota","2018-19","95.2","10382","99.4","NULL","NULL","Census"
"4122","Hepatitis B","","States","New Jersey","2018-19","95","109161","100","≥.*","NULL","Census"
"4123","Exemption","Non-Medical Exemption","States","Minnesota","2020-21","2.7","66007","95.2",">=. §. ‡","1797","Census"
"4124","Exemption","Non-Medical Exemption","States","Georgia","2020-21","2.8","83191","100","†","2358","Census"
"4125","Exemption","Non-Medical Exemption","States","Vermont","2020-21","3.1","5535","100","†","170","Census"
"4126","Exemption","Non-Medical Exemption","States","Florida","2020-21","2.7","207026","100","†","5635","Census"
"4127","Exemption","Non-Medical Exemption","States","New Mexico","2021-22","1.1","20736","100","†","222","Census"
"4128","Exemption","Non-Medical Exemption","States","Delaware","2021-22","1.2","11181","9.5","†","134","Stratified 2-stage cluster sample"
"4129","Exemption","Non-Medical Exemption","States","TX-City of Houston","2021-22","1.4","40123","99.3","||","564","Census"
"4130","Exemption","Non-Medical Exemption","States","Hawaii","2020-21","3.5","13074","93","†","457","Census"
"4131","Exemption","Non-Medical Exemption","States","Michigan","2020-21","3.5","106657","100","NULL","3729","Census"
"4132","Exemption","Non-Medical Exemption","States","Nevada","2020-21","3.6","34171","94.7","†","1232","Census (public). voluntary response (private)"
"4133","Exemption","Non-Medical Exemption","States","Alaska","2020-21","3.8","9461","92.5","†","354","Census"
"4134","Exemption","Non-Medical Exemption","States","North Dakota","2020-21","4","10116","99.1","NULL","401","Census"
"4135","Exemption","Non-Medical Exemption","States","Colorado","2020-21","4","63619","97.3",">=. §","2545","Census"
"4136","Exemption","Non-Medical Exemption","States","Maine","2020-21","4.1","13477","85","NULL","548","Voluntary response (public). census (private)"
"4137","Exemption","Non-Medical Exemption","States","Wisconsin","2020-21","4.9","63486","84.5","NULL","3141","Voluntary response"
"4138","Exemption","Non-Medical Exemption","States","Utah","2020-21","5","46247","100","NULL","2308","Census"
"4139","Exemption","Non-Medical Exemption","States","Oregon","2020-21","5.3","39568","100","||","2079","Census"
"4140","Exemption","Non-Medical Exemption","States","Arizona","2020-21","5.4","76382","93.4","‡","4139","Census (public). voluntary response (private)"
"4141","Exemption","Non-Medical Exemption","States","Idaho","2020-21","7.9","22677","98.3","||","1797","Census"
"4142","Exemption","Non-Medical Exemption","States","Iowa","2020-21","2.1","39141","100","†","803","Census"
"4143","Exemption","Non-Medical Exemption","States","Washington","2020-21","2.1","74931","100",">=.","1563","Census"
"4144","Exemption","Non-Medical Exemption","States","New Jersey","2020-21","2.1","100144","100","†","2113","Census"
"4145","Exemption","Non-Medical Exemption","States","Texas","2020-21","2.1","377840","98.9","||","8118","Census"
"4146","Exemption","Non-Medical Exemption","States","Arkansas","2020-21","1.9","37540","95.6","NULL","721","Census (public). voluntary response (private)"
"4147","Exemption","Non-Medical Exemption","States","Kansas","2020-21","1.8","34687","32.7","†","613","Stratified 2-stage cluster sample"
"4148","Exemption","Non-Medical Exemption","States","Tennessee","2020-21","1.8","73819","100","†","1332","Census"
"4149","Exemption","Non-Medical Exemption","States","Indiana","2020-21","1.7","78694","71.4","†","1333","Voluntary response"
"4150","Exemption","Non-Medical Exemption","States","Nebraska","2020-21","1.6","25681","94.8","†","413","Census (public). voluntary response (private)"
"4151","Exemption","Non-Medical Exemption","States","North Carolina","2020-21","1.4","120995","89","†","1700","Census (public). voluntary response (private)"
"4152","Exemption","Non-Medical Exemption","States","Virginia","2020-21","1.2","88273","2","†","1074","Stratified 2-stage cluster sample"
"4153","Exemption","Non-Medical Exemption","States","Alabama","2020-21","1.1","56974","100","†","653","Census"
"4154","Exemption","Non-Medical Exemption","States","TX-City of Houston","2020-21","1.1","39627","94.9","||","440","Census (public). voluntary response (private)"
"4155","Exemption","Non-Medical Exemption","States","Louisiana","2020-21","1","61912","100","NULL","616","Census"
"4156","Exemption","Non-Medical Exemption","States","Massachusetts","2020-21","0.9","60724","100","†","566","Census"
"4157","Exemption","Non-Medical Exemption","States","Rhode Island","2020-21","0.9","10402","93","†","99","Census"
"4158","Exemption","Non-Medical Exemption","States","Kentucky","2020-21","0.8","59233","86.4","†","478","Census (public). voluntary response (private)"
"4159","Exemption","Non-Medical Exemption","States","Maryland","2020-21","0.8","65764","75.6","†","501","Census (public). voluntary response (private)"
"4160","Hepatitis B","","States","Wyoming","2017-18",NA,"NULL","NULL","NULL","NULL","Not conducted"
"4161","Hepatitis B","","States","Colorado","2017-18","92","65718","100","*","NULL","Census"
"4162","Hepatitis B","","States","Idaho","2017-18","92.1","22553","99","NULL","NULL","Census"
"4163","Hepatitis B","","States","New Hampshire","2017-18","92.4","12165","100","≥","NULL","Census"
"4164","Hepatitis B","","States","Washington","2017-18","92.5","85118","96.9","§","NULL","Census"
"4165","Hepatitis B","","States","New Hampshire","2019-20","91.5","12447","100","≥.*","NULL","Census"
"4166","Hepatitis B","","States","Alaska","2019-20",NA,"10381","82.7","§","NULL","Voluntary response"
"4167","Hepatitis B","","States","Alabama","2019-20","NReq","59477","94.9","≥","NULL","Census"
"4168","Hepatitis B","","States","Idaho","2019-20","91.3","23301","98.5","NULL","NULL","Census"
"4169","Hepatitis B","","States","Hawaii","2019-20","91.3","15695","8.9","NULL","NULL","Stratified 2-stage cluster sample"
"4170","Hepatitis B","","States","Utah","2020-21","93.5","46247","100","*","NULL","Census"
"4171","Hepatitis B","","States","Iowa","2020-21","93.4","39141","100",">=.*","NULL","Census"
"4172","Hepatitis B","","States","North Dakota","2019-20","95.7","10587","99.5","NULL","NULL","Census"
"4173","Hepatitis B","","States","Vermont","2019-20","95.8","6293","100","*","NULL","Census"
"4174","Hepatitis B","","States","Missouri","2019-20","95.9","72324","100","*","NULL","Census"
"4175","Hepatitis B","","States","Nevada","2019-20","95.9","37724","99.9","NULL","NULL","Census"
"4176","Hepatitis B","","States","New Jersey","2019-20","95.9","107900","100","≥.*","NULL","Census"
"4177","Hepatitis B","","States","Arkansas","2019-20","96","39510","96.2","‡","NULL","Census (public). voluntary response (private)"
"4178","Hepatitis B","","States","Indiana","2019-20","96","88253","65.7","NULL","NULL","Voluntary response"
"4179","Hepatitis B","","States","Michigan","2019-20","96.1","120565","100","*","NULL","Census"
"4180","Hepatitis B","","States","North Carolina","2019-20","96.5","124548","97.8","‡.§","NULL","Census"
"4181","Hepatitis B","","States","Connecticut","2019-20","96.6","38888","100","*","NULL","Census"
"4182","Hepatitis B","","States","Tennessee","2019-20","97","80595","100","*.§","NULL","Census"
"4183","Hepatitis B","","States","Pennsylvania","2019-20","97.2","140197","98.8","NULL","NULL","Census"
"4184","Hepatitis B","","States","Kansas","2019-20","97.2","37865","34.3","†.‡.§","NULL","Stratified 2-stage cluster sample"
"4185","Hepatitis B","","States","Iowa","2019-20","93.2","40812","100","≥.*","NULL","Census"
"4186","Hepatitis B","","States","Oregon","2019-20","93.3","45959","100","*.‡","NULL","Census"
"4187","Hepatitis B","","States","Florida","2019-20","93.5","228298","100","≥.*.§","NULL","Census"
"4188","Hepatitis B","","States","Kentucky","2019-20","93.7","59233","92.9","‡.§","NULL","Census"
"4189","Hepatitis B","","States","Utah","2019-20","94","49208","100","*","NULL","Census"
"4190","Hepatitis B","","States","Arizona","2019-20","94.1","83976","98.7","NULL","NULL","Census (public). voluntary response (private)"
"4191","Hepatitis B","","States","Virginia","2019-20","94.1","99399","1.2","†","NULL","Stratified 2-stage cluster sample"
"4192","Hepatitis B","","States","Washington","2019-20","94.2","87757","91.9","§","NULL","Census"
"4193","Exemption","Non-Medical Exemption","States","Maryland","2019-20","1","72443","NULL","†","718","Census (public). voluntary response (private)"
"4194","Exemption","Non-Medical Exemption","States","Rhode Island","2019-20","1","11219","NULL","†","117","Census"
"4195","Exemption","Non-Medical Exemption","States","Mississippi","2019-20",NA,"37870","NULL","†. ‡","NULL","Census"
"4196","Exemption","Non-Medical Exemption","States","District of Columbia","2019-20",NA,"NULL","NULL","†","NULL","Not Conducted"
"4197","Exemption","Non-Medical Exemption","States","Delaware","2019-20",NA,"NULL","NULL","†","NULL","Not Conducted"
"4198","Exemption","Non-Medical Exemption","States","California","2019-20",NA,"566155","NULL","†.‡","NULL","Census"
"4199","Exemption","Non-Medical Exemption","States","West Virginia","2019-20",NA,"17114","NULL","†.‡.‡‡","NULL","Voluntary response"
"4200","Exemption","Non-Medical Exemption","States","South Carolina","2020-21","2.3","56330","26.5","†","1288","Stratified 1-stage cluster sample"
"4201","Exemption","Non-Medical Exemption","States","Oklahoma","2020-21","2.3","52656","90","NULL","1188","Census (public). voluntary response (private)"
"4202","Exemption","Non-Medical Exemption","States","Connecticut","2020-21","2.3","34396","100","†","803","Census"
"4203","Exemption","Non-Medical Exemption","States","Ohio","2020-21","2.4","128535","91.1","||","3022","Census (public). voluntary response (private)"
"4204","Exemption","Non-Medical Exemption","States","Missouri","2020-21","2.4","63093","100",">=. †.§","1492","Census"
"4205","Exemption","Non-Medical Exemption","States","Delaware","2020-21","2.4","10587","9.2","†","253","Stratified 2-stage cluster sample"
"4206","Exemption","Non-Medical Exemption","States","Pennsylvania","2020-21","2.5","129307","95","NULL","3174","Census (public). voluntary response (private)"
"4207","Exemption","Non-Medical Exemption","States","New Hampshire","2020-21","2.6","10242","57","†","263","Voluntary response"
"4208","Exemption","Non-Medical Exemption","States","Massachusetts","2021-22","0.9","65582","100","†","572","Census"
"4209","Exemption","Non-Medical Exemption","States","Maryland","2021-22","1","53866","98.4","†","543","Census"
"4210","Exemption","Non-Medical Exemption","States","Kentucky","2021-22","1.1","59233","91.5","†","679","Census"
"4211","Exemption","Non-Medical Exemption","States","Louisiana","2021-22","1.1","66518","100","NULL","724","Census"
"4212","Exemption","Non-Medical Exemption","States","Rhode Island","2021-22","1.1","11002","96.9","†","119","Census"
"4213","Exemption","Non-Medical Exemption","States","Alabama","2021-22","1.5","60332","100","†","912","Census"
"4214","Exemption","Non-Medical Exemption","States","Virginia","2021-22","1.5","95996","96.1","†","1375","Census"
"4215","Exemption","Non-Medical Exemption","States","North Carolina","2021-22","1.8","118191","78.5","†","2111","Vol. response"
"4216","Exemption","Non-Medical Exemption","States","Kansas","2021-22","2.1","36526","79.4","†","750","Census"
"4217","Exemption","Non-Medical Exemption","States","Connecticut","2021-22","2.1","35451","100","†","727","Census"
"4218","Exemption","Non-Medical Exemption","States","Nebraska","2021-22","2.2","25018","99.5","†","543","Census"
"4219","Exemption","Non-Medical Exemption","States","Indiana","2021-22","2.2","83198","75.1","†","1839","Vol. response"
"4220","Exemption","Non-Medical Exemption","States","Tennessee","2021-22","2.3","79120","100","†","1834","Census"
"4221","Exemption","Non-Medical Exemption","States","Iowa","2021-22","2.3","40111","100","†","913","Census"
"4222","Exemption","Non-Medical Exemption","States","New Jersey","2021-22","2.5","104240","100","†","2584","Census"
"4223","Exemption","Non-Medical Exemption","States","Washington","2021-22","2.5","87256","97.3","NULL","2215","Census (pub.), vol. response (pvt.)"
"4224","Exemption","Non-Medical Exemption","States","Arkansas","2021-22","2.5","39358","96.3","NULL","988","Census (pub.), vol. response (pvt.)"
"4225","Hepatitis B","","States","South Carolina","2018-19","95","58442","27","NULL","NULL","Stratified 1-stage cluster sample"
"4226","Hepatitis B","","States","Minnesota","2018-19","95","70085","98.1","§","NULL","Census"
"4227","Hepatitis B","","States","North Carolina","2018-19","94.6","124343","90.9","‡.§","NULL","Census (public). voluntary response (private)"
"4228","Hepatitis B","","States","Ohio","2018-19","94.6","139679","94.9","NULL","NULL","Census (public). voluntary response (private)"
"4229","Hepatitis B","","States","Vermont","2018-19","94.6","6126","100","*","NULL","Census"
"4230","Hepatitis B","","States","South Dakota","2018-19","94.5","12062","99.9","NULL","NULL","Census"
"4231","Hepatitis B","","States","Arizona","2018-19","94.4","79981","100","*","NULL","Census"
"4232","Hepatitis B","","States","Utah","2018-19","93.8","50179","100","*","NULL","Census"
"4233","Hepatitis B","","States","Florida","2018-19","93.8","224641","100","≥.*.§","NULL","Census"
"4234","Hepatitis B","","States","Hawaii","2018-19","93.6","16051","6.7","NULL","NULL","Stratified 2-stage cluster sample"
"4235","Hepatitis B","","States","Georgia","2018-19","93.6","131275","100","≥.*","NULL","Census"
"4236","Hepatitis B","","States","Kentucky","2018-19","93.4","55587","99","‡.§","NULL","Census"
"4237","Hepatitis B","","States","Iowa","2018-19","93.3","40624","100","≥.*","NULL","Census"
"4238","Hepatitis B","","States","Oregon","2018-19","93.1","45870","100","*.‡","NULL","Census"
"4239","Hepatitis B","","States","Virginia","2018-19","93.1","100394","4.4","†","NULL","Stratified 2-stage cluster sample"
"4240","Hepatitis B","","States","Washington","2018-19","92.5","87510","96.9","§","NULL","Census"
"4241","Hepatitis B","","States","Indiana","2018-19","92.4","82324","96.4","NULL","NULL","Census"
"4242","Hepatitis B","","States","New Hampshire","2018-19","91.8","12421","100","≥","NULL","Census"
"4243","Hepatitis B","","States","Idaho","2018-19","91.7","22995","99","NULL","NULL","Census"
"4244","Hepatitis B","","States","Colorado","2018-19","90.8","64191","100","*","NULL","Census"
"4245","Hepatitis B","","States","Maine","2019-20","NReq","13450","99.6","NULL","NULL","Census"
"4246","Hepatitis B","","States","District of Columbia","2019-20",NA,"NULL","NULL","NULL","NULL","Not Conducted"
"4247","Hepatitis B","","States","Delaware","2019-20","NReq","NULL","NULL","NULL","NULL","Not Conducted"
"4248","Hepatitis B","","States","Montana","2019-20","NReq","12501","100","*","NULL","Census"
"4249","Hepatitis B","","States","Minnesota","2020-21","94.6","66007","95.2","NULL","NULL","Census"
"4250","Hepatitis B","","States","Arizona","2020-21","94.5","76382","92.4","NULL","NULL","Census (public). voluntary response (private)"
"4251","Hepatitis B","","States","Virginia","2020-21","94.4","88273","2","†","NULL","Stratified 2-stage cluster sample"
"4252","Hepatitis B","","States","New Jersey","2020-21","94.3","100144","100",">=.*","NULL","Census"
"4253","Hepatitis B","","States","Ohio","2020-21","94.1","128535","91.1","NULL","NULL","Census (public). voluntary response (private)"
"4254","Hepatitis B","","States","Florida","2020-21","93.3","207026","100",">=.*","NULL","Census"
"4255","Hepatitis B","","States","Colorado","2020-21","93","63619","97.3","NULL","NULL","Census"
"4256","Hepatitis B","","States","Delaware","2020-21","92.9","10587","9.2","NULL","NULL","Stratified 2-stage cluster sample"
"4257","Hepatitis B","","States","Hawaii","2020-21","92.7","13074","9.3","NULL","NULL","Stratified 2-stage cluster sample"
"4258","Hepatitis B","","States","New Hampshire","2020-21","90.8","10242","57",">=. §","NULL","Voluntary response"
"4259","Exemption","Non-Medical Exemption","States","New Mexico","2020-21","0.8","20589","100","†","166","Census"
"4260","Exemption","Non-Medical Exemption","States","District of Columbia","2020-21","0.3","8262","100","†","25","Census"
"4261","Exemption","Non-Medical Exemption","States","Wyoming","2020-21","NR","6923","100","†","NULL","Census"
"4262","Exemption","Non-Medical Exemption","States","Illinois","2020-21","NR","NULL","NULL","†","NULL","Not Conducted"
"4263","Exemption","Non-Medical Exemption","States","Texas","2021-22","2.7","389037","99.3","||","10316","Census"
"4264","Exemption","Non-Medical Exemption","States","Ohio","2021-22","2.8","139077","91.9","||","3933","Census (pub.), vol. response (pvt.)"
"4265","Exemption","Non-Medical Exemption","States","Missouri","2021-22","2.8","71034","100",">=. †. §","1997","Census"
"4266","Exemption","Non-Medical Exemption","States","Pennsylvania","2021-22","3","139558","94.9","NULL","4178","Census (pub.), vol. response (pvt.)"
"4267","Exemption","Non-Medical Exemption","States","Colorado","2021-22","3","66900","97.5",">=. §. ||","2036","Census"
"4268","Exemption","Non-Medical Exemption","States","New Hampshire","2021-22","3.2","12157","100","†","390","Census"
"4269","Exemption","Non-Medical Exemption","States","South Carolina","2021-22","3.2","58276","100","†","1870","Census"
"4270","Exemption","Non-Medical Exemption","States","Vermont","2021-22","3.2","6126","100","†","196","Census"
"4271","Exemption","Non-Medical Exemption","States","Oklahoma","2021-22","3.3","54042","84.3","NULL","1779","Vol. response"
"4272","Exemption","Non-Medical Exemption","States","Hawaii","2021-22","3.3","13368","6.7","†","442","Stratified 2-stage cluster sample"
"4273","Exemption","Non-Medical Exemption","States","South Dakota","2021-22","3.4","12251","100","†","416","Census"
"4274","Exemption","Non-Medical Exemption","States","Florida","2021-22","3.5","229432","97.8","†","8084","Census"
"4275","Exemption","Non-Medical Exemption","States","Minnesota","2021-22","3.6","69403","98.7",">=. §. ||","2504","Census"
"4276","Exemption","Non-Medical Exemption","States","Wyoming","2021-22","3.7","7382","100","†","274","Census"
"4277","Exemption","Non-Medical Exemption","States","Alaska","2021-22","4.1","9790","76.2","†. ‡‡","401","Vol. response (pub.), not conducted (pvt.)"
"4278","Exemption","Non-Medical Exemption","States","Michigan","2021-22","4.3","114251","100","NULL","4925","Census"
"4279","Exemption","Non-Medical Exemption","States","Nevada","2021-22","4.4","36855","99.2","†","1615","Census (pub.), vol. response (pvt.)"
"4280","Exemption","Non-Medical Exemption","States","Georgia","2021-22","4.5","118742","100","†","5378","Census"
"4281","Exemption","Non-Medical Exemption","States","North Dakota","2021-22","5.1","10755","96.6","NULL","546","Census"
"4282","Exemption","Non-Medical Exemption","States","Wisconsin","2021-22","6","64275","96.8","NULL","3873","Census (pub.), vol. response (pvt.)"
"4283","Exemption","Non-Medical Exemption","States","Arizona","2021-22","6.5","83463","97","‡","5405","Census"
"4284","Exemption","Non-Medical Exemption","States","Oregon","2021-22","6.9","41538","100","||","2852","Census"
"4285","Exemption","Non-Medical Exemption","States","Utah","2021-22","7.1","48995","100","NULL","3477","Census"
"4286","Exemption","Non-Medical Exemption","States","Idaho","2021-22","9.2","23854","99.6","||","2206","Census"
"4287","Exemption","Non-Medical Exemption","States","Maine","2021-22","0.3","12881","91.6","NULL","33","Census"
"4288","Exemption","Non-Medical Exemption","States","District of Columbia","2021-22","0.5","8959","100","†","42","Census"
"4289","Exemption","Non-Medical Exemption","States","Maine","2022-23","0.1","12403","93.9","NULL","15","Census"
"4290","Exemption","Non-Medical Exemption","States","Georgia","2023-24","3.5","136943","100","†","4826","Census"
"4291","Exemption","Non-Medical Exemption","States","Texas","2023-24","3.6","381421","92.4","||","13910","Census (pub.), vol. response (prv.)"
"4292","Hepatitis B","","States","Ohio","2019-20","94.9","139103","98.8","NULL","NULL","Census"
"4293","Hepatitis B","","States","Minnesota","2019-20","95.1","71223","98.7","§","NULL","Census"
"4294","Hepatitis B","","States","South Dakota","2019-20","95.4","12367","99.8","NULL","NULL","Census"
"4295","Hepatitis B","","States","Wisconsin","2019-20","95.7","67391","2.6","†.‡.§","NULL","Stratified 2-stage cluster sample"
"4296","Hepatitis B","","States","West Virginia","2019-20","99.7","17114","49.6","¶","NULL","Voluntary response"
"4297","Hepatitis B","","States","Mississippi","2019-20","99.1","37870","100","≥.*","NULL","Census"
"4298","Hepatitis B","","States","New York","2019-20","98.6","234165","99.9","NULL","NULL","Census"
"4299","Hepatitis B","","States","Rhode Island","2019-20","98.5","11219","98.5","*.‡.§","NULL","Census"
"4300","Hepatitis B","","States","Maryland","2019-20","98.3","72443","98.3","‡","NULL","Census (public). voluntary response (private)"
"4301","Hepatitis B","","States","Massachusetts","2019-20","98","66756","100","*.‡","NULL","Census"
"4302","Hepatitis B","","States","Louisiana","2019-20","98","59685","100","*","NULL","Census"
"4303","Hepatitis B","","States","New Mexico","2019-20","97.7","23087","100","*","NULL","Census"
"4304","Hepatitis B","","States","California","2019-20","97.4","566155","97.9","‡","NULL","Census"
"4305","Hepatitis B","","States","Texas","2019-20","97.4","398680","99.6","‡.§","NULL","Census"
"4306","Hepatitis B","","States","Nebraska","2019-20","97.3","26893","96.7","‡.‡‡","NULL","Census"
"4307","Hepatitis B","","States","Mississippi","2020-21","98.9","34028","100",">=.*","NULL","Census"
"4308","Hepatitis B","","States","Louisiana","2020-21","98.5","61912","100","*","NULL","Census"
"4309","Hepatitis B","","States","NY-City of New York","2020-21","98.5","91920","94.2","NULL","NULL","Census (public). voluntary response (private)"
"4310","Hepatitis B","","States","Rhode Island","2020-21","98.3","10402","93","‡.§","NULL","Census"
"4311","Hepatitis B","","States","Nevada","2020-21","97.4","34171","94.7","NULL","NULL","Census (public). voluntary response (private)"
"4312","Hepatitis B","","States","Massachusetts","2020-21","97.2","60724","100","*.‡","NULL","Census"
"4313","Hepatitis B","","States","Tennessee","2020-21","97.1","73819","100","*.§","NULL","Census"
"4314","Hepatitis B","","States","California","2020-21","97","498214","97.5","‡","NULL","Census"
"4315","Hepatitis B","","States","New Mexico","2020-21","96.9","20589","100","*","NULL","Census"
"4316","Hepatitis B","","States","Pennsylvania","2020-21","96.8","129307","95","NULL","NULL","Census (public). voluntary response (private)"
"4317","Hepatitis B","","States","Texas","2020-21","96.7","377840","98.9","‡.§","NULL","Census"
"4318","Hepatitis B","","States","Nebraska","2020-21","96.6","25681","94.8","‡","NULL","Census (public). voluntary response (private)"
"4319","Hepatitis B","","States","Michigan","2020-21","96.5","106657","100","*","NULL","Census"
"4320","Hepatitis B","","States","Vermont","2020-21","96.3","5535","100","*","NULL","Census"
"4321","Hepatitis B","","States","North Carolina","2020-21","96.2","120995","89","‡.§","NULL","Census (public). voluntary response (private)"
"4322","Hepatitis B","","States","Connecticut","2020-21","96.1","34396","100","*","NULL","Census"
"4323","Hepatitis B","","States","Arkansas","2020-21","95.9","37540","95.6","‡","NULL","Census (public). voluntary response (private)"
"4324","Hepatitis B","","States","Oklahoma","2020-21","95.8","52656","90","‡.§","NULL","Census (public). voluntary response (private)"
"4325","Hepatitis B","","States","South Dakota","2020-21","95.5","11512","99.9","NULL","NULL","Census"
"4326","Hepatitis B","","States","Missouri","2020-21","95.3","63093","100","*","NULL","Census"
"4327","Hepatitis B","","States","South Carolina","2020-21","95.3","56330","26.5","†","NULL","Stratified 1-stage cluster sample"
"4328","Hepatitis B","","States","Indiana","2020-21","95.3","78694","71.4","§","NULL","Voluntary response"
"4329","Hepatitis B","","States","Kansas","2020-21","95.2","34687","32.7","†.‡.§","NULL","Stratified 2-stage cluster sample"
"4330","Hepatitis B","","States","North Dakota","2020-21","95","10116","99.1","NULL","NULL","Census"
"4331","Hepatitis B","","States","Washington","2020-21","94.9","74931","100","§","NULL","Census"
"4332","Exemption","Non-Medical Exemption","States","Pennsylvania","2022-23","3.5","137259","97.2","NULL","4716","Census (pub.), vol. response (pvt.)"
"4333","Exemption","Non-Medical Exemption","States","Ohio","2022-23","3.6","134893","93.7","||","4852","Census (pub.), vol. response (pvt.)"
"4334","Exemption","Non-Medical Exemption","States","Missouri","2022-23","3.6","69126","100",">=. †. §","2523","Census"
"4335","Exemption","Non-Medical Exemption","States","Georgia","2022-23","3.7","123771","100","†","4536","Census"
"4336","Exemption","Non-Medical Exemption","States","South Carolina","2022-23","3.9","58878","100","†","2281","Census"
"4337","Hepatitis B","","States","Oregon","2020-21","94","39568","100","*.‡","NULL","Census"
"4338","Exemption","Non-Medical Exemption","States","Oklahoma","2022-23","4.3","52548","89.5","NULL","2261","Census (pub.), vol. response (pvt.)"
"4339","Exemption","Non-Medical Exemption","States","Minnesota","2022-23","4.3","68152","97.9",">=. §. ||","2948","Census"
"4340","Exemption","Non-Medical Exemption","States","Wyoming","2022-23","4.6","7060","100","†","323","Census"
"4341","Exemption","Non-Medical Exemption","States","North Dakota","2022-23","4.9","10554","99.4","NULL","520","Census"
"4342","Exemption","Non-Medical Exemption","States","Alaska","2022-23","5","9650","88.8","†. ‡‡","478","Vol. response (pub.), not conducted (pvt.)"
"4343","Exemption","Non-Medical Exemption","States","Michigan","2022-23","5.2","113678","100","NULL","5953","Census"
"4344","Exemption","Non-Medical Exemption","States","Nevada","2022-23","5.2","34333","89.1","†","1776","Vol. response (pub.), census (pvt.)"
"4345","Exemption","Non-Medical Exemption","States","Hawaii","2022-23","5.8","13195","8.1","†","768","Stratified 2-stage cluster sample"
"4346","Exemption","Non-Medical Exemption","States","Wisconsin","2022-23","6.7","63593","93.9","NULL","4244","Census (pub.), vol. response (pvt.)"
"4347","Exemption","Non-Medical Exemption","States","Arizona","2022-23","7.4","80814","97.7","‡","5944","Census"
"4348","Exemption","Non-Medical Exemption","States","Utah","2022-23","8","46635","100","NULL","3729","Census"
"4349","Exemption","Non-Medical Exemption","States","Oregon","2022-23","8.1","40963","100","||","3321","Census"
"4350","Exemption","Non-Medical Exemption","States","Idaho","2022-23","11.5","23721","99.3","||","2733","Census"
"4351","Exemption","Non-Medical Exemption","States","Tennessee","2022-23","3","79692","100","†","2407","Census"
"4352","Exemption","Non-Medical Exemption","States","New Jersey","2022-23","3","104468","100","†","3181","Census"
"4353","Exemption","Non-Medical Exemption","States","Iowa","2022-23","2.8","39178","100","†","1105","Census"
"4354","Exemption","Non-Medical Exemption","States","Kansas","2022-23","2.6","35543","85","†","926","Census"
"4355","Exemption","Non-Medical Exemption","States","Indiana","2022-23","2.5","81307","87.5","†","2071","Vol. response (pub.), census (pvt.)"
"4356","Exemption","Non-Medical Exemption","States","North Carolina","2022-23","2.3","125679","83.1","†","2859","Vol. response"
"4357","Exemption","Non-Medical Exemption","States","Louisiana","2022-23","2.1","54314","100","NULL","1155","Census"
"4358","Exemption","Non-Medical Exemption","States","Nebraska","2022-23","2.1","23176","100","†","478","Census"
"4359","Exemption","Non-Medical Exemption","States","TX-City of Houston","2022-23","2.1","37664","98.8","||","778","Census (pub.), vol. response (pvt.)"
"4360","Exemption","Non-Medical Exemption","States","Delaware","2022-23","2","10674","9.7","†","235","Stratified 2-stage cluster sample"
"4361","Exemption","Non-Medical Exemption","States","Virginia","2022-23","1.9","93271","99.1","†","1772","Census"
"4362","Exemption","Non-Medical Exemption","States","Alabama","2022-23","1.9","59113","100","†","1101","Census"
"4363","Exemption","Non-Medical Exemption","States","Illinois","2022-23","1.9","135332","100","†. §","2538","Census"
"4364","Exemption","Non-Medical Exemption","States","Kentucky","2022-23","1.6","54742","96.9","†","863","Census"
"4365","Exemption","Non-Medical Exemption","States","Maryland","2022-23","1.4","59684","100","†","836","Census"
"4366","Exemption","Non-Medical Exemption","States","Rhode Island","2022-23","1.4","10532","96.5","†","143","Census"
"4367","Exemption","Non-Medical Exemption","States","New Mexico","2022-23","1.4","21068","100","†","291","Census"
"4368","Exemption","Non-Medical Exemption","States","Massachusetts","2022-23","1.2","66041","100","†","813","Census"
"4369","Exemption","Non-Medical Exemption","States","District of Columbia","2022-23","0.9","8064","100","†","74","Census"
"4370","Exemption","Non-Medical Exemption","States","Connecticut","2022-23","0.5","35580","100","†","185","Census"
"4371","Hepatitis B","","States","Indiana","2021-22","94.9","83198","75.1","§","NULL","Vol. response"
"4372","Hepatitis B","","States","Virginia","2021-22","94.9","95996","2.8","†","NULL","Stratified 2-stage cluster sample"
"4373","Hepatitis B","","States","Vermont","2021-22","95.1","6126","100","*","NULL","Census"
"4374","Hepatitis B","","States","Oklahoma","2021-22","95.2","54042","84.3","‡","NULL","Vol. response"
"4375","Hepatitis B","","States","Arkansas","2021-22","95.5","39358","96.3","NULL","NULL","Census (pub.), vol. response (pvt.)"
"4376","Hepatitis B","","States","Oklahoma","2019-20","95.1","55348","85.6","§","NULL","Voluntary response"
"4377","Hepatitis B","","States","South Carolina","2019-20","95.3","65938","27.5","†","NULL","Stratified 1-stage cluster sample"
"4378","Hepatitis B","","States","Pennsylvania","2021-22","96.3","139558","94.9","NULL","NULL","Census (pub.), vol. response (pvt.)"
"4379","Hepatitis B","","States","Connecticut","2021-22","96.5","35451","100","*","NULL","Census"
"4380","Hepatitis B","","States","North Carolina","2021-22","96.8","118191","78.5","§. ‡","NULL","Vol. response"
"4381","Hepatitis B","","States","Massachusetts","2021-22","97","65582","100","*. ‡","NULL","Census"
"4382","Hepatitis B","","States","California","2021-22","97.3","512144","98.4","‡","NULL","Census"
"4383","Hepatitis B","","States","West Virginia","2021-22","97.3","18070","85.5","‡. §","NULL","Vol. response"
"4384","Hepatitis B","","States","Nebraska","2021-22","97.7","25018","99.5","‡","NULL","Census"
"4385","Hepatitis B","","States","Louisiana","2021-22","97.8","66518","100","*","NULL","Census"
"4386","Hepatitis B","","States","Rhode Island","2021-22","98","11002","96.9","‡. §","NULL","Census"
"4387","Hepatitis B","","States","Delaware","2021-22","98.1","11181","9.5","‡","NULL","Stratified 2-stage cluster sample"
"4388","Hepatitis B","","States","NY-City of New York","2021-22","98.1","82938","99.8","NULL","NULL","Census"
"4389","Hepatitis B","","States","Mississippi","2021-22","98.6","36524","100",">=. *","NULL","Census"
"4390","Hepatitis B","","States","New York","2021-22","98.7","195377","99.3","NULL","NULL","Census"
"4391","Hepatitis B","","States","Maine","2021-22","NReq","12881","91.6","NULL","NULL","Census"
"4392","Hepatitis B","","States","Missouri","2021-22","94","71034","100","*","NULL","Census"
"4393","Hepatitis B","","States","Maryland","2021-22","93.9","53866","98.4","‡","NULL","Census"
"4394","Hepatitis B","","States","Nevada","2021-22","93.9","36855","99.2","NULL","NULL","Census (pub.), vol. response (pvt.)"
"4395","Hepatitis B","","States","Washington","2021-22","93.8","87256","97.3","§","NULL","Census (pub.), vol. response (pvt.)"
"4396","Hepatitis B","","States","Oregon","2021-22","93.8","41538","100","*. ‡","NULL","Census"
"4397","Hepatitis B","","States","New Mexico","2021-22","93.7","20736","100","*","NULL","Census"
"4398","Hepatitis B","","States","North Dakota","2021-22","93.7","10755","96.6","NULL","NULL","Census"
"4399","Hepatitis B","","States","Minnesota","2021-22","93.5","69403","98.7","NULL","NULL","Census"
"4400","Hepatitis B","","States","Arizona","2021-22","93.4","83463","97","NULL","NULL","Census"
"4401","Hepatitis B","","States","South Carolina","2021-22","93.4","58276","27.2","†","NULL","1-stage cluster sample"
"4402","Hepatitis B","","States","TX-City of Houston","2021-22","92.7","40123","99.3","‡. §","NULL","Census"
"4403","Hepatitis B","","States","Ohio","2021-22","92.7","139077","91.9","NULL","NULL","Census (pub.), vol. response (pvt.)"
"4404","Hepatitis B","","States","District of Columbia","2021-22","92.5","8959","100","*","NULL","Census"
"4405","Hepatitis B","","States","Hawaii","2021-22","92.4","13368","6.7","NULL","NULL","Stratified 2-stage cluster sample"
"4406","Hepatitis B","","States","Colorado","2021-22","92.3","66900","97.5","NULL","NULL","Census"
"4407","Hepatitis B","","States","Utah","2021-22","92","48995","100","*","NULL","Census"
"4408","Exemption","Non-Medical Exemption","States","Arkansas","2022-23","3","38358","95.8","NULL","1159","Census (pub.), vol. response (pvt.)"
"4409","Exemption","Non-Medical Exemption","States","Washington","2022-23","3.2","86284","97.9",">=. §","2757","Census"
"4410","Exemption","Non-Medical Exemption","States","New Hampshire","2022-23","3.2","11332","100","†","367","Census"
"4411","Exemption","Non-Medical Exemption","States","Vermont","2022-23","3.3","5816","100","†","194","Census"
"4412","Exemption","Non-Medical Exemption","States","Texas","2022-23","3.3","381680","98","||","12431","Census"
"4413","Exemption","Non-Medical Exemption","States","Idaho","2023-24","13.9","22376","100","||","3101","Census"
"4414","Exemption","Non-Medical Exemption","States","Arkansas","2023-24","3.4","37535","95.4","NULL","1289","Census (pub.), vol. response (prv.)"
"4415","Exemption","Non-Medical Exemption","States","Tennessee","2023-24","3.4","79323","95.8","†","2722","Census"
"4416","Exemption","Non-Medical Exemption","States","Iowa","2023-24","3.2","38611","100","†","1243","Census"
"4417","Exemption","Non-Medical Exemption","States","Nebraska","2023-24","2.8","23118","100","†","658","Census"
"4418","Exemption","Non-Medical Exemption","States","South Dakota","2022-23","4","12081","100","†","488","Census"
"4419","Exemption","Non-Medical Exemption","States","Colorado","2022-23","4","65576","97.2",">=. §. ||","2621","Census"
"4420","Exemption","Non-Medical Exemption","States","Florida","2022-23","4.1","230309","97.7","†","9495","Census"
"4421","Exemption","Non-Medical Exemption","States","Delaware","2023-24","2.4","11043","12.1","†","267","Stratified 2-stage cluster sample"
"4422","Exemption","Non-Medical Exemption","States","Illinois","2023-24","2.3","133578","100",">=. †. §","3041","Census"
"4423","Exemption","Non-Medical Exemption","States","Alabama","2023-24","2.1","54565","100","†","1144","Census"
"4424","Exemption","Non-Medical Exemption","States","Virginia","2023-24","2.1","92633","100","†","1930","Stratified 2-stage cluster sample"
"4425","Exemption","Non-Medical Exemption","States","District of Columbia","2023-24","2.1","7874","100","†","166","Census"
"4426","Exemption","Non-Medical Exemption","States","Kentucky","2023-24","2","52609","100","†","1073","Census"
"4427","Exemption","Non-Medical Exemption","States","Rhode Island","2023-24","1.5","10539","97.8","†","159","Census"
"4428","Exemption","Non-Medical Exemption","States","Maryland","2023-24","1.5","63224","100","†","942","Census"
"4429","Exemption","Non-Medical Exemption","States","New Mexico","2023-24","1.4","20699","100","†","300","Census"
"4430","Exemption","Non-Medical Exemption","States","Massachusetts","2023-24","1.2","65424","100","†","813","Census"
"4431","Exemption","Non-Medical Exemption","States","Mississippi","2023-24","0.5","36105","100","†","186","Census"
"4432","Exemption","Non-Medical Exemption","States","Maine","2023-24","0.1","12087","93","NULL","7","Census"
"4433","Exemption","Non-Medical Exemption","States","Connecticut","2023-24","0.1","36184","100","†","51","Census"
"4434","Exemption","Non-Medical Exemption","States","Iowa","2024-25","3.8","38268","100","†","1437","Census"
"4435","Exemption","Non-Medical Exemption","States","New Hampshire","2024-25","3.9","11713","100","†","457","Census"
"4436","Exemption","Non-Medical Exemption","States","Washington","2024-25","3.9","76756","97.9",">=. ||||. ¶¶","3006","Census"
"4437","Exemption","Non-Medical Exemption","States","Texas","2024-25","4","378860","97.3","||","15207","Census (pub.), vol. response (prv.)"
"4438","Hepatitis B","","States","Wyoming","2020-21","90.2","6923","100",">=.*","NULL","Census"
"4439","Hepatitis B","","States","Idaho","2020-21","90.1","22677","98.3","NULL","NULL","Census"
"4440","Hepatitis B","","States","District of Columbia","2020-21","90","8262","100","*","NULL","Census"
"4441","Hepatitis B","","States","Maryland","2020-21","89.5","65764","75.6","‡","NULL","Voluntary response"
"4442","Hepatitis B","","States","Kentucky","2020-21","89","59233","86.4","‡.§","NULL","Census (public). voluntary response (private)"
"4443","Hepatitis B","","States","Georgia","2020-21","88.5","83191","100",">=.*","NULL","Census"
"4444","Hepatitis B","","States","Wisconsin","2020-21","87.2","63486","84.5",">=.†.‡.§","NULL","Voluntary response"
"4445","Hepatitis B","","States","TX-City of Houston","2020-21","86.5","39627","94.9","‡.§","NULL","Census (public). voluntary response (private)"
"4446","Hepatitis B","","States","Montana","2020-21","0","11279","100","*","NULL","Census"
"4447","Hepatitis B","","States","Alabama","2020-21","NR","56974","100",">=. *","NULL","Census"
"4448","Hepatitis B","","States","Maine","2020-21","NReq","13477","85","NULL","NULL","Voluntary response (public). census (private)"
"4449","Hepatitis B","","States","Illinois","2020-21","NR","NULL","NULL","NULL","NULL","Not Conducted"
"4450","Hepatitis B","","States","West Virginia","2020-21","NR","NULL","NULL","NULL","NULL","Not Conducted"
"4451","Hepatitis B","","States","New York","2020-21","98.9","216804","91.5","NULL","NULL","Census (public). voluntary response (private)"
"4452","Hepatitis B","","States","Wyoming","2021-22","94.6","7382","100","*","NULL","Census"
"4453","Hepatitis B","","States","South Dakota","2021-22","94.7","12251","100","*","NULL","Census"
"4454","Hepatitis B","","States","Connecticut","2022-23","97.8","35580","100","*","NULL","Census"
"4455","Hepatitis B","","States","NY-City of New York","2022-23","97.9","85379","97.6","NULL","NULL","Census (pub.), vol. response (pvt.)"
"4456","Hepatitis B","","States","Mississippi","2022-23","98.4","36048","100",">=. *","NULL","Census"
"4457","Hepatitis B","","States","New York","2022-23","98.6","205906","96.6","NULL","NULL","Census (pub.), vol. response (pvt.)"
"4458","Hepatitis B","","States","Louisiana","2022-23","99.3","54314","100","*","NULL","Census"
"4459","Hepatitis B","","States","Texas","2021-22","95.9","389037","99.3","‡. §","NULL","Census"
"4460","Hepatitis B","","States","Michigan","2021-22","95.9","114251","100","*","NULL","Census"
"4461","Hepatitis B","","States","Kansas","2021-22","96","36526","29.5","†. ‡. §","NULL","Stratified 1-stage cluster sample"
"4462","Hepatitis B","","States","Tennessee","2021-22","96.3","79120","100","§. *","NULL","Census"
"4463","Hepatitis B","","States","Minnesota","2022-23","93.3","68152","97.9","NULL","NULL","Census"
"4464","Hepatitis B","","States","Ohio","2022-23","93","134893","93.7","NULL","NULL","Census (pub.), vol. response (pvt.)"
"4465","Hepatitis B","","States","Washington","2022-23","92.9","86284","97.9","§","NULL","Census"
"4466","Hepatitis B","","States","Oregon","2022-23","92.9","40963","100","*. ‡","NULL","Census"
"4467","Hepatitis B","","States","Arizona","2022-23","92.9","80814","97.7","NULL","NULL","Census"
"4468","Hepatitis B","","States","Wisconsin","2022-23","92.5","63593","93.9","‡","NULL","Census (pub.), vol. response (pvt.)"
"4469","Hepatitis B","","States","District of Columbia","2022-23","92.2","8064","100","*","NULL","Census"
"4470","Hepatitis B","","States","Utah","2022-23","91.9","46635","100","*","NULL","Census"
"4471","Exemption","Non-Medical Exemption","States","New Jersey","2023-24","3.7","105408","100","†","3929","Census"
"4472","Exemption","Non-Medical Exemption","States","Vermont","2023-24","3.8","5630","100","†","216","Census"
"4473","Exemption","Non-Medical Exemption","States","Washington","2023-24","3.9","84053","97.2",">=. ||||. ¶¶","3276","Census"
"4474","Exemption","Non-Medical Exemption","States","New Hampshire","2023-24","3.9","11871","100","†","458","Census"
"4475","Exemption","Non-Medical Exemption","States","Ohio","2023-24","4","133716","94","||","5377","Census (pub.), vol. response (prv.)"
"4476","Exemption","Non-Medical Exemption","States","Colorado","2023-24","4","61662","100",">=. §. ||","2479","Census"
"4477","Exemption","Non-Medical Exemption","States","South Carolina","2023-24","4.2","58069","100","†","2448","Census"
"4478","Exemption","Non-Medical Exemption","States","Florida","2023-24","4.5","228213","100","†","10302","Census"
"4479","Exemption","Non-Medical Exemption","States","Missouri","2023-24","4.5","69014","100",">=. †. §","3094","Census"
"4480","Exemption","Non-Medical Exemption","States","Pennsylvania","2023-24","4.7","137593","96.5","NULL","6439","Census"
"4481","Exemption","Non-Medical Exemption","States","Minnesota","2023-24","5.2","66032","99.1",">=. §. ||","3456","Census"
"4482","Exemption","Non-Medical Exemption","States","Hawaii","2023-24","5.3","13995","8.2","†","745","Stratified 2-stage cluster sample"
"4483","Exemption","Non-Medical Exemption","States","South Dakota","2023-24","5.4","11744","99.8","†","637","Census"
"4484","Exemption","Non-Medical Exemption","States","Wyoming","2023-24","5.4","6754","100","†","364","Census"
"4485","Exemption","Non-Medical Exemption","States","Michigan","2023-24","5.4","110156","100","NULL","5922","Census"
"4486","Exemption","Non-Medical Exemption","States","Oklahoma","2023-24","5.5","49979","93.8","NULL","2768","Census (pub.), vol. response (prv.)"
"4487","Exemption","Non-Medical Exemption","States","Wisconsin","2023-24","6.2","62028","98.2",">=. ||||. ¶¶","3833","Census"
"4488","Exemption","Non-Medical Exemption","States","Nevada","2023-24","6.2","31261","91.3","†","1942","Census"
"4489","Exemption","Non-Medical Exemption","States","North Dakota","2023-24","6.3","9708","97.5","NULL","611","Census"
"4490","Exemption","Non-Medical Exemption","States","Arizona","2023-24","8.1","74834","99.6","‡","6078","Census"
"4491","Exemption","Non-Medical Exemption","States","Oregon","2023-24","8.8","39568","100","||","3486","Census"
"4492","Exemption","Non-Medical Exemption","States","Utah","2023-24","9.1","46228","100","NULL","4218","Census"
"4493","Exemption","Non-Medical Exemption","States","Alaska","2023-24","9.2","8644","88.9","†. ‡‡","794","Census (pub.), not conducted (prv.)"
"4494","Exemption","Non-Medical Exemption","States","Rhode Island","2024-25","1.7","10088","96.7","†","172","Census"
"4495","Exemption","Non-Medical Exemption","States","Massachusetts","2024-25","1.3","65581","100","†","870","Census"
"4496","Exemption","Non-Medical Exemption","States","Mississippi","2024-25","1.1","35293","100","†","394","Census"
"4497","Exemption","Non-Medical Exemption","States","Connecticut","2024-25","0.1","30112","100","<. †","6","Census"
"4498","Exemption","Non-Medical Exemption","States","NY-City of New York","2024-25",NA,"85986","96.9","†. ‡","NULL","Census (pub.), vol. response (prv.)"
"4499","Exemption","Non-Medical Exemption","States","North Carolina","2023-24","2.8","125964","90.8","†","3466","Census (pub.), vol. response (prv.)"
"4500","Exemption","Non-Medical Exemption","States","Kansas","2023-24","2.7","34178","83.9","†","937","Census"
"4501","Exemption","Non-Medical Exemption","States","Louisiana","2023-24","2.7","51839","100","NULL","1406","Census"
"4502","Exemption","Non-Medical Exemption","States","TX-City of Houston","2023-24","2.4","37882","67.7","||","928","Vol. response"
"4503","Exemption","Non-Medical Exemption","States","Indiana","2023-24","2.4","80639","88.5","†","1899","Census (pub.), vol. response (prv.)"
"4504","Hepatitis B","","States","New Hampshire","2021-22","88.7","12157","100",">=. §. *","NULL","Census"
"4505","Hepatitis B","","States","Idaho","2021-22","88.2","23854","99.6","NULL","NULL","Census"
"4506","Hepatitis B","","States","Kentucky","2021-22","87.7","59233","91.5",">=. ‡. §","NULL","Census"
"4507","Hepatitis B","","States","Georgia","2021-22","83.2","118742","100",">=. *","NULL","Census"
"4508","Hepatitis B","","States","Wisconsin","2021-22","82.6","64275","96.8",">=. ‡","NULL","Census (pub.), vol. response (pvt.)"
"4509","Hepatitis B","","States","Alaska","2021-22","79.8","9790","76.2","¶","NULL","Vol. response (pub.), not conducted (pvt.)"
"4510","Hepatitis B","","States","Alabama","2021-22","NReq","60332","100",">=. *","NULL","Census"
"4511","Hepatitis B","","States","Illinois","2021-22","NReq","137699","100","*","NULL","Census"
"4512","Hepatitis B","","States","Montana","2021-22","NReq","NULL","NULL","NULL","NULL","Not Conducted"
"4513","Hepatitis B","","States","New Jersey","2021-22","94.1","104240","100",">=. §. *","NULL","Census"
"4514","Hepatitis B","","States","TX-City of Houston","2022-23","94.3","37664","98.8","‡. §","NULL","Census (pub.), vol. response (pvt.)"
"4515","Hepatitis B","","States","New Jersey","2022-23","94.3","104468","100",">=. §. *","NULL","Census"
"4516","Hepatitis B","","States","Indiana","2022-23","94.4","81307","87.5","§","NULL","Vol. response (pub.), census (pvt.)"
"4517","Hepatitis B","","States","Virginia","2022-23","94.5","93271","1.6","†","NULL","Stratified 2-stage cluster sample"
"4518","Hepatitis B","","States","South Dakota","2022-23","94.5","12081","100","*","NULL","Census"
"4519","Hepatitis B","","States","Arkansas","2022-23","94.6","38358","95.8","NULL","NULL","Census (pub.), vol. response (pvt.)"
"4520","Hepatitis B","","States","Michigan","2022-23","95.1","113678","100","*","NULL","Census"
"4521","Hepatitis B","","States","North Carolina","2022-23","95.3","125679","83.1","§. ‡","NULL","Vol. response"
"4522","Hepatitis B","","States","Pennsylvania","2022-23","95.3","137259","97.2","NULL","NULL","Census (pub.), vol. response (pvt.)"
"4523","Hepatitis B","","States","Vermont","2022-23","95.3","5816","100","*","NULL","Census"
"4524","Hepatitis B","","States","West Virginia","2022-23","95.6","19175","86.1",">=. ‡. §","NULL","Vol. response (pub.), census (pvt.)"
"4525","Hepatitis B","","States","Delaware","2022-23","95.6","10674","9.7","‡","NULL","Stratified 2-stage cluster sample"
"4526","Hepatitis B","","States","Texas","2022-23","95.8","381680","98","‡. §","NULL","Census"
"4527","Hepatitis B","","States","Tennessee","2022-23","95.8","79692","100","§. *","NULL","Census"
"4528","Hepatitis B","","States","Kansas","2022-23","96.3","35543","30.8","†. ‡. §","NULL","Stratified 1-stage cluster sample"
"4529","Hepatitis B","","States","New Mexico","2022-23","96.5","21068","100","*","NULL","Census"
"4530","Hepatitis B","","States","Nebraska","2022-23","96.8","23176","100","*. ‡","NULL","Census"
"4531","Hepatitis B","","States","Maryland","2022-23","97","59684","100","*. ‡","NULL","Census"
"4532","Hepatitis B","","States","California","2022-23","97.3","541132","100","‡","NULL","Census"
"4533","Hepatitis B","","States","Massachusetts","2022-23","97.3","66041","100","*. ‡","NULL","Census"
"4534","Hepatitis B","","States","Rhode Island","2022-23","97.8","10532","96.5","‡. §","NULL","Census"
"4535","Hepatitis B","","States","Colorado","2023-24","91.1","61662","100","*","NULL","Census"
"4536","Hepatitis B","","States","Hawaii","2023-24","91.1","13995","8.2","NULL","NULL","Stratified 2-stage cluster sample"
"4537","Hepatitis B","","States","Utah","2023-24","90.9","46228","100","*","NULL","Census"
"4538","Exemption","Non-Medical Exemption","States","Colorado","2024-25","4.1","60055","100",">=. §. ||","2453","Census"
"4539","Exemption","Non-Medical Exemption","States","South Carolina","2024-25","4.5","57718","100","†","2601","Census"
"4540","Exemption","Non-Medical Exemption","States","Ohio","2024-25","4.5","131589","93.2","||","5905","Census (pub.), vol. response (prv.)"
"4541","Hepatitis B","","States","Nevada","2022-23","94.2","34333","89.1","NULL","NULL","Vol. response (pub.), census (pvt.)"
"4542","Hepatitis B","","States","Oklahoma","2022-23","94.1","52548","89.5","‡","NULL","Census (pub.), vol. response (pvt.)"
"4543","Hepatitis B","","States","Wyoming","2022-23","94.1","7060","100","*","NULL","Census"
"4544","Hepatitis B","","States","South Carolina","2022-23","93.8","58878","28.1","†","NULL","Stratified 1-stage cluster sample"
"4545","Hepatitis B","","States","Missouri","2022-23","93.7","69126","100","*","NULL","Census"
"4546","Hepatitis B","","States","North Dakota","2022-23","93.7","10554","99.4","NULL","NULL","Census"
"4547","Exemption","Non-Medical Exemption","States","Wisconsin","2024-25","6.3","61120","95.7",">=. ||||. ¶¶","3881","Census (pub.), vol. response (prv.)"
"4548","Exemption","Non-Medical Exemption","States","Michigan","2024-25","6.5","107636","100","NULL","7029","Census"
"4549","Exemption","Non-Medical Exemption","States","Nevada","2024-25","6.7","33272","92.6","†","2222","Census (pub.), vol. response (prv.)"
"4550","Exemption","Non-Medical Exemption","States","North Dakota","2024-25","6.7","9659","98.8","NULL","649","Census"
"4551","Exemption","Non-Medical Exemption","States","South Dakota","2024-25","6.7","11367","99.3","†","761","Census"
"4552","Exemption","Non-Medical Exemption","States","Arizona","2024-25","9","75024","97.4","‡","6784","Census"
"4553","Exemption","Non-Medical Exemption","States","Alaska","2024-25","9","7338","99.8","†. ‡‡","660","Census (pub.), not conducted (prv.)"
"4554","Exemption","Non-Medical Exemption","States","Oregon","2024-25","9.7","38247","100","||","3715","Census"
"4555","Exemption","Non-Medical Exemption","States","Utah","2024-25","10","45818","100","NULL","4591","Census"
"4556","Exemption","Non-Medical Exemption","States","Idaho","2024-25","15.1","22242","99.5","||","3363","Census"
"4557","Exemption","Non-Medical Exemption","States","Vermont","2024-25","3.7","5432","100","†","201","Census"
"4558","Exemption","Non-Medical Exemption","States","Tennessee","2024-25","3.7","78299","96.7","†","2884","Census"
"4559","Exemption","Non-Medical Exemption","States","Arkansas","2024-25","3.5","37570","96.4","NULL","1324","Census (pub.), vol. response (prv.)"
"4560","Exemption","Non-Medical Exemption","States","Nebraska","2024-25","3.5","24102","100","†","844","Census"
"4561","Exemption","Non-Medical Exemption","States","Kansas","2024-25","3.3","33892","81.6","†","1115","Census"
"4562","Exemption","Non-Medical Exemption","States","North Carolina","2024-25","3.1","124028","91","†","3803","Census (pub.), vol. response (prv.)"
"4563","Exemption","Non-Medical Exemption","States","Louisiana","2024-25","3","49229","100","NULL","1458","Census"
"4564","Exemption","Non-Medical Exemption","States","Delaware","2024-25","2.6","10393","14.2","†","273","2-stage cluster sample (pub.), nonrandom 2-stage cluster sample (prv.)"
"4565","Exemption","Non-Medical Exemption","States","Indiana","2024-25","2.6","73744","92.7","†. ||||","1904","Census (pub.), vol. response (prv.)"
"4566","Exemption","Non-Medical Exemption","States","Illinois","2024-25","2.5","132769","99.5",">=. †. §","3377","Census"
"4567","Exemption","Non-Medical Exemption","States","District of Columbia","2024-25","2.5","7997","100","†","197","Census"
"4568","Exemption","Non-Medical Exemption","States","Virginia","2024-25","2.4","91453","98","†","2131","Census"
"4569","Exemption","Non-Medical Exemption","States","TX-City of Houston","2024-25","2.2","36981","98.8","||","830","Census (pub.), vol. response (prv.)"
"4570","Exemption","Non-Medical Exemption","States","Alabama","2024-25","2.2","53589","99.9","†","1169","Census"
"4571","Exemption","Non-Medical Exemption","States","Kentucky","2024-25","2","51319","100","†","1041","Census"
"4572","Exemption","Non-Medical Exemption","States","New Mexico","2024-25","1.9","20180","100","†","382","Census"
"4573","Exemption","Non-Medical Exemption","States","Maryland","2024-25","1.7","66135","95.6","†","1126","Census (pub.), vol. response (prv.)"
"4574","Hepatitis B","","States","Hawaii","2022-23","88.7","13195","8.1","NULL","NULL","Stratified 2-stage cluster sample"
"4575","Hepatitis B","","States","Georgia","2022-23","88.1","123771","100",">=. *","NULL","Census"
"4576","Hepatitis B","","States","Idaho","2022-23","86.3","23721","99.3","NULL","NULL","Census"
"4577","Hepatitis B","","States","Alaska","2022-23","85.5","9650","88.8","¶","NULL","Vol. response (pub.), not conducted (pvt.)"
"4578","Hepatitis B","","States","Maine","2022-23","NReq","12403","93.9","NULL","NULL","Census"
"4579","Hepatitis B","","States","Alabama","2022-23","NReq","59113","100",">=. *","NULL","Census"
"4580","Hepatitis B","","States","Wyoming","2023-24","93.6","6754","100","*","NULL","Census"
"4581","Exemption","Non-Medical Exemption","States","New York","2024-25",NA,"234054","85.1","†. ‡","NULL","Vol. response"
"4582","Exemption","Non-Medical Exemption","States","Maine","2024-25",NA,"11761","95.4","†. ‡","NULL","Census"
"4583","Exemption","Non-Medical Exemption","States","California","2024-25",NA,"590849","100","†. ‡","NULL","Census"
"4584","Exemption","Non-Medical Exemption","States","Iowa","2025-26","4.8","37490","100","�","1792","Census"
"4585","Exemption","Non-Medical Exemption","States","Georgia","2025-26","5","118864","100","�","6002","Census"
"4586","Hepatitis B","","States","Florida","2021-22","91.7","229432","97.8",">=. §","NULL","Census"
"4587","Hepatitis B","","States","Iowa","2021-22","90.6","40111","100",">=. *","NULL","Census"
"4588","Hepatitis B","","States","Nebraska","2023-24","95.7","23118","100","*. ‡","NULL","Census"
"4589","Hepatitis B","","States","Texas","2023-24","95.7","381421","92.4","‡. §","NULL","Census (pub.), vol. response (prv.)"
"4590","Hepatitis B","","States","TX-City of Houston","2023-24","95.8","37882","67.7","‡. §","NULL","Vol. response"
"4591","Hepatitis B","","States","Louisiana","2023-24","95.9","51839","100","*","NULL","Census"
"4592","Hepatitis B","","States","Kansas","2023-24","96.1","34178","37.1","†. ‡. §","NULL","Stratified 2-stage cluster sample"
"4593","Hepatitis B","","States","New Mexico","2023-24","96.7","20699","100","*","NULL","Census"
"4594","Hepatitis B","","States","Maryland","2023-24","96.9","63224","100",">=. *. ‡","NULL","Census"
"4595","Hepatitis B","","States","California","2023-24","97.2","569680","100","*. ‡","NULL","Census"
"4596","Hepatitis B","","States","Massachusetts","2023-24","97.3","65424","100","*. ‡","NULL","Census"
"4597","Hepatitis B","","States","NY-City of New York","2023-24","97.5","85360","99.3","NULL","NULL","Census"
"4598","Hepatitis B","","States","Mississippi","2023-24","97.5","36105","100",">=. *","NULL","Census"
"4599","Hepatitis B","","States","Rhode Island","2023-24","97.9","10539","97.8","‡. §","NULL","Census"
"4600","Hepatitis B","","States","New York","2023-24","98.3","200894","98.8","NULL","NULL","Census"
"4601","Hepatitis B","","States","Connecticut","2023-24","98.4","36184","100","*","NULL","Census"
"4602","Hepatitis B","","States","West Virginia","2023-24","98.8","18261","82.8","‡. §","NULL","Vol. response"
"4603","Hepatitis B","","States","Nevada","2023-24","93.4","31261","91.3","NULL","NULL","Census"
"4604","Hepatitis B","","States","Indiana","2023-24","93.3","80639","88.5","§","NULL","Census (pub.), vol. response (prv.)"
"4605","Hepatitis B","","States","Missouri","2023-24","93.3","69014","100","*","NULL","Census"
"4606","Hepatitis B","","States","North Dakota","2023-24","93.3","9708","97.5","NULL","NULL","Census"
"4607","Hepatitis B","","States","New Jersey","2023-24","93.2","105408","100",">=. §. *","NULL","Census"
"4608","Hepatitis B","","States","Oklahoma","2023-24","93.1","49979","93.8","‡","NULL","Census (pub.), vol. response (prv.)"
"4609","Hepatitis B","","States","Ohio","2023-24","93","133716","94","NULL","NULL","Census (pub.), vol. response (prv.)"
"4610","Hepatitis B","","States","Oregon","2023-24","92.9","39568","100","*. ‡","NULL","Census"
"4611","Hepatitis B","","States","Arizona","2023-24","92.8","74834","99.6","NULL","NULL","Census"
"4612","Hepatitis B","","States","South Carolina","2023-24","92.8","58069","26.7","†","NULL","Stratified 1-stage cluster sample"
"4613","Hepatitis B","","States","Washington","2023-24","92.8","84053","97.2","§","NULL","Census"
"4614","Hepatitis B","","States","Minnesota","2023-24","92.4","66032","99.1","NULL","NULL","Census"
"4615","Hepatitis B","","States","Wisconsin","2023-24","91.7","62028","98.2","‡. §","NULL","Census"
"4616","Exemption","Non-Medical Exemption","States","Wisconsin","2025-26","7.3","59360","96.6",">=. ||||. ��","4314","Census (pub.), vol. response (prv.)"
"4617","Exemption","Non-Medical Exemption","States","Michigan","2025-26","7.5","104614","100","NULL","7818","Census"
"4618","Exemption","Non-Medical Exemption","States","North Dakota","2025-26","8","9344","98.6","NULL","745","Census"
"4619","Exemption","Non-Medical Exemption","States","Alaska","2025-26","8.2","8253","60.9","�. ��","675","Vol. response (public), not conducted (private)"
"4620","Exemption","Non-Medical Exemption","States","Nevada","2025-26","8.3","32815","93.6","�","2729","Census (pub.), vol. response (prv.)"
"4621","Exemption","Non-Medical Exemption","States","Arizona","2025-26","10.4","73907","92.5","�","7720","Census (pub.), vol. response (prv.)"
"4622","Exemption","Non-Medical Exemption","States","Oregon","2025-26","10.9","37309","100","||","4060","Census"
"4623","Exemption","Non-Medical Exemption","States","New Jersey","2024-25","4.6","104339","100","†","4790","Census"
"4624","Exemption","Non-Medical Exemption","States","Georgia","2024-25","4.7","114568","100","†","5441","Census"
"4625","Exemption","Non-Medical Exemption","States","Florida","2024-25","4.8","221053","100","†","10556","Census"
"4626","Exemption","Non-Medical Exemption","States","Missouri","2024-25","5","68163","100",">=. †. §","3397","Census"
"4627","Exemption","Non-Medical Exemption","States","Oklahoma","2024-25","5.4","47544","86.7","NULL","2589","Vol. response"
"4628","Exemption","Non-Medical Exemption","States","Hawaii","2024-25","5.5","13804","10.5","NULL","744","Stratified 2-stage cluster sample"
"4629","Exemption","Non-Medical Exemption","States","Pennsylvania","2024-25","5.6","140160","95.3","NULL","7878","Census (pub.), vol. response (prv.)"
"4630","Exemption","Non-Medical Exemption","States","Wyoming","2024-25","5.7","6564","100","†","371","Census"
"4631","Exemption","Non-Medical Exemption","States","Minnesota","2024-25","5.8","64898","99.7",">=. §. ||","3735","Census"
"4632","Exemption","Non-Medical Exemption","States","Maryland","2025-26","2.1","66945","97.8","�","1406","Census (pub.), vol. response (prv.)"
"4633","Exemption","Non-Medical Exemption","States","Delaware","2025-26","2.1","10729","12.9","�","229","2-stage cluster sample (pub.), nonrandom 2-stage cluster sample (prv.)"
"4634","Exemption","Non-Medical Exemption","States","Kentucky","2025-26","2.4","49937","100","�","1219","Census"
"4635","Exemption","Non-Medical Exemption","States","TX-City of Houston","2025-26","2.7","36071","94.6","||","976","Census (pub.), vol. response (prv.)"
"4636","Exemption","Non-Medical Exemption","States","Virginia","2025-26","2.7","88950","95.7","�","2417","Census"
"4637","Exemption","Non-Medical Exemption","States","Alabama","2025-26","2.9","53378","100","�","1563","Census"
"4638","Exemption","Non-Medical Exemption","States","Illinois","2025-26","3.1","128598","99.8",">=. �. �","3989","Census"
"4639","Exemption","Non-Medical Exemption","States","District of Columbia","2025-26","3.1","7871","100","�","247","Census"
"4640","Exemption","Non-Medical Exemption","States","Indiana","2025-26","3.4","70886","87.1","�. ||||","2442","Vol. response"
"4641","Exemption","Non-Medical Exemption","States","Vermont","2025-26","3.6","5298","100","�","192","Census"
"4642","Exemption","Non-Medical Exemption","States","North Carolina","2025-26","3.8","120045","90.1","�","4543","Census (pub.), vol. response (prv.)"
"4643","Exemption","Non-Medical Exemption","States","Louisiana","2025-26","3.8","50223","100","NULL","1933","Census"
"4644","Exemption","Non-Medical Exemption","States","Nebraska","2025-26","3.9","23807","100","�","936","Census"
"4645","Exemption","Non-Medical Exemption","States","Kansas","2025-26","4.1","33420","84.1","�","1379","Census"
"4646","Exemption","Non-Medical Exemption","States","Washington","2025-26","4.4","75631","99.1",">=. ||||. ��","3364","Census"
"4647","Exemption","Non-Medical Exemption","States","Arkansas","2025-26","4.5","35543","96.7","NULL","1615","Census (pub.), vol. response (prv.)"
"4648","Exemption","Non-Medical Exemption","States","Colorado","2025-26","4.5","60049","100",">=. �. ||","2716","Census"
"4649","Exemption","Non-Medical Exemption","States","Tennessee","2025-26","4.6","73415","97.4","�","3397","Census"
"4650","Hepatitis B","","States","Colorado","2022-23","90.9","65576","97.2","NULL","NULL","Census"
"4651","Hepatitis B","","States","Kentucky","2022-23","90.7","54742","96.9",">=. ‡. §","NULL","Census"
"4652","Hepatitis B","","States","Florida","2022-23","90.6","230309","97.7",">=","NULL","Census"
"4653","Hepatitis B","","States","Iowa","2022-23","89.9","39178","100",">=. *","NULL","Census"
"4654","Hepatitis B","","States","New Hampshire","2022-23","89.4","11332","100",">=. §. *","NULL","Census"
"4655","Hepatitis B","","States","Delaware","2024-25","95.7","10393","14.2","‡","NULL","2-stage cluster sample (pub.), nonrandom 2-stage cluster sample (prv.)"
"4656","Hepatitis B","","States","Nebraska","2024-25","95.9","24102","100","*. ‡","NULL","Census"
"4657","Hepatitis B","","States","New Mexico","2024-25","96.3","20180","100","*","NULL","Census"
"4658","Hepatitis B","","States","Kansas","2024-25","96.4","33892","29.2","†. ‡. §","NULL","Stratified 2-stage cluster sample"
"4659","Hepatitis B","","States","Maryland","2024-25","96.8","66135","95.6","‡","NULL","Census (pub.), vol. response (prv.)"
"4660","Hepatitis B","","States","Louisiana","2024-25","97.1","49229","100","*","NULL","Census"
"4661","Hepatitis B","","States","Virginia","2023-24","93.7","92633","1.9","†","NULL","Stratified 2-stage cluster sample"
"4662","Hepatitis B","","States","Delaware","2023-24","93.8","11043","12.1",">=. ‡","NULL","Stratified 2-stage cluster sample"
"4663","Hepatitis B","","States","District of Columbia","2023-24","93.9","7874","100","*","NULL","Census"
"4664","Hepatitis B","","States","South Dakota","2023-24","94.1","11744","99.8","§","NULL","Census"
"4665","Hepatitis B","","States","Michigan","2023-24","94.8","110156","100","*","NULL","Census"
"4666","Hepatitis B","","States","North Carolina","2023-24","94.8","125964","90.8","§","NULL","Census (pub.), vol. response (prv.)"
"4667","Hepatitis B","","States","Pennsylvania","2023-24","94.8","137593","96.5","NULL","NULL","Census"
"4668","Hepatitis B","","States","Arkansas","2023-24","94.9","37535","95.4","NULL","NULL","Census (pub.), vol. response (prv.)"
"4669","Hepatitis B","","States","Vermont","2023-24","95.2","5630","100","*","NULL","Census"
"4670","Hepatitis B","","States","Tennessee","2023-24","95.3","79323","95.8","§","NULL","Census"
"4671","Hepatitis B","","States","Michigan","2024-25","92.4","107636","100","*. ‡","NULL","Census"
"4672","Hepatitis B","","States","Arizona","2024-25","92.3","75024","97.4","NULL","NULL","Census"
"4673","Hepatitis B","","States","Ohio","2024-25","92.3","131589","93.2","NULL","NULL","Census (pub.), vol. response (prv.)"
"4674","Hepatitis B","","States","Wisconsin","2024-25","92.3","61120","95.7","‡. §","NULL","Census (pub.), vol. response (prv.)"
"4675","Hepatitis B","","States","Minnesota","2024-25","92.3","64898","99.7","NULL","NULL","Census"
"4676","Hepatitis B","","States","Arkansas","2024-25","92","37570","96.4","NULL","NULL","Census (pub.), vol. response (prv.)"
"4677","Hepatitis B","","States","South Carolina","2024-25","92","57718","34.3","†","NULL","Stratified 1-stage cluster sample"
"4678","Hepatitis B","","States","Colorado","2024-25","91.3","60055","100","*. §","NULL","Census"
"4679","Hepatitis B","","States","Utah","2024-25","90.2","45818","100","*","NULL","Census"
"4680","Hepatitis B","","States","New Hampshire","2024-25","89.2","11713","100",">=. *. §","NULL","Census"
"4681","Hepatitis B","","States","Iowa","2024-25","88.8","38268","100",">=. *","NULL","Census"
"4682","Exemption","Non-Medical Exemption","States","Texas","2025-26","5","358586","98.3","||","17824","Census (pub.), vol. response (prv.)"
"4683","Exemption","Non-Medical Exemption","States","New Hampshire","2025-26","5.2","11544","100","�","600","Census"
"4684","Exemption","Non-Medical Exemption","States","Ohio","2025-26","5.5","129087","95.9","||","7089","Census (pub.), vol. response (prv.)"
"4685","Exemption","Non-Medical Exemption","States","Florida","2025-26","5.5","213535","100","�","11803","Census"
"4686","Exemption","Non-Medical Exemption","States","New Jersey","2025-26","5.6","101602","92.3","�","5687","Census"
"4687","Exemption","Non-Medical Exemption","States","South Carolina","2025-26","5.6","57542","100","�","3197","Census"
"4688","Exemption","Non-Medical Exemption","States","Pennsylvania","2025-26","5.7","134313","95.7","NULL","7720","Census (pub.), vol. response (prv.)"
"4689","Exemption","Non-Medical Exemption","States","Hawaii","2025-26","6","13791","11.7","�","833","Stratified 2-stage cluster sample"
"4690","Exemption","Non-Medical Exemption","States","Missouri","2025-26","6.1","66610","100",">=. �. �","4076","Census"
"4691","Exemption","Non-Medical Exemption","States","South Dakota","2025-26","6.8","11009","100","�","747","Census"
"4692","Exemption","Non-Medical Exemption","States","Minnesota","2025-26","6.8","63451","99.9",">=. �. ||","4293","Census"
"4693","Exemption","Non-Medical Exemption","States","Wyoming","2025-26","7.1","6146","100","�","439","Census"
"4694","Exemption","Non-Medical Exemption","States","Oklahoma","2025-26","7.2","47844","90.7","NULL","3440","Census (pub.), vol. response (prv.)"
"4695","Exemption","Any Exemption","States","New Hampshire","2009-10",NA,"NULL","NULL","NULL","NULL","Not conducted"
"4696","Exemption","Any Exemption","States","Illinois","2009-10",NA,"165845","NULL","§","NULL","Census"
"4697","Exemption","Any Exemption","States","Wyoming","2009-10",NA,"NULL","NULL","NULL","NULL","Not conducted"
"4698","Exemption","Any Exemption","States","Colorado","2009-10",NA,"NULL","NULL","NULL","NULL","Not conducted"
"4699","Exemption","Any Exemption","States","Mississippi","2009-10","0.1","46922","NULL","<. ‡. †","12","Census"
"4700","Exemption","Any Exemption","States","Alabama","2009-10","0.5","75358","NULL","‡. ¶","373","Census"
"4701","Exemption","Any Exemption","States","Rhode Island","2009-10","0.5","11818","NULL","†","60","Random sample"
"4702","Exemption","Any Exemption","States","Tennessee","2009-10","0.5","90811","NULL","††. †","421","Voluntary response"
"4703","Exemption","Non-Medical Exemption","States","Utah","2025-26","12.2","44001","100","NULL","5388","Census"
"4704","Exemption","Non-Medical Exemption","States","Idaho","2025-26","17","21728","100","||","3704","Census"
"4705","Exemption","Non-Medical Exemption","States","NY-City of New York","2025-26",NA,"82534","98.1","�. �","NULL","Census"
"4706","Exemption","Non-Medical Exemption","States","New York","2025-26",NA,"203514","95.8","�. �","NULL","Census (pub.), vol. response (prv.)"
"4707","Exemption","Non-Medical Exemption","States","Maine","2025-26",NA,"11634","94.4","�. �","NULL","Census"
"4708","Exemption","Non-Medical Exemption","States","West Virginia","2025-26",NA,"15445","93.3","�. �. ��","NULL","Census"
"4709","Exemption","Non-Medical Exemption","States","California","2025-26",NA,"614405","100","�. �","NULL","Census"
"4710","Exemption","Non-Medical Exemption","States","Connecticut","2025-26","0.1","33118","100","<. �","4","Census"
"4711","Exemption","Non-Medical Exemption","States","Massachusetts","2025-26","1.6","65331","100","�","1069","Census"
"4712","Exemption","Non-Medical Exemption","States","Mississippi","2025-26","1.9","34969","100","�","666","Census"
"4713","Exemption","Non-Medical Exemption","States","New Mexico","2025-26","2","19843","100","�","399","Census"
"4714","Exemption","Non-Medical Exemption","States","Rhode Island","2025-26","2","10123","97.1","�","202","Census"
"4715","Exemption","Any Exemption","States","Washington","2010-11",NA,"NULL","NULL","NULL","NULL",NA
"4716","Hepatitis B","","States","Kentucky","2023-24","90.8","52609","100",">=. *. ‡. §","NULL","Census"
"4717","Hepatitis B","","States","New Hampshire","2023-24","89.2","11871","100",">=. §. *","NULL","Census"
"4718","Hepatitis B","","States","Iowa","2023-24","89.1","38611","100",">=. *","NULL","Census"
"4719","Hepatitis B","","States","Georgia","2023-24","88.4","136943","100",">=. *","NULL","Census"
"4720","Hepatitis B","","States","Florida","2023-24","88.1","228213","100",">=. *","NULL","Census"
"4721","Hepatitis B","","States","Alaska","2023-24","85.6","8644","88.9","¶","NULL","Census (pub.), not conducted (prv.)"
"4722","Hepatitis B","","States","Idaho","2023-24","84.8","22376","100","*","NULL","Census"
"4723","Hepatitis B","","States","Illinois","2023-24","NReq","133578","100","*","NULL","Census"
"4724","Hepatitis B","","States","Alabama","2023-24","NReq","54565","100",">=. *","NULL","Census"
"4725","Hepatitis B","","States","Maine","2023-24","Nreq","12087","93","NULL","NULL","Census"
"4726","Hepatitis B","","States","TX-City of Houston","2024-25","93","36981","98.8","‡. §","NULL","Census (pub.), vol. response (prv.)"
"4727","Hepatitis B","","States","Indiana","2024-25","93.2","73744","92.7","§","NULL","Census (pub.), vol. response (prv.)"
"4728","Hepatitis B","","States","Oklahoma","2024-25","93.6","47544","86.7","‡","NULL","Vol. response"
"4729","Hepatitis B","","States","Wyoming","2024-25","93.9","6564","100","*","NULL","Census"
"4730","Hepatitis B","","States","Pennsylvania","2024-25","93.9","140160","95.3","NULL","NULL","Census (pub.), vol. response (prv.)"
"4731","Hepatitis B","","States","District of Columbia","2024-25","94.1","7997","100","*","NULL","Census"
"4732","Hepatitis B","","States","Texas","2024-25","94.7","378860","97.3","‡. §","NULL","Census (pub.), vol. response (prv.)"
"4733","Hepatitis B","","States","Virginia","2024-25","95.1","91453","1.7","†","NULL","Stratified 2-stage cluster sample"
"4734","Hepatitis B","","States","North Carolina","2024-25","95.2","124028","91","§","NULL","Census (pub.), vol. response (prv.)"
"4735","Hepatitis B","","States","Vermont","2024-25","95.2","5432","100","*","NULL","Census"
"4736","Hepatitis B","","States","Tennessee","2024-25","95.4","78299","96.7","§","NULL","Census"
"4737","Hepatitis B","","States","Missouri","2025-26","92.1","66610","100","*","NULL","Census"
"4738","Hepatitis B","","States","Oregon","2025-26","92","37309","100","*. �","NULL","Census"
"4739","Hepatitis B","","States","Ohio","2025-26","91.9","129087","95.9","NULL","NULL","Census (pub.), vol. response (prv.)"
"4740","Hepatitis B","","States","Minnesota","2025-26","91.8","63451","99.9","NULL","NULL","Census"
"4741","Hepatitis B","","States","North Dakota","2025-26","91.6","9344","98.6","NULL","NULL","Census"
"4742","Hepatitis B","","States","Michigan","2025-26","91.5","104614","100","*. �","NULL","Census"
"4743","Hepatitis B","","States","Arizona","2025-26","91.5","73907","92.5","NULL","NULL","Census (pub.), vol. response (prv.)"
"4744","Hepatitis B","","States","Alaska","2025-26","91.3","8253","60.9","�","NULL","Vol. response (public), not conducted (private)"
"4745","Hepatitis B","","States","California","2024-25","97.2","590849","100","*. ‡","NULL","Census"
"4746","Hepatitis B","","States","Massachusetts","2024-25","97.5","65581","100","*. ‡","NULL","Census"
"4747","Hepatitis B","","States","Mississippi","2024-25","97.6","35293","100",">=. *","NULL","Census"
"4748","Hepatitis B","","States","Rhode Island","2024-25","97.9","10088","96.7","‡. §","NULL","Census"
"4749","Hepatitis B","","States","NY-City of New York","2024-25","98.1","85986","96.9","NULL","NULL","Census (pub.), vol. response (prv.)"
"4750","Hepatitis B","","States","New York","2024-25","98.4","234054","85.1","NULL","NULL","Vol. response"
"4751","Hepatitis B","","States","Connecticut","2024-25","98.7","30112","100","*","NULL","Census"
"4752","Hepatitis B","","States","Nevada","2024-25","92.9","33272","92.6","NULL","NULL","Census (pub.), vol. response (prv.)"
"4753","Hepatitis B","","States","Hawaii","2024-25","92.8","13804","10.5","NULL","NULL","Stratified 2-stage cluster sample"
"4754","Hepatitis B","","States","New Jersey","2024-25","92.8","104339","100",">=. *","NULL","Census"
"4755","Hepatitis B","","States","Missouri","2024-25","92.7","68163","100","*","NULL","Census"
"4756","Hepatitis B","","States","Washington","2024-25","92.7","76756","97.9","NULL","NULL","Census"
"4757","Hepatitis B","","States","North Dakota","2024-25","92.7","9659","98.8","NULL","NULL","Census"
"4758","Hepatitis B","","States","Oregon","2024-25","92.5","38247","100","*. ‡","NULL","Census"
"4759","Exemption","Any Exemption","States","Nevada","2009-10","2","35209","NULL","†","714","Random sample"
"4760","Exemption","Any Exemption","States","California","2009-10","2.2","507191","NULL","‡","11278","Census"
"4761","Exemption","Any Exemption","States","Arizona","2009-10","3","89287","NULL","‡","2665","Census"
"4762","Exemption","Any Exemption","States","Pennsylvania","2009-10","3.1","149656","NULL","||","4701","Census"
"4763","Exemption","Any Exemption","States","Montana","2009-10","3.1","12335","NULL","†","380","Census"
"4764","Exemption","Any Exemption","States","Maine","2009-10","3.3","14162","NULL","NULL","470","Voluntary response"
"4765","Exemption","Any Exemption","States","Hawaii","2009-10","3.6","18427","NULL","†","660","Random sample"
"4766","Exemption","Any Exemption","States","Wisconsin","2009-10","3.7","61095","NULL","NULL","2260","Random sample"
"4767","Exemption","Any Exemption","States","Nebraska","2009-10","3.8","29607","NULL","†","1076","Census"
"4768","Exemption","Any Exemption","States","Utah","2009-10","3.8","49957","NULL","NULL","1904","Census"
"4769","Exemption","Any Exemption","States","Idaho","2009-10","3.8","22624","NULL","NULL","860","Census"
"4770","Exemption","Any Exemption","States","Michigan","2009-10","4.4","129810","NULL","NULL","5730","Census"
"4771","Exemption","Any Exemption","States","Oregon","2009-10","5.4","44676","NULL","†","2416","Census"
"4772","Exemption","Any Exemption","States","Alaska","2009-10","5.5","9641","NULL","†","530","Voluntary response"
"4773","Exemption","Any Exemption","States","Vermont","2009-10","5.8","6713","NULL","NULL","389","Census"
"4774","Exemption","Any Exemption","States","Washington","2009-10","6.2","81511","NULL","NULL","5015","Census"
"4775","Exemption","Any Exemption","States","Minnesota","2009-10",NA,"70653","NULL","NULL","NULL","Not conducted"
"4776","Exemption","Any Exemption","States","Missouri","2009-10",NA,"75958","NULL","§","NULL","Random sample"
"4777","Exemption","Any Exemption","States","Texas","2009-10",NA,"381425","NULL","§","NULL","Census"
"4778","Exemption","Any Exemption","States","Illinois","2011-12","5.5","163311","NULL","§","9015","Census"
"4779","Exemption","Any Exemption","States","Michigan","2011-12","5.5","124962","NULL","NULL","6932","Census"
"4780","Exemption","Any Exemption","States","Colorado","2011-12","5.6","70142","NULL","**. ||","18","Simple Random Sample"
"4781","Exemption","Any Exemption","States","Vermont","2011-12","5.7","6548","NULL","NULL","372","Census"
"4782","Hepatitis B","","States","Florida","2024-25","88.8","221053","100",">=. *","NULL","Census"
"4783","Hepatitis B","","States","Kentucky","2024-25","87.8","51319","100","*. §","NULL","Census"
"4784","Hepatitis B","","States","Georgia","2024-25","86.8","114568","100",">=. *","NULL","Census"
"4785","Exemption","Any Exemption","States","New York","2009-10","0.6","229273","NULL","†","1426","Census"
"4786","Exemption","Any Exemption","States","Arkansas","2009-10","0.6","34733","NULL","NULL","193","Census"
"4787","Exemption","Any Exemption","States","Kentucky","2009-10","0.6","56526","NULL","†","363","Census"
"4788","Exemption","Any Exemption","States","New Mexico","2009-10","0.7","26318","NULL","††. †","183","Random sample"
"4789","Exemption","Any Exemption","States","South Carolina","2009-10","0.8","53725","NULL","†","450","Random sample"
"4790","Exemption","Any Exemption","States","North Dakota","2009-10","0.8","8323","NULL","††","67","Random sample"
"4791","Exemption","Any Exemption","States","North Carolina","2009-10","0.8","116087","NULL","†","914","Census"
"4792","Exemption","Any Exemption","States","Maryland","2009-10","0.8","75061","NULL","†","629","Voluntary response"
"4793","Exemption","Any Exemption","States","Louisiana","2009-10","0.8","53846","NULL","NULL","411","Census"
"4794","Exemption","Any Exemption","States","Delaware","2009-10","0.8","11327","NULL","†","87","Random sample"
"4795","Exemption","Any Exemption","States","Virginia","2009-10","0.9","100891","NULL","†","911","Random sample"
"4796","Exemption","Any Exemption","States","Kansas","2009-10","1","39073","NULL","†","393","Census"
"4797","Exemption","Any Exemption","States","New Jersey","2009-10","1","118347","NULL","†","1072","Census"
"4798","Exemption","Any Exemption","States","Connecticut","2009-10","1.1","46158","NULL","†","495","Census"
"4799","Exemption","Any Exemption","States","Oklahoma","2009-10","1.1","51128","NULL","NULL","575","Voluntary response"
"4800","Hepatitis B","","States","District of Columbia","2025-26","95.7","7871","100","*","NULL","Census"
"4801","Hepatitis B","","States","New Mexico","2025-26","96.1","19843","100","*. �","NULL","Census"
"4802","Hepatitis B","","States","Louisiana","2025-26","96.5","50223","100","*","NULL","Census"
"4803","Hepatitis B","","States","Delaware","2025-26","96.8","10729","12.9","NULL","NULL","2-stage cluster sample (pub.), nonrandom 2-stage cluster sample (prv.)"
"4804","Hepatitis B","","States","Mississippi","2025-26","97","34969","100",">=. *","NULL","Census"
"4805","Hepatitis B","","States","California","2025-26","97","614405","100","*. �","NULL","Census"
"4806","Hepatitis B","","States","Maryland","2025-26","97.4","66945","97.8","�","NULL","Census (pub.), vol. response (prv.)"
"4807","Hepatitis B","","States","Massachusetts","2025-26","97.7","65331","100","�","NULL","Census"
"4808","Hepatitis B","","States","Rhode Island","2025-26","97.8","10123","97.1","�","NULL","Census"
"4809","Hepatitis B","","States","NY-City of New York","2025-26","98.1","82534","98.1","NULL","NULL","Census"
"4810","Hepatitis B","","States","New York","2025-26","98.6","203514","95.8","NULL","NULL","Census (pub.), vol. response (prv.)"
"4811","Hepatitis B","","States","Connecticut","2025-26","98.9","33118","100","*","NULL","Census"
"4812","Hepatitis B","","States","West Virginia","2025-26","99.6","15445","93.3","�. �","NULL","Census"
"4813","Hepatitis B","","States","Kentucky","2025-26","92.6","49937","100","*. �","NULL","Census"
"4814","Hepatitis B","","States","New Jersey","2025-26","92.5","101602","92.3",">=. �","NULL","Census"
"4815","Hepatitis B","","States","Washington","2025-26","92.5","75631","99.1","�","NULL","Census"
"4816","Hepatitis B","","States","Nevada","2025-26","92.4","32815","93.6","NULL","NULL","Census (pub.), vol. response (prv.)"
"4817","Hepatitis B","","States","Oklahoma","2025-26","92.3","47844","90.7","NULL","NULL","Census (pub.), vol. response (prv.)"
"4818","Hepatitis B","","States","Wisconsin","2025-26","92.2","59360","96.6","�. �","NULL","Census (pub.), vol. response (prv.)"
"4819","Exemption","Any Exemption","States","New Mexico","2010-11",NA,"NULL","NULL","NULL","NULL",NA
"4820","Exemption","Any Exemption","States","New Jersey","2010-11",NA,"NULL","NULL","NULL","NULL",NA
"4821","Exemption","Any Exemption","States","New Hampshire","2010-11",NA,"NULL","NULL","NULL","NULL",NA
"4822","Exemption","Any Exemption","States","Nevada","2010-11",NA,"NULL","NULL","NULL","NULL",NA
"4823","Exemption","Any Exemption","States","Nebraska","2010-11",NA,"NULL","NULL","NULL","NULL",NA
"4824","Exemption","Any Exemption","States","Montana","2010-11",NA,"NULL","NULL","NULL","NULL",NA
"4825","Exemption","Any Exemption","States","Missouri","2010-11",NA,"NULL","NULL","NULL","NULL",NA
"4826","Exemption","Any Exemption","States","Mississippi","2010-11",NA,"NULL","NULL","NULL","NULL",NA
"4827","Exemption","Any Exemption","States","Indiana","2010-11",NA,"NULL","NULL","NULL","NULL",NA
"4828","Exemption","Any Exemption","States","Iowa","2010-11",NA,"NULL","NULL","NULL","NULL",NA
"4829","Hepatitis B","","States","Colorado","2025-26","91.1","60049","100","*. �","NULL","Census"
"4830","Hepatitis B","","States","Hawaii","2025-26","90.3","13791","11.7","NULL","NULL","Stratified 2-stage cluster sample"
"4831","Hepatitis B","","States","Utah","2025-26","89.2","44001","100","*","NULL","Census"
"4832","Hepatitis B","","States","Georgia","2025-26","89.1","118864","100",">=. *","NULL","Census"
"4833","Hepatitis B","","States","Iowa","2025-26","88.9","37490","100",">=. *","NULL","Census"
"4834","Hepatitis B","","States","Florida","2025-26","88.9","213535","100",">=. *","NULL","Census"
"4835","Exemption","Any Exemption","States","District of Columbia","2009-10","1.1","6092","NULL","NULL","66","Census"
"4836","Exemption","Any Exemption","States","Georgia","2009-10","1.1","141949","NULL","†","1565","Random sample"
"4837","Exemption","Any Exemption","States","Indiana","2009-10","1.1","84390","NULL","†","909","Census"
"4838","Exemption","Any Exemption","States","South Dakota","2009-10","1.1","11499","NULL","†","121","Census"
"4839","Exemption","Any Exemption","States","Massachusetts","2009-10","1.1","74476","NULL","†","836","Census"
"4840","Exemption","Any Exemption","States","West Virginia","2009-10","1.3","22730","NULL","‡. †","303","Voluntary response"
"4841","Exemption","Any Exemption","States","Florida","2009-10","1.3","218630","NULL","†","2797","Census"
"4842","Exemption","Any Exemption","States","Ohio","2009-10","1.4","131137","NULL","||","1799","Census"
"4843","Exemption","Any Exemption","States","Iowa","2009-10","1.4","42698","NULL","†","577","Census"
"4844","Exemption","Any Exemption","States","Ohio","2011-12","1.5","146144","NULL","||","1857","Convenient"
"4845","Exemption","Any Exemption","States","Texas","2011-12","1.5","388178","NULL","§","5947","Census"
"4846","Exemption","Any Exemption","States","Minnesota","2011-12","1.6","71213","NULL","§","1145","Census"
"4847","Exemption","Any Exemption","States","Pennsylvania","2011-12","1.8","148042","NULL","||","2681","Census"
"4848","Exemption","Any Exemption","States","Nevada","2011-12","1.8","36557","NULL","†","42","2-stage Cluster Sample"
"4849","Exemption","Any Exemption","States","New Mexico","2011-12","2","29159","NULL","†","12","2-stage Cluster Sample"
"4850","Exemption","Any Exemption","States","District of Columbia","2011-12","2.1","6854","NULL","NULL","144","Census"
"4851","Exemption","Any Exemption","States","New Hampshire","2011-12","2.2","13022","NULL","†","285","Census"
"4852","Exemption","Any Exemption","States","Missouri","2011-12","2.4","75240","NULL","§","90","2-stage Cluster Sample"
"4853","Exemption","Any Exemption","States","California","2011-12","2.6","542544","NULL","‡","13536","Census"
"4854","Exemption","Any Exemption","States","Montana","2011-12","3","12128","NULL","†","364","Census"
"4855","Exemption","Any Exemption","States","Arizona","2011-12","3.7","88293","NULL","‡","3187","Census"
"4856","Exemption","Any Exemption","States","Utah","2011-12","3.8","53800","NULL","NULL","2032","Census"
"4857","Exemption","Any Exemption","States","Hawaii","2011-12","3.9","19443","NULL","†","60","2-stage Cluster Sample"
"4858","Exemption","Any Exemption","States","Maine","2011-12","3.9","13829","NULL","NULL","517","Census"
"4859","Exemption","Any Exemption","States","Wisconsin","2011-12","4.5","70672","NULL","NULL","76","2-stage Cluster Sample"
"4860","Exemption","Any Exemption","States","Washington","2011-12","4.7","85134","NULL","NULL","3472","Voluntary Response"
"4861","Exemption","Any Exemption","States","Idaho","2011-12","5.4","22762","NULL","NULL","1226","Census"
"4862","Polio","","States","Arkansas","2009-10","98","34733","100","*","NULL","Census"
"4863","Polio","","States","Utah","2009-10","97.9","49957","100","*","NULL","Census"
"4864","Polio","","States","Kansas","2009-10","97.9","39073","39.1","†","NULL","Stratified 1-stage sample  (Public);  Census (Private)"
"4865","Polio","","States","South Dakota","2009-10","97.8","11499","100","*","NULL","Census"
"4866","Polio","","States","Oklahoma","2009-10","97.6","51128","88.9","NULL","NULL","Voluntary response"
"4867","Polio","","States","Tennessee","2009-10","97.4","90811","88.1","≥","NULL","Voluntary response"
"4868","Polio","","States","Montana","2009-10","96.9","12335","98.8","NULL","NULL","Census"
"4869","Hepatitis B","","States","Alaska","2024-25","84.1","7338","99.8","¶","NULL","Census (pub.), not conducted (prv.)"
"4870","Hepatitis B","","States","Idaho","2024-25","84","22242","99.5","NULL","NULL","Census"
"4871","Hepatitis B","","States","South Dakota","2024-25","NReq","11367","99.3","§","NULL","Census"
"4872","Hepatitis B","","States","Maine","2024-25","NReq","11761","95.4","NULL","NULL","Census"
"4873","Hepatitis B","","States","Illinois","2024-25","NReq","132769","99.5","NULL","NULL","Census"
"4874","Hepatitis B","","States","Alabama","2024-25","NReq","53589","99.9","NULL","NULL","Census"
"4875","Hepatitis B","","States","South Carolina","2025-26","93.7","57542","26.2","�","NULL","Stratified 1-stage cluster sample"
"4876","Hepatitis B","","States","Arkansas","2025-26","94","35543","96.7","NULL","NULL","Census (pub.), vol. response (prv.)"
"4877","Hepatitis B","","States","Pennsylvania","2025-26","94.4","134313","95.7","NULL","NULL","Census (pub.), vol. response (prv.)"
"4878","Hepatitis B","","States","TX-City of Houston","2025-26","94.4","36071","94.6","�. �","NULL","Census (pub.), vol. response (prv.)"
"4879","Hepatitis B","","States","Texas","2025-26","94.6","358586","98.3","�. �","NULL","Census (pub.), vol. response (prv.)"
"4880","Hepatitis B","","States","Virginia","2025-26","94.7","88950","95.7","NULL","NULL","Census"
"4881","Hepatitis B","","States","North Carolina","2025-26","94.8","120045","90.1","�","NULL","Census (pub.), vol. response (prv.)"
"4882","Hepatitis B","","States","Vermont","2025-26","94.9","5298","100","*","NULL","Census"
"4883","Hepatitis B","","States","Nebraska","2025-26","95","23807","100","*. �","NULL","Census"
"4884","Hepatitis B","","States","Tennessee","2025-26","95.6","73415","97.4","�","NULL","Census"
"4885","Polio","","States","Washington","2009-10","91.8","81511","93.3","NULL","NULL","Census"
"4886","Polio","","States","Vermont","2009-10","92.1","6713","100","*","NULL","Census"
"4887","Polio","","States","North Dakota","2009-10","92.2","8323","6","¶","NULL","Random sample"
"4888","Polio","","States","Idaho","2009-10","92.8","22624","100","*","NULL","Census"
"4889","Polio","","States","Indiana","2009-10","92.9","84390","94.7","NULL","NULL","Census"
"4890","Polio","","States","Massachusetts","2009-10","92.9","74476","100","*","NULL","Census"
"4891","Polio","","States","California","2009-10","93.6","507191","100","*","NULL","Census"
"4892","Polio","","States","Alabama","2009-10","94","75358","100","≥. *. **","NULL","Census"
"4893","Exemption","Any Exemption","States","Virginia","2010-11",NA,"NULL","NULL","NULL","NULL",NA
"4894","Exemption","Any Exemption","States","Vermont","2010-11",NA,"NULL","NULL","NULL","NULL",NA
"4895","Exemption","Any Exemption","States","Utah","2010-11",NA,"NULL","NULL","NULL","NULL",NA
"4896","Exemption","Any Exemption","States","Texas","2010-11",NA,"NULL","NULL","NULL","NULL",NA
"4897","Exemption","Any Exemption","States","Tennessee","2010-11",NA,"NULL","NULL","NULL","NULL",NA
"4898","Exemption","Any Exemption","States","South Dakota","2010-11",NA,"NULL","NULL","NULL","NULL",NA
"4899","Exemption","Any Exemption","States","South Carolina","2010-11",NA,"NULL","NULL","NULL","NULL",NA
"4900","Exemption","Any Exemption","States","Rhode Island","2010-11",NA,"NULL","NULL","NULL","NULL",NA
"4901","Exemption","Any Exemption","States","Pennsylvania","2010-11",NA,"NULL","NULL","NULL","NULL",NA
"4902","Exemption","Any Exemption","States","Oregon","2010-11",NA,"NULL","NULL","NULL","NULL",NA
"4903","Exemption","Any Exemption","States","Oklahoma","2010-11",NA,"NULL","NULL","NULL","NULL",NA
"4904","Exemption","Any Exemption","States","Ohio","2010-11",NA,"NULL","NULL","NULL","NULL",NA
"4905","Exemption","Any Exemption","States","North Dakota","2010-11",NA,"NULL","NULL","NULL","NULL",NA
"4906","Exemption","Any Exemption","States","North Carolina","2010-11",NA,"NULL","NULL","NULL","NULL",NA
"4907","Exemption","Any Exemption","States","New York","2010-11",NA,"NULL","NULL","NULL","NULL",NA
"4908","Exemption","Any Exemption","States","North Dakota","2012-13","1.8","9503","NULL","NULL","130","2-stage Cluster Sample"
"4909","Exemption","Any Exemption","States","Florida","2012-13","1.8","234628","NULL","†","4186","Census"
"4910","Exemption","Any Exemption","States","Missouri","2012-13","1.8","78416","NULL","§","2042","2-stage Cluster Sample"
"4911","Exemption","Any Exemption","States","South Dakota","2012-13","1.8","12468","NULL","†","223","Census"
"4912","Exemption","Any Exemption","States","Ohio","2012-13","2","163687","NULL","||","3315","Census"
"4913","Exemption","Any Exemption","States","Kansas","2010-11",NA,"NULL","NULL","NULL","NULL",NA
"4914","Exemption","Any Exemption","States","Kentucky","2010-11",NA,"NULL","NULL","NULL","NULL",NA
"4915","Exemption","Any Exemption","States","Louisiana","2010-11",NA,"NULL","NULL","NULL","NULL",NA
"4916","Exemption","Any Exemption","States","Maine","2010-11",NA,"NULL","NULL","NULL","NULL",NA
"4917","Exemption","Any Exemption","States","Maryland","2010-11",NA,"NULL","NULL","NULL","NULL",NA
"4918","Exemption","Any Exemption","States","Massachusetts","2010-11",NA,"NULL","NULL","NULL","NULL",NA
"4919","Exemption","Any Exemption","States","Michigan","2010-11",NA,"NULL","NULL","NULL","NULL",NA
"4920","Exemption","Any Exemption","States","Minnesota","2010-11",NA,"NULL","NULL","NULL","NULL",NA
"4921","Exemption","Any Exemption","States","Alabama","2010-11",NA,"NULL","NULL","NULL","NULL",NA
"4922","Exemption","Any Exemption","States","Alaska","2010-11",NA,"NULL","NULL","NULL","NULL",NA
"4923","Exemption","Any Exemption","States","Arizona","2010-11",NA,"NULL","NULL","NULL","NULL",NA
"4924","Exemption","Any Exemption","States","Arkansas","2010-11",NA,"NULL","NULL","NULL","NULL",NA
"4925","Exemption","Any Exemption","States","California","2010-11",NA,"NULL","NULL","NULL","NULL",NA
"4926","Exemption","Any Exemption","States","Colorado","2010-11",NA,"NULL","NULL","NULL","NULL",NA
"4927","Exemption","Any Exemption","States","Connecticut","2010-11",NA,"NULL","NULL","NULL","NULL",NA
"4928","Exemption","Any Exemption","States","Delaware","2010-11",NA,"NULL","NULL","NULL","NULL",NA
"4929","Exemption","Any Exemption","States","District of Columbia","2010-11",NA,"NULL","NULL","NULL","NULL",NA
"4930","Exemption","Any Exemption","States","Florida","2010-11",NA,"NULL","NULL","NULL","NULL",NA
"4931","Exemption","Any Exemption","States","Georgia","2010-11",NA,"NULL","NULL","NULL","NULL",NA
"4932","Exemption","Any Exemption","States","Hawaii","2010-11",NA,"NULL","NULL","NULL","NULL",NA
"4933","Exemption","Any Exemption","States","Idaho","2010-11",NA,"NULL","NULL","NULL","NULL",NA
"4934","Exemption","Any Exemption","States","Illinois","2010-11",NA,"NULL","NULL","NULL","NULL",NA
"4935","Exemption","Any Exemption","States","Wyoming","2010-11",NA,"NULL","NULL","NULL","NULL",NA
"4936","Exemption","Any Exemption","States","Wisconsin","2010-11",NA,"NULL","NULL","NULL","NULL",NA
"4937","Exemption","Any Exemption","States","West Virginia","2010-11",NA,"NULL","NULL","NULL","NULL",NA
"4938","Exemption","Any Exemption","States","Iowa","2011-12","1.5","40978","NULL","†","607","Census"
"4939","Exemption","Any Exemption","States","Florida","2011-12","1.5","225532","NULL","†","3495","Census"
"4940","Hepatitis B","","States","Illinois","2025-26","NReq","128598","99.8","NULL","NULL","Census"
"4941","Hepatitis B","","States","Kansas","2025-26",NA,"NULL","NULL","NULL","NULL","Stratified 2-stage cluster sample"
"4942","Hepatitis B","","States","Maine","2025-26","NReq","11634","94.4","NULL","NULL","Census"
"4943","Hepatitis B","","States","Alabama","2025-26","NReq","53378","100","*","NULL","Census"
"4944","Hepatitis B","","States","South Dakota","2025-26","NReq","11009","100","*. �","NULL","Census"
"4945","Hepatitis B","","States","Indiana","2025-26","92.6","70886","87.1","�","NULL","Vol. response"
"4946","Hepatitis B","","States","Wyoming","2025-26","93","6146","100","*","NULL","Census"
"4947","Polio","","States","Mississippi","2009-10","99.7","46922","100","≥. *","NULL","Census"
"4948","Polio","","States","New Mexico","2009-10","99.3","26318","2.2","NULL","NULL","Random sample"
"4949","Polio","","States","Virginia","2009-10","99.1","100891","4.4","NULL","NULL","Random sample"
"4950","Polio","","States","Louisiana","2009-10","98.9","53846","100","*","NULL","Census"
"4951","Polio","","States","Nevada","2009-10","98.7","35209","5.6","NULL","NULL","Random sample"
"4952","Polio","","States","Nebraska","2009-10","98.7","29607","96.4","NULL","NULL","Census"
"4953","Polio","","States","New York","2009-10","98.4","229273","100","*","NULL","Census"
"4954","Polio","","States","Connecticut","2009-10","98.3","46158","100","*","NULL","Census"
"4955","Polio","","States","Wisconsin","2009-10","98.2","61095","2.3","¶","NULL","Random sample"
"4956","Polio","","States","Texas","2009-10","98.1","381425","98.3","NULL","NULL","Census"
"4957","Polio","","States","Missouri","2009-10","98.1","75958","3","NULL","NULL","Random sample"
"4958","Polio","","States","Rhode Island","2010-11",NA,"NULL","NULL","NULL","NULL",NA
"4959","Polio","","States","South Carolina","2010-11",NA,"NULL","NULL","NULL","NULL",NA
"4960","Polio","","States","South Dakota","2010-11",NA,"NULL","NULL","NULL","NULL",NA
"4961","Polio","","States","Tennessee","2010-11",NA,"NULL","NULL","NULL","NULL",NA
"4962","Polio","","States","Texas","2010-11",NA,"NULL","NULL","NULL","NULL",NA
"4963","Polio","","States","Utah","2010-11",NA,"NULL","NULL","NULL","NULL",NA
"4964","Polio","","States","Vermont","2010-11",NA,"NULL","NULL","NULL","NULL",NA
"4965","Polio","","States","Virginia","2010-11",NA,"NULL","NULL","NULL","NULL",NA
"4966","Polio","","States","Michigan","2009-10","96.6","129810","100","*","NULL","Census"
"4967","Polio","","States","Illinois","2009-10","95.8","165845","100","NULL","NULL","Census"
"4968","Polio","","States","Arizona","2009-10","95.5","89287","93.9","NULL","NULL","Census"
"4969","Polio","","States","Maine","2009-10","95.4","14162","75.3","NULL","NULL","Voluntary response"
"4970","Polio","","States","West Virginia","2009-10","91.5","22730","86.7","NULL","NULL","Voluntary response"
"4971","Polio","","States","Florida","2009-10","91.3","218630","100","≥. * .§","NULL","Census"
"4972","Polio","","States","Rhode Island","2009-10","90.1","11818","11.6","NULL","NULL","Random sample"
"4973","Polio","","States","Delaware","2009-10","89.4","11327","9.2","NULL","NULL","Random sample"
"4974","Polio","","States","Ohio","2009-10","88.3","131137","100","*","NULL","Census"
"4975","Polio","","States","South Carolina","2009-10","87.7","53725","10.2","NULL","NULL","Random sample"
"4976","Polio","","States","Iowa","2009-10","84.5","42698","100","≥","NULL","Census"
"4977","Polio","","States","New Jersey","2009-10",NA,"118347","95.1","NULL","NULL","Census"
"4978","Polio","","States","North Carolina","2009-10",NA,"116087","96","NULL","NULL","Census"
"4979","Polio","","States","New Hampshire","2009-10",NA,"NULL","NULL","NULL","NULL","Not conducted"
"4980","Polio","","States","Wyoming","2009-10",NA,"NULL","NULL","NULL","NULL","Not conducted"
"4981","Polio","","States","Hawaii","2009-10",NA,"18427","6.4","NULL","NULL","Random sample"
"4982","Polio","","States","District of Columbia","2009-10",NA,"6092","100","*","NULL","Census"
"4983","Polio","","States","Colorado","2009-10",NA,"NULL","NULL","NULL","NULL","Not conducted"
"4984","Polio","","States","Alaska","2009-10",NA,"9641","76.4","NULL","NULL","Voluntary response"
"4985","Exemption","Any Exemption","States","Rhode Island","2011-12","1","12552","NULL","†","17","2-stage Cluster Sample"
"4986","Exemption","Any Exemption","States","Virginia","2011-12","1","101121","NULL","†","76","2-stage Cluster Sample"
"4987","Exemption","Any Exemption","States","North Dakota","2011-12","1","8412","NULL","NULL","5","Convenient"
"4988","Exemption","Any Exemption","States","Maryland","2011-12","0.9","72957","NULL","†","454","Voluntary Response"
"4989","Exemption","Any Exemption","States","Arkansas","2011-12","0.9","38754","NULL","NULL","391","Census"
"4990","Exemption","Any Exemption","States","North Carolina","2011-12","0.8","128854","NULL","†","1003","Census"
"4991","Exemption","Any Exemption","States","Louisiana","2011-12","0.8","69013","NULL","NULL","550","Census"
"4992","Exemption","Any Exemption","States","Tennessee","2011-12","0.7","83950","NULL","†","570","Census"
"4993","Exemption","Any Exemption","States","New York","2011-12","0.7","236016","NULL","†","1614","Census"
"4994","Exemption","Any Exemption","States","Alabama","2011-12","0.6","73190","NULL","†. ¶","465","Census"
"4995","Exemption","Any Exemption","States","Delaware","2011-12","0.6","11327","NULL","†","7","2-stage Cluster Sample"
"4996","Exemption","Any Exemption","States","Kentucky","2011-12","0.6","58185","NULL","†","318","Census"
"4997","Exemption","Any Exemption","States","West Virginia","2011-12","0.2","22449","NULL","‡. †","44","Convenient"
"4998","Exemption","Any Exemption","States","Mississippi","2011-12","0.1","44912","NULL","<. ‡. †","16","Census"
"4999","Exemption","Any Exemption","States","Wyoming","2011-12",NA,"NULL","NULL","NULL","NULL","Not conducted"
"5000","Exemption","Any Exemption","States","Indiana","2013-14","1.2","87193","NULL","†","1075","Voluntary response"
"5001","Exemption","Any Exemption","States","Arkansas","2013-14","1.2","42649","NULL","NULL","493","Census"
"5002","Exemption","Any Exemption","States","Illinois","2013-14","1.3","163316","NULL","§","2123","Census"
"5003","Exemption","Any Exemption","States","South Carolina","2013-14","1.4","61661","NULL","†. *","855","1-stage stratified sample"
"5004","Exemption","Any Exemption","States","Massachusetts","2013-14","1.5","79894","NULL","†","1192","Census"
"5005","Exemption","Any Exemption","States","Oklahoma","2013-14","1.5","57377","NULL","NULL","880","Voluntary response"
"5006","Exemption","Any Exemption","States","District of Columbia","2013-14","1.5","7856","NULL","NULL","118","Census"
"5007","Exemption","Any Exemption","States","Pennsylvania","2012-13","2","151364","NULL","||","2982","Census"
"5008","Exemption","Any Exemption","States","Wyoming","2012-13","2.3","8133","NULL","†.‡‡","183","Census"
"5009","Exemption","Any Exemption","States","Georgia","2012-13","2.3","142732","NULL","†","77","2-stage Cluster Sample"
"5010","Exemption","Any Exemption","States","Hawaii","2012-13","2.5","20104","NULL","†. *","156","2-stage Cluster Sample"
"5011","Exemption","Any Exemption","States","New Hampshire","2012-13","2.5","12943","NULL","†","328","Census"
"5012","Exemption","Any Exemption","States","Nevada","2012-13","2.5","36070","NULL","†","309","2-stage Cluster Sample"
"5013","Exemption","Any Exemption","States","California","2012-13","3","535523","NULL","‡","15845","Census"
"5014","Exemption","Any Exemption","States","Montana","2012-13","3.5","12516","NULL","†","439","Census"
"5015","Exemption","Any Exemption","States","Utah","2012-13","3.8","54605","NULL","NULL","2099","Census"
"5016","Exemption","Any Exemption","States","Arizona","2012-13","4.2","90054","NULL","‡","3790","Census"
"5017","Exemption","Any Exemption","States","Maine","2012-13","4.3","14313","NULL","NULL","620","Census"
"5018","Exemption","Any Exemption","States","Colorado","2012-13","4.3","70657","NULL","NULL","2869","Simple Random Sample"
"5019","Exemption","Any Exemption","States","Wisconsin","2012-13","4.5","72416","NULL","NULL","4380","2-stage Cluster Sample"
"5020","Exemption","Any Exemption","States","Washington","2012-13","4.6","87773","NULL","*","4077","Census"
"5021","Exemption","Any Exemption","States","Alaska","2012-13","5.6","10319","NULL","†","564","Census"
"5022","Exemption","Any Exemption","States","Idaho","2012-13","5.9","23888","NULL","NULL","1399","Census"
"5023","Exemption","Any Exemption","States","Michigan","2012-13","5.9","124662","NULL","NULL","7325","Census"
"5024","Exemption","Any Exemption","States","Illinois","2012-13","6.1","166884","NULL","§","10099","Census"
"5025","Hepatitis B","","States","New Hampshire","2025-26","88.2","11544","100",">=. *. �","NULL","Census"
"5026","Hepatitis B","","States","Idaho","2025-26","82.1","21728","100","*","NULL","Census"
"5027","Polio","","States","Delaware","2010-11",NA,"NULL","NULL","NULL","NULL",NA
"5028","Polio","","States","Missouri","2010-11",NA,"NULL","NULL","NULL","NULL",NA
"5029","Polio","","States","Montana","2010-11",NA,"NULL","NULL","NULL","NULL",NA
"5030","Polio","","States","Nebraska","2010-11",NA,"NULL","NULL","NULL","NULL",NA
"5031","Polio","","States","Nevada","2010-11",NA,"NULL","NULL","NULL","NULL",NA
"5032","Polio","","States","New Hampshire","2010-11",NA,"NULL","NULL","NULL","NULL",NA
"5033","Polio","","States","New Jersey","2010-11",NA,"NULL","NULL","NULL","NULL",NA
"5034","Polio","","States","New Mexico","2010-11",NA,"NULL","NULL","NULL","NULL",NA
"5035","Polio","","States","New York","2010-11",NA,"NULL","NULL","NULL","NULL",NA
"5036","Polio","","States","North Carolina","2010-11",NA,"NULL","NULL","NULL","NULL",NA
"5037","Polio","","States","North Dakota","2010-11",NA,"NULL","NULL","NULL","NULL",NA
"5038","Polio","","States","Ohio","2010-11",NA,"NULL","NULL","NULL","NULL",NA
"5039","Polio","","States","Oklahoma","2010-11",NA,"NULL","NULL","NULL","NULL",NA
"5040","Polio","","States","Oregon","2010-11",NA,"NULL","NULL","NULL","NULL",NA
"5041","Polio","","States","Pennsylvania","2010-11",NA,"NULL","NULL","NULL","NULL",NA
"5042","Exemption","Any Exemption","States","Oregon","2012-13","6.5","47102","NULL","†","3082","Census"
"5043","Exemption","Any Exemption","States","Connecticut","2012-13","1.7","41604","NULL","†","725","Census"
"5044","Exemption","Any Exemption","States","Nebraska","2012-13","1.7","24999","NULL","†","418","Census"
"5045","Exemption","Any Exemption","States","Iowa","2012-13","1.7","41701","NULL","†","688","Census"
"5046","Exemption","Any Exemption","States","District of Columbia","2012-13","1.6","7842","NULL","NULL","128","Census"
"5047","Exemption","Any Exemption","States","Minnesota","2012-13","1.6","73310","NULL","§","1181","Census"
"5048","Exemption","Any Exemption","States","Massachusetts","2012-13","1.5","79661","NULL","†","1216","Census"
"5049","Exemption","Any Exemption","States","New Jersey","2012-13","1.4","122516","NULL","†","1719","Census"
"5050","Polio","","States","Washington","2010-11",NA,"NULL","NULL","NULL","NULL",NA
"5051","Polio","","States","West Virginia","2010-11",NA,"NULL","NULL","NULL","NULL",NA
"5052","Polio","","States","Wisconsin","2010-11",NA,"NULL","NULL","NULL","NULL",NA
"5053","Polio","","States","Wyoming","2010-11",NA,"NULL","NULL","NULL","NULL",NA
"5054","Polio","","States","Illinois","2010-11",NA,"NULL","NULL","NULL","NULL",NA
"5055","Polio","","States","Arizona","2010-11",NA,"NULL","NULL","NULL","NULL",NA
"5056","Polio","","States","Alaska","2010-11",NA,"NULL","NULL","NULL","NULL",NA
"5057","Polio","","States","Minnesota","2011-12","95.8","71213","99.2","NULL","NULL","Census"
"5058","Polio","","States","Michigan","2011-12","95.9","124962","100","*","NULL","Census"
"5059","Exemption","Any Exemption","States","Oregon","2011-12","5.9","45855","NULL","†","2728","Census"
"5060","Exemption","Any Exemption","States","Alaska","2011-12","7","10286","NULL","†","53","Non-random Cluster Sample"
"5061","Exemption","Any Exemption","States","Nebraska","2011-12","1.5","26715","NULL","†","377","Census"
"5062","Exemption","Any Exemption","States","Massachusetts","2011-12","1.4","79551","NULL","†","1067","Census"
"5063","Exemption","Any Exemption","States","Connecticut","2011-12","1.3","45695","NULL","†","609","Census"
"5064","Exemption","Any Exemption","States","Georgia","2011-12","1.3","143065","NULL","†","59","2-stage Cluster Sample"
"5065","Exemption","Any Exemption","States","Kansas","2011-12","1.3","38402","NULL","†","494","Census"
"5066","Exemption","Any Exemption","States","New Jersey","2011-12","1.3","118669","NULL","†","1504","Census"
"5067","Exemption","Any Exemption","States","Indiana","2011-12","1.2","83416","NULL","†","651","Voluntary Response"
"5068","Exemption","Any Exemption","States","South Dakota","2011-12","1.2","12127","NULL","†","150","Census"
"5069","Exemption","Any Exemption","States","Oklahoma","2011-12","1.1","52987","NULL","NULL","548","Census"
"5070","Exemption","Any Exemption","States","South Carolina","2011-12","1.1","59307","NULL","†","64","1-stage Cluster Sample"
"5071","Exemption","Any Exemption","States","West Virginia","2013-14","0.2","22814","NULL","‡. †","35","Voluntary response"
"5072","Exemption","Any Exemption","States","Virginia","2013-14","0.6","105692","NULL","†","619","2-stage cluster  sample"
"5073","Exemption","Any Exemption","States","Alabama","2013-14","0.7","76927","NULL","†. ¶","517","Census"
"5074","Exemption","Any Exemption","States","Louisiana","2013-14","0.8","63976","NULL","NULL","505","Census"
"5075","Exemption","Any Exemption","States","New York","2013-14","0.8","240318","NULL","†","1849","Census"
"5076","Exemption","Any Exemption","States","Delaware","2013-14","0.8","11997","NULL","†","92","Stratified  2-stage cluster sample"
"5077","Exemption","Any Exemption","States","Kentucky","2013-14","0.9","57857","NULL","†","505","Census"
"5078","Exemption","Any Exemption","States","Maryland","2013-14","1","75659","NULL","†","758","Census"
"5079","Exemption","Any Exemption","States","North Carolina","2013-14","1","126084","NULL","†","1266","Census"
"5080","Exemption","Any Exemption","States","Rhode Island","2013-14","1","11521","NULL","†","114","Census"
"5081","Exemption","Any Exemption","States","Tennessee","2013-14","1.1","80212","NULL","†","906","Census"
"5082","Exemption","Any Exemption","States","New Mexico","2013-14","1.1","30725","NULL","†","349","Stratified  2-stage cluster sample"
"5083","Polio","","States","Tennessee","2011-12","97.3","83950","99.9","≥","NULL","Census"
"5084","Polio","","States","New Mexico","2011-12","97.6","29159","2","NULL","NULL","2-stage Cluster Sample"
"5085","Polio","","States","Connecticut","2011-12","97.7","45695","100","*","NULL","Census"
"5086","Polio","","States","Utah","2011-12","98.1","53800","100","*","NULL","Census"
"5087","Polio","","States","Nevada","2011-12","98.3","36557","5.2","NULL","NULL","2-stage Cluster Sample"
"5088","Polio","","States","New York","2011-12","98.4","236016","100","*","NULL","Census"
"5089","Polio","","States","Mississippi","2011-12","99.2","44912","100","≥. *","NULL","Census"
"5090","Polio","","States","Texas","2011-12","99.3","388178","100","*","NULL","Census"
"5091","Polio","","States","Kentucky","2009-10","94.1","56526","92.9","NULL","NULL","Census"
"5092","Polio","","States","Oregon","2009-10","94.3","44676","100","*","NULL","Census"
"5093","Polio","","States","Pennsylvania","2009-10","94.4","149656","100","*","NULL","Census"
"5094","Polio","","States","Minnesota","2009-10","94.8","70653","100","*","NULL","Census"
"5095","Polio","","States","Georgia","2009-10","100","141949","1.2","NULL","NULL","Random sample"
"5096","Polio","","States","Maryland","2009-10","99.8","75061","75","NULL","NULL","Voluntary response"
"5097","Polio","","States","Indiana","2010-11",NA,"NULL","NULL","NULL","NULL",NA
"5098","Polio","","States","Iowa","2010-11",NA,"NULL","NULL","NULL","NULL",NA
"5099","Polio","","States","Idaho","2010-11",NA,"NULL","NULL","NULL","NULL",NA
"5100","Polio","","States","Kansas","2010-11",NA,"NULL","NULL","NULL","NULL",NA
"5101","Polio","","States","Kentucky","2010-11",NA,"NULL","NULL","NULL","NULL",NA
"5102","Polio","","States","Alabama","2010-11",NA,"NULL","NULL","NULL","NULL",NA
"5103","Polio","","States","Arkansas","2010-11",NA,"NULL","NULL","NULL","NULL",NA
"5104","Polio","","States","Louisiana","2010-11",NA,"NULL","NULL","NULL","NULL",NA
"5105","Polio","","States","Hawaii","2010-11",NA,"NULL","NULL","NULL","NULL",NA
"5106","Polio","","States","California","2010-11",NA,"NULL","NULL","NULL","NULL",NA
"5107","Polio","","States","Maine","2010-11",NA,"NULL","NULL","NULL","NULL",NA
"5108","Polio","","States","Maryland","2010-11",NA,"NULL","NULL","NULL","NULL",NA
"5109","Polio","","States","Georgia","2010-11",NA,"NULL","NULL","NULL","NULL",NA
"5110","Polio","","States","Massachusetts","2010-11",NA,"NULL","NULL","NULL","NULL",NA
"5111","Polio","","States","Michigan","2010-11",NA,"NULL","NULL","NULL","NULL",NA
"5112","Polio","","States","Florida","2010-11",NA,"NULL","NULL","NULL","NULL",NA
"5113","Polio","","States","Colorado","2010-11",NA,"NULL","NULL","NULL","NULL",NA
"5114","Polio","","States","Minnesota","2010-11",NA,"NULL","NULL","NULL","NULL",NA
"5115","Polio","","States","Mississippi","2010-11",NA,"NULL","NULL","NULL","NULL",NA
"5116","Polio","","States","Connecticut","2010-11",NA,"NULL","NULL","NULL","NULL",NA
"5117","Polio","","States","District of Columbia","2010-11",NA,"NULL","NULL","NULL","NULL",NA
"5118","Polio","","States","Kentucky","2011-12","95","58185","91.8","NULL","NULL","Census"
"5119","Polio","","States","Pennsylvania","2011-12","95.5","148042","99","NULL","NULL","Census"
"5120","Polio","","States","Montana","2011-12","95.7","12128","100","*","NULL","Census"
"5121","Polio","","States","Minnesota","2012-13","96.7","73310","100","*. ‡","NULL","Census"
"5122","Polio","","States","Ohio","2012-13","96.5","163687","86.9","NULL","NULL","Census"
"5123","Polio","","States","West Virginia","2012-13","96.3","22588","86.5","NULL","NULL","Voluntary Response"
"5124","Polio","","States","Delaware","2012-13","95.7","11997","7.8","≥","NULL","2-stage Cluster Sample"
"5125","Polio","","States","Rhode Island","2012-13","95.5","12552","75.2","‡","NULL","Voluntary Response"
"5126","Exemption","Any Exemption","States","Vermont","2012-13","6.1","6792","NULL","NULL","415","Census"
"5127","Polio","","States","Washington","2016-17","90.6","87142","98.2","§","NULL","Census"
"5128","Polio","","States","Nevada","2016-17","90.4","36885","3.7","NULL","NULL","Stratified 2-stage cluster sample"
"5129","Polio","","States","Idaho","2016-17","90.3","22589","100","*","NULL","Census"
"5130","Polio","","States","Indiana","2016-17","89.5","83263","80.3","NULL","NULL","Voluntary response"
"5131","Polio","","States","Arkansas","2016-17","89","39666","75.9","‡","NULL","Voluntary response"
"5132","Polio","","States","Kansas","2016-17","88.2","38298","22.9","†.‡.§","NULL","Stratified 2-stage cluster sample"
"5133","Polio","","States","Colorado","2016-17","86.1","64440","100","*","NULL","Census"
"5134","Exemption","Any Exemption","States","Indiana","2012-13","1.3","86983","NULL","†","1129","Voluntary Response"
"5135","Exemption","Any Exemption","States","Oklahoma","2012-13","1.3","56943","NULL","NULL","738","Census"
"5136","Exemption","Any Exemption","States","West Virginia","2012-13","1.2","22588","NULL","‡. †","262","Voluntary Response"
"5137","Exemption","Any Exemption","States","Tennessee","2012-13","1.2","85801","NULL","†","1066","Census"
"5138","Exemption","Any Exemption","States","Kansas","2012-13","1.1","40738","NULL","†","436","Census"
"5139","Exemption","Any Exemption","States","Rhode Island","2012-13","1.1","12552","NULL","†","139","Voluntary Response"
"5140","Exemption","Any Exemption","States","Arkansas","2012-13","1.1","43212","NULL","NULL","458","Census"
"5141","Exemption","Any Exemption","States","Maryland","2012-13","1","75007","NULL","†","731","Voluntary Response"
"5142","Exemption","Any Exemption","States","North Carolina","2012-13","0.8","130612","NULL","†. *","1032","Census"
"5143","Exemption","Any Exemption","States","Kentucky","2012-13","0.7","58466","NULL","†","414","Census"
"5144","Exemption","Any Exemption","States","Louisiana","2012-13","0.7","68874","NULL","NULL","458","Census"
"5145","Exemption","Any Exemption","States","Delaware","2012-13","0.7","11997","NULL","†","7","2-stage Cluster Sample"
"5146","Exemption","Any Exemption","States","New York","2012-13","0.7","239484","NULL","†. *","1666","Census"
"5147","Exemption","Any Exemption","States","Alabama","2012-13","0.7","72929","NULL","†. ¶","501","Census"
"5148","Exemption","Any Exemption","States","Virginia","2012-13","0.5","104826","NULL","†","474","2-stage Cluster Sample"
"5149","Exemption","Any Exemption","States","New Mexico","2012-13","0.4","29279","NULL","†","47","2-stage Cluster Sample"
"5150","Exemption","Any Exemption","States","Mississippi","2012-13","0.1","46595","NULL","<. ‡. †","23","Census"
"5151","Exemption","Any Exemption","States","Texas","2012-13",NA,"414688","NULL","§","NULL","Census"
"5152","Exemption","Any Exemption","States","South Carolina","2012-13",NA,"61799","NULL","NULL","NULL","Not conducted"
"5153","Exemption","Any Exemption","States","Nebraska","2013-14","1.7","27000","NULL","†","465","Census"
"5154","Exemption","Any Exemption","States","Minnesota","2013-14","1.7","72087","NULL","§","1225","Census"
"5155","Exemption","Any Exemption","States","Iowa","2013-14","1.7","43728","NULL","†","726","Census"
"5156","Exemption","Any Exemption","States","Wyoming","2013-14",NA,"NULL","NULL","NULL","NULL","Not conducted"
"5157","Exemption","Any Exemption","States","Texas","2013-14",NA,"409255","NULL","§","NULL","Census"
"5158","Exemption","Any Exemption","States","Mississippi","2013-14","0.1","45719","NULL","<. ‡. †","17","Census"
"5159","Polio","","States","Ohio","2011-12","96.2","146144","94.5","NULL","NULL","Convenient"
"5160","Polio","","States","Illinois","2011-12","96.2","163311","100","*","NULL","Census"
"5161","Polio","","States","South Carolina","2011-12","96.7","59307","10.7","NULL","NULL","1-stage Cluster Sample"
"5162","Polio","","States","Georgia","2011-12","96.7","143065","1.9","NULL","NULL","2-stage Cluster Sample"
"5163","Polio","","States","Kansas","2011-12","96.9","38402","52.7","†","NULL","Stratified 1-stage sample  (Public);  Census (Private)"
"5164","Polio","","States","Delaware","2011-12","96.9","11327","7.4","≥","NULL","2-stage Cluster Sample"
"5165","Polio","","States","Wisconsin","2011-12","96.9","70672","2.3","NULL","NULL","2-stage Cluster Sample"
"5166","Polio","","States","Missouri","2011-12","97.2","75240","4.7","NULL","NULL","2-stage Cluster Sample"
"5167","Polio","","States","South Dakota","2011-12","97.2","12127","100","*","NULL","Census"
"5168","Polio","","States","Hawaii","2017-18","95.3","16325","6.6","NULL","NULL","Stratified 2-stage cluster sample"
"5169","Polio","","States","Wyoming","2017-18",NA,"NULL","NULL","NULL","NULL","Not conducted"
"5170","Polio","","States","Colorado","2017-18","88.6","65718","100","*","NULL","Census"
"5171","Polio","","States","Kansas","2017-18","88.8","38484","23.1","†.‡.§","NULL","Stratified 2-stage cluster sample"
"5172","Polio","","States","Washington","2017-18","89.9","85118","96.9","§","NULL","Census"
"5173","Polio","","States","Idaho","2017-18","89.9","22553","99","NULL","NULL","Census"
"5174","Polio","","States","Nebraska","2011-12","99.5","26715","96.6","NULL","NULL","Census"
"5175","Polio","","States","Louisiana","2011-12","99.6","69013","100","*","NULL","Census"
"5176","Polio","","States","Maryland","2011-12","99.7","72957","67.2","NULL","NULL","Voluntary Response"
"5177","Polio","","States","New Jersey","2011-12",NA,"118669","96.6","NULL","NULL","Census"
"5178","Polio","","States","North Carolina","2011-12",NA,"128854","95.4","NULL","NULL","Census"
"5179","Polio","","States","Hawaii","2011-12",NA,"19443","7.7","NULL","NULL","2-stage Cluster Sample"
"5180","Polio","","States","District of Columbia","2011-12",NA,"6854","100","*","NULL","Census"
"5181","Polio","","States","Wyoming","2011-12",NA,"NULL","NULL","NULL","NULL","Not conducted"
"5182","Polio","","States","Alaska","2011-12",NA,"10286","7.3","NULL","NULL","Non-random Cluster Sample"
"5183","Polio","","States","New Hampshire","2011-12",NA,"13022","100","*","NULL","Census"
"5184","Polio","","States","Arkansas","2011-12","84.3","38754","92.2","NULL","NULL","Census"
"5185","Polio","","States","Colorado","2011-12","87.4","70142","0.5","NULL","NULL","Simple Random Sample"
"5186","Polio","","States","Idaho","2011-12","89.6","22762","100","*","NULL","Census"
"5187","Polio","","States","Indiana","2011-12","90.4","83416","67.5","NULL","NULL","Voluntary Response"
"5188","Polio","","States","North Dakota","2011-12","90.6","8412","5.8","¶","NULL","Convenient"
"5189","Polio","","States","Washington","2011-12","91","85134","89.1","NULL","NULL","Voluntary Response"
"5190","Polio","","States","Iowa","2011-12","91.1","40978","100","≥. *","NULL","Census"
"5191","Polio","","States","West Virginia","2011-12","92.6","22449","94.9","NULL","NULL","Convenient"
"5192","Polio","","States","Florida","2011-12","92.6","225532","100","≥. * .§","NULL","Census"
"5193","Polio","","States","Rhode Island","2011-12","92.6","12552","13.9","NULL","NULL","2-stage Cluster Sample"
"5194","Polio","","States","Vermont","2011-12","92.7","6548","100","*","NULL","Census"
"5195","Polio","","States","Virginia","2011-12","93","101121","4.3","NULL","NULL","2-stage Cluster Sample"
"5196","Polio","","States","California","2011-12","93.2","542544","97.6","NULL","NULL","Census"
"5197","Polio","","States","Massachusetts","2011-12","93.3","79551","97.5","NULL","NULL","Census"
"5198","Polio","","States","Alabama","2011-12","93.6","73190","100","≥. * .**","NULL","Census"
"5199","Polio","","States","Oregon","2011-12","94","45855","100","*","NULL","Census"
"5200","Polio","","States","Oklahoma","2011-12","94.6","52987","90.9","¶","NULL","Census"
"5201","Polio","","States","Arizona","2011-12","94.9","88293","96.9","NULL","NULL","Census"
"5202","Polio","","States","Illinois","2016-17","94.8","151309","97.7","NULL","NULL","Census"
"5203","Polio","","States","New Mexico","2016-17","95.1","27119","4.5","NULL","NULL","Stratified 2-stage cluster sample"
"5204","Polio","","States","Missouri","2016-17","95.6","73355","100","*","NULL","Census"
"5205","Polio","","States","Rhode Island","2016-17","95.8","11100","98.4","‡.§","NULL","Census"
"5206","Polio","","States","Kentucky","2016-17","92.7","51487","92.9","‡.§","NULL","Census"
"5207","Polio","","States","Iowa","2016-17","92.6","39587","100","≥.*","NULL","Census"
"5208","Polio","","States","Alaska","2016-17","91.8","9815","7.6","†.§","NULL","Stratified 2-stage cluster sample"
"5209","Polio","","States","New Hampshire","2016-17","91.5","12145","100","≥.*","NULL","Census"
"5210","Polio","","States","Nebraska","2019-20","97.4","26893","96.7","‡.‡‡","NULL","Census"
"5211","Polio","","States","Rhode Island","2019-20","97.5","11219","98.5","*.‡.§","NULL","Census"
"5212","Polio","","States","Louisiana","2019-20","98","59685","100","*","NULL","Census"
"5213","Polio","","States","Maryland","2019-20","98.4","72443","98.3","‡","NULL","Census (public). voluntary response (private)"
"5214","Polio","","States","West Virginia","2019-20","99","17114","49.6","¶","NULL","Voluntary response"
"5215","Polio","","States","Wyoming","2016-17",NA,"NULL","NULL","NULL","NULL","Not conducted"
"5216","Polio","","States","Oklahoma","2016-17",NA,"52184","0","‡.¶","NULL","Census"
"5217","Polio","","States","Louisiana","2016-17","97.1","55257","100","*","NULL","Census"
"5218","Polio","","States","New York","2016-17","97.1","227050","100","*","NULL","Census"
"5219","Polio","","States","Pennsylvania","2016-17","97.2","143888","84.4","NULL","NULL","Voluntary response"
"5220","Polio","","States","California","2016-17","97.3","575305","97.8","‡","NULL","Census"
"5221","Polio","","States","Texas","2016-17","97.3","389999","99","‡.§","NULL","Census"
"5222","Polio","","States","Nebraska","2016-17","97.6","27117","100","*.‡.‡‡","NULL","Census"
"5223","Polio","","States","Maryland","2016-17","98.5","71467","98.1","‡","NULL","Census"
"5224","Polio","","States","Mississippi","2016-17","99.4","40509","100","≥.*","NULL","Census"
"5225","Polio","","States","Delaware","2016-17","99.4","11490","9.3","NULL","NULL","Stratified 2-stage cluster sample"
"5226","Polio","","States","Tennessee","2016-17","96.8","78169","100","*.§","NULL","Census"
"5227","Polio","","States","Connecticut","2016-17","96.8","39002","100","*","NULL","Census"
"5228","Polio","","States","Massachusetts","2016-17","96.6","70109","100","*.‡","NULL","Census"
"5229","Polio","","States","New Jersey","2016-17","96.5","109577","100","≥.*","NULL","Census"
"5230","Polio","","States","South Carolina","2016-17","96.5","59177","8.9","NULL","NULL","Stratified 1-stage cluster sample"
"5231","Polio","","States","Oregon","2017-18","92.7","45818","100","*.‡","NULL","Census"
"5232","Polio","","States","Alabama","2017-18","92.7","57245","100","≥.*","NULL","Census"
"5233","Polio","","States","Indiana","2017-18","92.7","84296","96.4","NULL","NULL","Voluntary Response"
"5234","Polio","","States","Alaska","2017-18","92.9","9692","84.4","†.§","NULL","Stratified 2-stage cluster sample"
"5235","Polio","","States","Minnesota","2017-18","93","69807","98.1","§","NULL","Census"
"5236","Polio","","States","Iowa","2017-18","93","39632","100","≥.*","NULL","Census"
"5237","Polio","","States","Mississippi","2017-18","99.4","39284","100","≥.*","NULL","Census"
"5238","Polio","","States","West Virginia","2017-18","98.2","19519","79.3","¶","NULL","Voluntary response"
"5239","Polio","","States","Maryland","2017-18","98.1","68528","98.5","‡","NULL","Census"
"5240","Polio","","States","Delaware","2017-18","97.1","10988","9.5","NULL","NULL","Stratified 2-stage cluster sample"
"5241","Polio","","States","South Carolina","2017-18","97","58458","27","NULL","NULL","Stratified 1-stage cluster sample"
"5242","Polio","","States","North Carolina","2017-18","97","127197","90.9","‡.§","NULL","Census"
"5243","Polio","","States","Maine","2011-12","96.1","13829","97","NULL","NULL","Census"
"5244","Polio","","States","Nevada","2017-18","93.8","37178","4.8","NULL","NULL","Stratified 2-stage cluster sample"
"5245","Polio","","States","Montana","2017-18","93.8","12188","100","*","NULL","Census"
"5246","Polio","","States","Florida","2017-18","93.7","222397","100","≥.*.§","NULL","Census"
"5247","Polio","","States","Oklahoma","2017-18","93.7","53898","92.1","§","NULL","Census (public). voluntary response (private)"
"5248","Polio","","States","Virginia","2017-18","93.5","100581","4.4","†","NULL","Stratified 2-stage cluster sample"
"5249","Polio","","States","Utah","2017-18","93.5","48827","100","*","NULL","Census"
"5250","Polio","","States","Georgia","2017-18","93.4","131459","100","≥.*","NULL","Census"
"5251","Polio","","States","Illinois","2017-18","95.1","144858","100","*","NULL","Census"
"5252","Polio","","States","Connecticut","2020-21","95.2","34396","100","*","NULL","Census"
"5253","Polio","","States","North Carolina","2020-21","95.2","120995","89","‡.§","NULL","Census (public). voluntary response (private)"
"5254","Polio","","States","California","2020-21","95.2","498214","97.5","‡","NULL","Census"
"5255","Polio","","States","Alabama","2020-21","94.7","56974","100",">=.*","NULL","Census"
"5256","Polio","","States","Arkansas","2017-18","91.3","39630","95.4","‡","NULL","Census"
"5257","Polio","","States","Ohio","2017-18","92.3","138753","94.9","NULL","NULL","Census"
"5258","Polio","","States","Wisconsin","2017-18","92.4","66178","2.3","†.‡.§","NULL","Stratified 2-stage cluster sample"
"5259","Polio","","States","New Hampshire","2017-18","92.4","12165","100","≥","NULL","Census"
"5260","Polio","","States","Ohio","2018-19","92","139679","94.9","NULL","NULL","Census (public). voluntary response (private)"
"5261","Polio","","States","Wisconsin","2018-19","92.3","66344","2.3","†.‡.§","NULL","Stratified 2-stage cluster sample"
"5262","Polio","","States","Vermont","2018-19","92.5","6126","100","*","NULL","Census"
"5263","Polio","","States","Utah","2018-19","92.6","50179","100","*","NULL","Census"
"5264","Polio","","States","Oregon","2018-19","92.7","45870","100","*.‡","NULL","Census"
"5265","Polio","","States","Minnesota","2018-19","92.8","70085","98.1","§","NULL","Census"
"5266","Polio","","States","Hawaii","2018-19","92.8","16051","6.7","NULL","NULL","Stratified 2-stage cluster sample"
"5267","Polio","","States","Connecticut","2018-19","96","38230","100","*","NULL","Census"
"5268","Polio","","States","South Dakota","2018-19","95.9","12062","99.9","NULL","NULL","Census"
"5269","Polio","","States","Nevada","2018-19","95.4","37971","4.8","NULL","NULL","Stratified 2-stage cluster sample"
"5270","Polio","","States","Wyoming","2018-19","95.3","7734","100","*","NULL","Census"
"5271","Polio","","States","Michigan","2018-19","95.2","118632","100","*","NULL","Census"
"5272","Polio","","States","South Carolina","2018-19","95","58442","27","NULL","NULL","Stratified 1-stage cluster sample"
"5273","Polio","","States","New Jersey","2018-19","95","109161","100","≥.*","NULL","Census"
"5274","Polio","","States","Missouri","2018-19","95","72687","100","*","NULL","Census"
"5275","Polio","","States","Maine","2016-17","96.1","13834","90.1","NULL","NULL","Voluntary response (public). census (private)"
"5276","Polio","","States","Minnesota","2016-17","93.7","69140","96.7","§","NULL","Census"
"5277","Polio","","States","Alabama","2016-17","93.8","58394","100","≥.*","NULL","Census"
"5278","Polio","","States","Wisconsin","2016-17","93.8","67607","2.2","†.‡.§","NULL","Stratified 2-stage cluster sample"
"5279","Polio","","States","Utah","2016-17","93.9","49073","100","*","NULL","Census"
"5280","Polio","","States","North Dakota","2016-17","94","9799","98.7","NULL","NULL","Census"
"5281","Polio","","States","Florida","2016-17","94.1","224463","100","≥.*.§","NULL","Census"
"5282","Polio","","States","Montana","2016-17","94.2","11956","100","*","NULL","Census"
"5283","Polio","","States","Arizona","2016-17","94.4","83627","100","*","NULL","Census"
"5284","Polio","","States","Hawaii","2016-17","94.5","16325","6.7","NULL","NULL","Stratified 2-stage cluster sample"
"5285","Polio","","States","Delaware","2018-19","98.1","10798","9.5","NULL","NULL","Stratified 2-stage cluster sample"
"5286","Polio","","States","Maryland","2018-19","97.9","71431","100","‡","NULL","Census"
"5287","Polio","","States","Rhode Island","2018-19","97.6","10964","100","*.‡.§","NULL","Census"
"5288","Polio","","States","Nebraska","2018-19","97.5","26925","98.6","‡.‡‡","NULL","Census"
"5289","Polio","","States","Massachusetts","2018-19","96.9","65279","100","*.‡","NULL","Census"
"5290","Polio","","States","New York","2019-20","97.2","234165","99.9","NULL","NULL","Census"
"5291","Polio","","States","New Mexico","2019-20","96.9","23087","100","*","NULL","Census"
"5292","Polio","","States","Texas","2019-20","96.8","398680","99.6","‡.§","NULL","Census"
"5293","Polio","","States","Massachusetts","2019-20","97.3","66756","100","*.‡","NULL","Census"
"5294","Polio","","States","Wyoming","2019-20","94.7","7913","100","*","NULL","Census"
"5295","Polio","","States","North Dakota","2019-20","94.6","10587","99.5","NULL","NULL","Census"
"5296","Polio","","States","Maine","2019-20","94.2","13450","99.6","NULL","NULL","Census"
"5297","Polio","","States","Mississippi","2019-20","99.1","37870","100","≥.*","NULL","Census"
"5298","Polio","","States","California","2019-20","96.6","566155","97.9","‡","NULL","Census"
"5299","Polio","","States","Tennessee","2019-20","96.5","80595","100","*.§","NULL","Census"
"5300","Polio","","States","Pennsylvania","2019-20","96.5","140197","98.8","NULL","NULL","Census"
"5301","Polio","","States","Illinois","2019-20","96.5","145891","100","*","NULL","Census"
"5302","Polio","","States","Connecticut","2019-20","96.3","38888","100","*","NULL","Census"
"5303","Polio","","States","South Dakota","2019-20","96","12367","99.8","NULL","NULL","Census"
"5304","Polio","","States","New Jersey","2019-20","95.9","107900","100","≥.*","NULL","Census"
"5305","Polio","","States","North Carolina","2019-20","95.5","124548","97.8","‡.§","NULL","Census"
"5306","Polio","","States","South Carolina","2019-20","95.4","65938","27.5","†","NULL","Stratified 1-stage cluster sample"
"5307","Polio","","States","New York","2017-18","97","226456","100","*","NULL","Census"
"5308","Polio","","States","Texas","2017-18","96.9","387981","99.4","‡.§","NULL","Census"
"5309","Polio","","States","California","2017-18","96.8","574702","100","‡","NULL","Census"
"5310","Polio","","States","Nebraska","2017-18","96.7","26313","98.6","‡.‡‡","NULL","Census"
"5311","Polio","","States","Tennessee","2017-18","96.7","78743","100","*.§","NULL","Census"
"5312","Polio","","States","Pennsylvania","2017-18","96.5","141571","93.3","NULL","NULL","Voluntary response"
"5313","Polio","","States","South Dakota","2017-18","96.5","12125","99.9","NULL","NULL","Census"
"5314","Polio","","States","Connecticut","2017-18","96.5","39174","100","*","NULL","Census"
"5315","Polio","","States","Massachusetts","2017-18","96.3","63377","100","*.‡","NULL","Census"
"5316","Polio","","States","Rhode Island","2017-18","96.3","11025","100","*.‡.§","NULL","Census"
"5317","Polio","","States","New Jersey","2017-18","96.1","107630","100","≥.*","NULL","Census"
"5318","Polio","","States","Louisiana","2017-18","95.8","58277","100","*","NULL","Census"
"5319","Polio","","States","Michigan","2017-18","95.7","119028","100","*","NULL","Census"
"5320","Polio","","States","Missouri","2017-18","95.5","73113","100","*","NULL","Census"
"5321","Polio","","States","Maine","2017-18","95.3","13255","95.9","NULL","NULL","Census"
"5322","Polio","","States","New Mexico","2017-18","94.8","26896","99.6","NULL","NULL","Stratified 2-stage cluster sample"
"5323","Polio","","States","North Dakota","2017-18","94.4","10365","99.4","NULL","NULL","Census"
"5324","Polio","","States","Vermont","2017-18","94.1","6255","100","*","NULL","Census"
"5325","Polio","","States","Kentucky","2017-18","94","55152","99","‡.§","NULL","Census"
"5326","Polio","","States","Arizona","2017-18","93.9","81710","100","*","NULL","Census"
"5327","Polio","","States","Tennessee","2020-21","96.5","73819","100","*.§","NULL","Census"
"5328","Polio","","States","Nevada","2020-21","96.1","34171","94.7","NULL","NULL","Census (public). voluntary response (private)"
"5329","Polio","","States","Delaware","2020-21","95.9","10587","9.2","NULL","NULL","Stratified 2-stage cluster sample"
"5330","Polio","","States","Michigan","2020-21","95.9","106657","100","*","NULL","Census"
"5331","Polio","","States","New Mexico","2020-21","95.7","20589","100","*","NULL","Census"
"5332","Polio","","States","Massachusetts","2020-21","95.6","60724","100","*.‡","NULL","Census"
"5333","Polio","","States","Pennsylvania","2020-21","95.4","129307","95","NULL","NULL","Census (public). voluntary response (private)"
"5334","Polio","","States","South Carolina","2020-21","95.3","56330","26.5","†","NULL","Stratified 1-stage cluster sample"
"5335","Polio","","States","Texas","2020-21","95.2","377840","98.9","‡.§","NULL","Census"
"5336","Polio","","States","Oregon","2020-21","92","39568","100","*.‡","NULL","Census"
"5337","Polio","","States","Utah","2020-21","91.3","46247","100","*","NULL","Census"
"5338","Polio","","States","Oklahoma","2020-21","91.3","52656","90","‡.§","NULL","Census (public). voluntary response (private)"
"5339","Polio","","States","New Hampshire","2020-21","90.8","10242","57",">=. §","NULL","Voluntary response"
"5340","Polio","","States","Wyoming","2020-21","90.2","6923","100",">=.*","NULL","Census"
"5341","Polio","","States","South Dakota","2020-21","94.5","11512","99.9","NULL","NULL","Census"
"5342","Polio","","States","Illinois","2018-19","94.6","143876","100","*","NULL","Census"
"5343","Polio","","States","Maine","2018-19","94.5","13419","95.9","NULL","NULL","Census"
"5344","Polio","","States","Kentucky","2018-19","94.1","55587","99","‡.§","NULL","Census"
"5345","Polio","","States","Florida","2018-19","93.8","224641","100","≥.*.§","NULL","Census"
"5346","Polio","","States","North Dakota","2018-19","93.8","10382","99.4","NULL","NULL","Census"
"5347","Polio","","States","Montana","2018-19","93.7","12480","100","*","NULL","Census"
"5348","Polio","","States","Georgia","2018-19","93.6","131275","100","≥.*","NULL","Census"
"5349","Polio","","States","Arkansas","2018-19","93.6","39257","95.4","‡","NULL","Census (public). voluntary response (private)"
"5350","Polio","","States","Virginia","2018-19","93.5","100394","4.4","†","NULL","Stratified 2-stage cluster sample"
"5351","Polio","","States","Iowa","2018-19","93.3","40624","100","≥.*","NULL","Census"
"5352","Polio","","States","North Carolina","2018-19","93.3","124343","90.9","‡.§","NULL","Census (public). voluntary response (private)"
"5353","Polio","","States","Arizona","2018-19","93.2","79981","100","*","NULL","Census"
"5354","Polio","","States","Oklahoma","2018-19","93","54806","92.1","§","NULL","Census (public). voluntary response (private)"
"5355","Polio","","States","New Mexico","2018-19","96.1","25269","99.6","NULL","NULL","Census"
"5356","Polio","","States","Pennsylvania","2018-19","96.2","143560","93.3","NULL","NULL","Census (public). voluntary response (private)"
"5357","Polio","","States","Tennessee","2018-19","96.2","78630","100","*.§","NULL","Census"
"5358","Polio","","States","California","2018-19","96.5","568947","97.7","‡","NULL","Census"
"5359","Polio","","States","New York","2018-19","96.8","220495","100","*","NULL","Census"
"5360","Polio","","States","Texas","2018-19","96.9","390034","99.4","‡.§","NULL","Census"
"5361","Polio","","States","New Hampshire","2018-19","91.8","12421","100","≥","NULL","Census"
"5362","Polio","","States","Indiana","2018-19","91.3","82324","96.4","NULL","NULL","Census"
"5363","Polio","","States","Alabama","2018-19","90.6","77739","100","≥.*","NULL","Census"
"5364","Polio","","States","Washington","2018-19","90.2","87510","96.9","§","NULL","Census"
"5365","Polio","","States","Kansas","2018-19","89.3","37838","23.1","†.‡.§","NULL","Stratified 2-stage cluster sample"
"5366","Polio","","States","Idaho","2018-19","89.1","22995","99","NULL","NULL","Census"
"5367","Polio","","States","Colorado","2018-19","87.2","64191","100","*","NULL","Census"
"5368","Polio","","States","Mississippi","2018-19","99.2","37775","100","≥.*","NULL","Census"
"5369","Polio","","States","West Virginia","2018-19","98.8","19442","79.3","¶","NULL","Voluntary response"
"5370","Polio","","States","Louisiana","2018-19","98.4","56203","100","*","NULL","Census"
"5371","Polio","","States","New Jersey","2021-22","94.1","104240","100",">=. §. *","NULL","Census"
"5372","Polio","","States","Texas","2021-22","94","389037","99.3","‡. §","NULL","Census"
"5373","Polio","","States","Wyoming","2021-22","93.8","7382","100","*","NULL","Census"
"5374","Polio","","States","South Dakota","2021-22","93.6","12251","100","*","NULL","Census"
"5375","Polio","","States","Michigan","2019-20","95.3","120565","100","*","NULL","Census"
"5376","Polio","","States","Nevada","2019-20","95","37724","99.9","NULL","NULL","Census"
"5377","Polio","","States","Missouri","2019-20","94.9","72324","100","*","NULL","Census"
"5378","Polio","","States","Ohio","2021-22","88.9","139077","91.9","NULL","NULL","Census (pub.), vol. response (pvt.)"
"5379","Polio","","States","Colorado","2021-22","88.8","66900","97.5","NULL","NULL","Census"
"5380","Polio","","States","New Hampshire","2021-22","88.7","12157","100",">=. §. *","NULL","Census"
"5381","Polio","","States","TX-City of Houston","2021-22","88.3","40123","99.3","‡. §","NULL","Census"
"5382","Polio","","States","Oklahoma","2019-20","94.1","55348","85.6","§","NULL","Voluntary response"
"5383","Polio","","States","Kentucky","2019-20","94.1","59233","92.9","‡.§","NULL","Census"
"5384","Polio","","States","Vermont","2019-20","94.1","6293","100","*","NULL","Census"
"5385","Polio","","States","Montana","2019-20","93.8","12501","100","*","NULL","Census"
"5386","Polio","","States","Kansas","2019-20","93.7","37865","34.3","†.‡.§","NULL","Stratified 2-stage cluster sample"
"5387","Polio","","States","Wisconsin","2019-20","93.7","67391","2.6","†.‡.§","NULL","Stratified 2-stage cluster sample"
"5388","Polio","","States","Florida","2019-20","93.5","228298","100","≥.*.§","NULL","Census"
"5389","Polio","","States","Arkansas","2019-20","93.4","39510","96.2","‡","NULL","Census (public). voluntary response (private)"
"5390","Polio","","States","Iowa","2019-20","93.2","40812","100","≥.*","NULL","Census"
"5391","Polio","","States","Georgia","2019-20","93.1","130102","100","≥.*","NULL","Census"
"5392","Polio","","States","Arizona","2019-20","93.1","83976","98.7","NULL","NULL","Census (public). voluntary response (private)"
"5393","Polio","","States","Oregon","2019-20","92.8","45959","100","*.‡","NULL","Census"
"5394","Polio","","States","Washington","2019-20","92.8","87757","91.9","§","NULL","Census"
"5395","Polio","","States","Minnesota","2019-20","92.8","71223","98.7","§","NULL","Census"
"5396","Polio","","States","Ohio","2019-20","92.7","139103","98.8","NULL","NULL","Census"
"5397","Polio","","States","Virginia","2019-20","92.7","99399","1.2","†","NULL","Stratified 2-stage cluster sample"
"5398","Polio","","States","District of Columbia","2019-20",NA,"NULL","NULL","NULL","NULL","Not Conducted"
"5399","Polio","","States","Delaware","2019-20",NA,"NULL","NULL","NULL","NULL","Not Conducted"
"5400","Polio","","States","Alaska","2019-20",NA,"10381","82.7","§","NULL","Voluntary response"
"5401","Polio","","States","Alabama","2019-20","86.6","59477","94.9","≥","NULL","Census"
"5402","Polio","","States","Idaho","2019-20","89.1","23301","98.5","NULL","NULL","Census"
"5403","Polio","","States","Indiana","2019-20","90.4","88253","65.7","NULL","NULL","Voluntary response"
"5404","Polio","","States","Colorado","2019-20","90.6","69088","98.2","NULL","NULL","Census"
"5405","Polio","","States","New Hampshire","2019-20","91.5","12447","100","≥.*","NULL","Census"
"5406","Polio","","States","Hawaii","2019-20","91.6","15695","8.9","NULL","NULL","Stratified 2-stage cluster sample"
"5407","Polio","","States","Utah","2019-20","92.5","49208","100","*","NULL","Census"
"5408","Polio","","States","Mississippi","2020-21","98.9","34028","100",">=.*","NULL","Census"
"5409","Polio","","States","Louisiana","2020-21","98.6","61912","100","*","NULL","Census"
"5410","Polio","","States","New York","2020-21","97.9","216804","91.5","NULL","NULL","Census (public). voluntary response (private)"
"5411","Polio","","States","Nebraska","2020-21","97","25681","94.8","‡","NULL","Census (public). voluntary response (private)"
"5412","Polio","","States","Rhode Island","2020-21","96.9","10402","93","‡.§","NULL","Census"
"5413","Polio","","States","NY-City of New York","2020-21","96.8","91920","94.2","NULL","NULL","Census (public). voluntary response (private)"
"5414","Polio","","States","North Dakota","2020-21","93.2","10116","99.1","NULL","NULL","Census"
"5415","Polio","","States","Missouri","2020-21","92.9","63093","100","*","NULL","Census"
"5416","Polio","","States","Montana","2020-21","92.9","11279","100","*","NULL","Census"
"5417","Polio","","States","Arkansas","2020-21","92.7","37540","95.6","‡","NULL","Census (public). voluntary response (private)"
"5418","Polio","","States","Kansas","2020-21","92.5","34687","32.7","†.‡.§","NULL","Stratified 2-stage cluster sample"
"5419","Polio","","States","Arizona","2020-21","92.3","76382","92.4","NULL","NULL","Census (public). voluntary response (private)"
"5420","Polio","","States","Mississippi","2023-24","97.5","36105","100",">=. *","NULL","Census"
"5421","Polio","","States","Maine","2023-24","97.4","12087","93","NULL","NULL","Census"
"5422","Polio","","States","Maryland","2020-21","90.1","65764","75.6","‡","NULL","Voluntary response"
"5423","Polio","","States","Kentucky","2020-21","90.1","59233","86.4","‡.§","NULL","Census (public). voluntary response (private)"
"5424","Polio","","States","Indiana","2020-21","89.9","78694","71.4","§","NULL","Voluntary response"
"5425","Polio","","States","Colorado","2020-21","89.8","63619","97.3","NULL","NULL","Census"
"5426","Polio","","States","Minnesota","2020-21","89.7","66007","95.2","NULL","NULL","Census"
"5427","Polio","","States","Ohio","2020-21","89.4","128535","91.1","NULL","NULL","Census (public). voluntary response (private)"
"5428","Polio","","States","Georgia","2020-21","88.5","83191","100",">=.*","NULL","Census"
"5429","Polio","","States","Hawaii","2020-21","88.4","13074","9.3","NULL","NULL","Stratified 2-stage cluster sample"
"5430","Polio","","States","Wisconsin","2020-21","87.2","63486","84.5",">=.†.‡.§","NULL","Voluntary response"
"5431","Polio","","States","Idaho","2020-21","86.6","22677","98.3","NULL","NULL","Census"
"5432","Polio","","States","TX-City of Houston","2020-21","83.4","39627","94.9","‡.§","NULL","Census (public). voluntary response (private)"
"5433","Polio","","States","District of Columbia","2020-21","80.4","8262","100","*","NULL","Census"
"5434","Polio","","States","Illinois","2020-21","NR","NULL","NULL","NULL","NULL","Not Conducted"
"5435","Polio","","States","West Virginia","2020-21","NR","NULL","NULL","NULL","NULL","Not Conducted"
"5436","Polio","","States","Washington","2020-21","93.4","74931","100","§","NULL","Census"
"5437","Polio","","States","Florida","2020-21","93.3","207026","100",">=.*","NULL","Census"
"5438","Polio","","States","Nebraska","2021-22","97.6","25018","99.5","‡","NULL","Census"
"5439","Polio","","States","New York","2021-22","97.4","195377","99.3","NULL","NULL","Census"
"5440","Polio","","States","Rhode Island","2021-22","97.1","11002","96.9","‡. §","NULL","Census"
"5441","Polio","","States","Delaware","2021-22","97.1","11181","9.5","‡","NULL","Stratified 2-stage cluster sample"
"5442","Polio","","States","West Virginia","2021-22","96.6","18070","85.5","‡. §","NULL","Vol. response"
"5443","Polio","","States","Maine","2021-22","96.5","12881","91.6","NULL","NULL","Census"
"5444","Polio","","States","NY-City of New York","2021-22","96.4","82938","99.8","NULL","NULL","Census"
"5445","Polio","","States","California","2021-22","96.2","512144","98.4","‡","NULL","Census"
"5446","Polio","","States","North Carolina","2021-22","96.1","118191","78.5","§. ‡","NULL","Vol. response"
"5447","Polio","","States","Massachusetts","2021-22","96","65582","100","*. ‡","NULL","Census"
"5448","Polio","","States","Connecticut","2021-22","96","35451","100","*","NULL","Census"
"5449","Polio","","States","Tennessee","2021-22","95.4","79120","100","§. *","NULL","Census"
"5450","Polio","","States","Pennsylvania","2021-22","95.1","139558","94.9","NULL","NULL","Census (pub.), vol. response (pvt.)"
"5451","Polio","","States","Alabama","2021-22","94.9","60332","100",">=. *","NULL","Census"
"5452","Polio","","States","Maryland","2021-22","94.8","53866","98.4","‡","NULL","Census"
"5453","Polio","","States","Michigan","2021-22","94.8","114251","100","*","NULL","Census"
"5454","Polio","","States","Virginia","2021-22","94.7","95996","2.8","†","NULL","Stratified 2-stage cluster sample"
"5455","Polio","","States","New Mexico","2021-22","94.3","20736","100","*","NULL","Census"
"5456","Polio","","States","Arkansas","2021-22","91.4","39358","96.3","NULL","NULL","Census (pub.), vol. response (pvt.)"
"5457","Polio","","States","Arizona","2021-22","90.9","83463","97","NULL","NULL","Census"
"5458","Polio","","States","Iowa","2021-22","90.6","40111","100",">=. *","NULL","Census"
"5459","Polio","","States","Utah","2021-22","90","48995","100","*","NULL","Census"
"5460","Polio","","States","Minnesota","2021-22","89.3","69403","98.7","NULL","NULL","Census"
"5461","Polio","","States","Indiana","2021-22","89.3","83198","75.1","§","NULL","Vol. response"
"5462","Polio","","States","Virginia","2024-25","95.1","91453","1.7","†","NULL","Stratified 2-stage cluster sample"
"5463","Polio","","States","Nebraska","2024-25","96","24102","100","*. ‡","NULL","Census"
"5464","Polio","","States","Kentucky","2021-22","87.8","59233","91.5",">=. ‡. §","NULL","Census"
"5465","Polio","","States","District of Columbia","2021-22","84.7","8959","100","*","NULL","Census"
"5466","Polio","","States","Idaho","2021-22","84","23854","99.6","NULL","NULL","Census"
"5467","Polio","","States","Georgia","2021-22","83.2","118742","100",">=. *","NULL","Census"
"5468","Polio","","States","Wisconsin","2021-22","82.6","64275","96.8",">=. ‡","NULL","Census (pub.), vol. response (pvt.)"
"5469","Polio","","States","Louisiana","2021-22","97.6","66518","100","*","NULL","Census"
"5470","Polio","","States","Nebraska","2022-23","97","23176","100","*. ‡","NULL","Census"
"5471","Polio","","States","Rhode Island","2022-23","96.9","10532","96.5","‡. §","NULL","Census"
"5472","Polio","","States","Maine","2022-23","96.8","12403","93.9","NULL","NULL","Census"
"5473","Polio","","States","NY-City of New York","2022-23","96.6","85379","97.6","NULL","NULL","Census (pub.), vol. response (pvt.)"
"5474","Polio","","States","Massachusetts","2022-23","96.3","66041","100","*. ‡","NULL","Census"
"5475","Polio","","States","California","2022-23","96.3","541132","100","‡","NULL","Census"
"5476","Polio","","States","West Virginia","2022-23","95.6","19175","86.1",">=. ‡. §","NULL","Vol. response (pub.), census (pvt.)"
"5477","Polio","","States","New Mexico","2022-23","95","21068","100","*","NULL","Census"
"5478","Polio","","States","Tennessee","2022-23","95","79692","100","§. *","NULL","Census"
"5479","Polio","","States","New Jersey","2022-23","94.3","104468","100",">=. §. *","NULL","Census"
"5480","Polio","","States","Virginia","2022-23","94.2","93271","1.6","†","NULL","Stratified 2-stage cluster sample"
"5481","Polio","","States","Pennsylvania","2022-23","94.1","137259","97.2","NULL","NULL","Census (pub.), vol. response (pvt.)"
"5482","Polio","","States","Texas","2022-23","94.1","381680","98","‡. §","NULL","Census"
"5483","Polio","","States","Delaware","2022-23","94","10674","9.7","‡","NULL","Stratified 2-stage cluster sample"
"5484","Polio","","States","North Carolina","2022-23","93.9","125679","83.1","§. ‡","NULL","Vol. response"
"5485","Polio","","States","Alabama","2022-23","93.9","59113","100",">=. *","NULL","Census"
"5486","Polio","","States","Michigan","2022-23","93.7","113678","100","*","NULL","Census"
"5487","Polio","","States","Vermont","2022-23","92.8","5816","100","*","NULL","Census"
"5488","Polio","","States","Nevada","2022-23","92.8","34333","89.1","NULL","NULL","Vol. response (pub.), census (pvt.)"
"5489","Polio","","States","South Carolina","2022-23","92.4","58878","28.1","†","NULL","Stratified 1-stage cluster sample"
"5490","Polio","","States","South Dakota","2022-23","92.3","12081","100","*","NULL","Census"
"5491","Polio","","States","Maryland","2022-23","97.2","59684","100","*. ‡","NULL","Census"
"5492","Polio","","States","New Jersey","2020-21","94.3","100144","100",">=.*","NULL","Census"
"5493","Polio","","States","Maine","2020-21","94.2","13477","85","NULL","NULL","Voluntary response (public). census (private)"
"5494","Polio","","States","Virginia","2020-21","94.1","88273","2","†","NULL","Stratified 2-stage cluster sample"
"5495","Polio","","States","Vermont","2020-21","93.7","5535","100","*","NULL","Census"
"5496","Polio","","States","Iowa","2020-21","93.4","39141","100",">=.*","NULL","Census"
"5497","Polio","","States","District of Columbia","2022-23","87.8","8064","100","*","NULL","Census"
"5498","Polio","","States","Colorado","2022-23","87","65576","97.2","NULL","NULL","Census"
"5499","Polio","","States","Hawaii","2022-23","87","13195","8.1","NULL","NULL","Stratified 2-stage cluster sample"
"5500","Polio","","States","Idaho","2022-23","81.8","23721","99.3","NULL","NULL","Census"
"5501","Polio","","States","Alaska","2022-23","84.4","9650","88.8","¶","NULL","Vol. response (pub.), not conducted (pvt.)"
"5502","Polio","","States","West Virginia","2023-24","98.4","18261","82.8","‡. §","NULL","Vol. response"
"5503","Polio","","States","Connecticut","2023-24","97.8","36184","100","*","NULL","Census"
"5504","Polio","","States","Louisiana","2025-26","91.1","50223","100","*","NULL","Census"
"5505","Polio","","States","Kentucky","2025-26","91.1","49937","100","*. �","NULL","Census"
"5506","Polio","","States","Michigan","2025-26","91.5","104614","100","*. �","NULL","Census"
"5507","Polio","","States","New York","2023-24","97.1","200894","98.8","NULL","NULL","Census"
"5508","Polio","","States","Maryland","2023-24","97","63224","100",">=. *. ‡","NULL","Census"
"5509","Polio","","States","Rhode Island","2023-24","96.7","10539","97.8","‡. §","NULL","Census"
"5510","Polio","","States","Massachusetts","2023-24","96.2","65424","100","*. ‡","NULL","Census"
"5511","Polio","","States","California","2023-24","96.1","569680","100","*. ‡","NULL","Census"
"5512","Polio","","States","Nebraska","2023-24","95.7","23118","100","*. ‡","NULL","Census"
"5513","Polio","","States","NY-City of New York","2023-24","95.7","85360","99.3","NULL","NULL","Census"
"5514","Polio","","States","New Mexico","2023-24","95","20699","100","*","NULL","Census"
"5515","Polio","","States","Louisiana","2023-24","95","51839","100","*","NULL","Census"
"5516","Polio","","States","Tennessee","2023-24","94.6","79323","95.8","§","NULL","Census"
"5517","Polio","","States","Texas","2023-24","94.2","381421","92.4","‡. §","NULL","Census (pub.), vol. response (prv.)"
"5518","Polio","","States","Alabama","2023-24","93.8","54565","100",">=. *","NULL","Census"
"5519","Polio","","States","North Carolina","2023-24","93.8","125964","90.8","§","NULL","Census (pub.), vol. response (prv.)"
"5520","Polio","","States","Delaware","2023-24","93.8","11043","12.1",">=. ‡","NULL","Stratified 2-stage cluster sample"
"5521","Polio","","States","TX-City of Houston","2023-24","93.6","37882","67.7","‡. §","NULL","Vol. response"
"5522","Polio","","States","Pennsylvania","2023-24","93.4","137593","96.5","NULL","NULL","Census"
"5523","Polio","","States","New Jersey","2023-24","93.2","105408","100",">=. §. *","NULL","Census"
"5524","Polio","","States","Virginia","2023-24","93","92633","1.9","†","NULL","Stratified 2-stage cluster sample"
"5525","Polio","","States","Michigan","2023-24","92.7","110156","100","*","NULL","Census"
"5526","Polio","","States","Hawaii","2021-22","93.2","13368","6.7","NULL","NULL","Stratified 2-stage cluster sample"
"5527","Polio","","States","Vermont","2021-22","93.1","6126","100","*","NULL","Census"
"5528","Polio","","States","Alaska","2021-22","77.1","9790","76.2","¶","NULL","Vol. response (pub.), not conducted (pvt.)"
"5529","Polio","","States","Mississippi","2021-22","98.6","36524","100",">=. *","NULL","Census"
"5530","Polio","","States","Oregon","2021-22","92.3","41538","100","*. ‡","NULL","Census"
"5531","Polio","","States","Nevada","2021-22","92.2","36855","99.2","NULL","NULL","Census (pub.), vol. response (pvt.)"
"5532","Polio","","States","Kansas","2021-22","92.1","36526","29.5","†. ‡. §","NULL","Stratified 1-stage cluster sample"
"5533","Polio","","States","South Carolina","2021-22","91.9","58276","27.2","†","NULL","1-stage cluster sample"
"5534","Polio","","States","Oklahoma","2021-22","91.9","54042","84.3","‡","NULL","Vol. response"
"5535","Polio","","States","Missouri","2021-22","91.9","71034","100","*","NULL","Census"
"5536","Polio","","States","Illinois","2021-22","91.9","137699","100","*","NULL","Census"
"5537","Polio","","States","Washington","2021-22","91.9","87256","97.3","§","NULL","Census (pub.), vol. response (pvt.)"
"5538","Polio","","States","Florida","2021-22","91.7","229432","97.8",">=. §","NULL","Census"
"5539","Polio","","States","North Dakota","2021-22","91.7","10755","96.6","NULL","NULL","Census"
"5540","Polio","","States","Vermont","2024-25","93.5","5432","100","*","NULL","Census"
"5541","Polio","","States","Tennessee","2024-25","94.2","78299","96.7","§","NULL","Census"
"5542","Polio","","States","North Carolina","2024-25","94.2","124028","91","§","NULL","Census (pub.), vol. response (prv.)"
"5543","Polio","","States","New Mexico","2024-25","94.9","20180","100","*","NULL","Census"
"5544","Polio","","States","Delaware","2024-25","94.9","10393","14.2","‡","NULL","2-stage cluster sample (pub.), nonrandom 2-stage cluster sample (prv.)"
"5545","Polio","","States","Wisconsin","2024-25","86.8","61120","95.7","‡. §","NULL","Census (pub.), vol. response (prv.)"
"5546","Polio","","States","Minnesota","2024-25","87.5","64898","99.7","NULL","NULL","Census"
"5547","Polio","","States","Colorado","2024-25","87.6","60055","100","*. §","NULL","Census"
"5548","Polio","","States","Alabama","2024-25","96","53589","99.9","NULL","NULL","Census"
"5549","Polio","","States","California","2024-25","96","590849","100","*. ‡","NULL","Census"
"5550","Polio","","States","NY-City of New York","2024-25","96.4","85986","96.9","NULL","NULL","Census (pub.), vol. response (prv.)"
"5551","Polio","","States","Massachusetts","2024-25","96.5","65581","100","*. ‡","NULL","Census"
"5552","Polio","","States","Rhode Island","2024-25","96.7","10088","96.7","‡. §","NULL","Census"
"5553","Polio","","States","Maryland","2024-25","96.9","66135","95.6","‡","NULL","Census (pub.), vol. response (prv.)"
"5554","Polio","","States","Louisiana","2024-25","96.9","49229","100","*","NULL","Census"
"5555","Polio","","States","Mississippi","2024-25","97.6","35293","100",">=. *","NULL","Census"
"5556","Polio","","States","New York","2024-25","97.6","234054","85.1","NULL","NULL","Vol. response"
"5557","Polio","","States","Maine","2024-25","97.7","11761","95.4","NULL","NULL","Census"
"5558","Polio","","States","Connecticut","2024-25","98.3","30112","100","*","NULL","Census"
"5559","Polio","","States","Connecticut","2022-23","97.3","35580","100","*","NULL","Census"
"5560","Polio","","States","New York","2022-23","97.5","205906","96.6","NULL","NULL","Census (pub.), vol. response (pvt.)"
"5561","Polio","","States","Louisiana","2022-23","98.3","54314","100","*","NULL","Census"
"5562","Polio","","States","Mississippi","2022-23","98.4","36048","100",">=. *","NULL","Census"
"5563","Polio","","States","Georgia","2022-23","88.1","123771","100",">=. *","NULL","Census"
"5564","Polio","","States","Wisconsin","2022-23","88.2","63593","93.9","‡","NULL","Census (pub.), vol. response (pvt.)"
"5565","Polio","","States","Minnesota","2022-23","88.6","68152","97.9","NULL","NULL","Census"
"5566","Polio","","States","Indiana","2022-23","88.8","81307","87.5","§","NULL","Vol. response (pub.), census (pvt.)"
"5567","Polio","","States","New Hampshire","2022-23","89.4","11332","100",">=. §. *","NULL","Census"
"5568","Polio","","States","Ohio","2022-23","89.7","134893","93.7","NULL","NULL","Census (pub.), vol. response (pvt.)"
"5569","Polio","","States","Iowa","2022-23","89.9","39178","100",">=. *","NULL","Census"
"5570","Polio","","States","Utah","2022-23","89.9","46635","100","*","NULL","Census"
"5571","Polio","","States","Wyoming","2022-23","90.1","7060","100","*","NULL","Census"
"5572","Polio","","States","Washington","2022-23","90.2","86284","97.9","§","NULL","Census"
"5573","Polio","","States","Arizona","2022-23","90.3","80814","97.7","NULL","NULL","Census"
"5574","Polio","","States","Florida","2022-23","90.6","230309","97.7",">=","NULL","Census"
"5575","Polio","","States","Arkansas","2022-23","90.7","38358","95.8","NULL","NULL","Census (pub.), vol. response (pvt.)"
"5576","Polio","","States","TX-City of Houston","2022-23","91","37664","98.8","‡. §","NULL","Census (pub.), vol. response (pvt.)"
"5577","Polio","","States","Oklahoma","2022-23","91","52548","89.5","‡","NULL","Census (pub.), vol. response (pvt.)"
"5578","Polio","","States","Kentucky","2022-23","91.2","54742","96.9",">=. ‡. §","NULL","Census"
"5579","Polio","","States","Illinois","2022-23","91.4","135332","100","*","NULL","Census"
"5580","Polio","","States","Missouri","2022-23","91.5","69126","100","*","NULL","Census"
"5581","Polio","","States","Oregon","2022-23","91.5","40963","100","*. ‡","NULL","Census"
"5582","Polio","","States","North Dakota","2022-23","91.9","10554","99.4","NULL","NULL","Census"
"5583","Polio","","States","Kansas","2022-23","92.2","35543","30.8","†. ‡. §","NULL","Stratified 1-stage cluster sample"
"5584","Polio","","States","North Carolina","2025-26","93.6","120045","90.1","�","NULL","Census (pub.), vol. response (prv.)"
"5585","Polio","","States","South Carolina","2025-26","93.6","57542","26.2","�","NULL","Stratified 1-stage cluster sample"
"5586","Polio","","States","Nevada","2025-26","90.4","32815","93.6","NULL","NULL","Census (pub.), vol. response (prv.)"
"5587","Varicella","UTD (or disease history)","","","","","","","","",""
"5588","Varicella","UTD (or disease history)","","","","","","","","",""
"5589","Varicella","UTD (or disease history)","","","","","","","","",""
"5590","Polio","","States","Wyoming","2025-26","91.8","6146","100","*","NULL","Census"
"5591","Polio","","States","TX-City of Houston","2025-26","92.1","36071","94.6","�. �","NULL","Census (pub.), vol. response (prv.)"
"5592","Polio","","States","South Carolina","2023-24","92.6","58069","26.7","†","NULL","Stratified 1-stage cluster sample"
"5593","Polio","","States","Vermont","2023-24","92.6","5630","100","*","NULL","Census"
"5594","Polio","","States","Wyoming","2023-24","92.5","6754","100","*","NULL","Census"
"5595","Polio","","States","Idaho","2023-24","80.1","22376","100","*","NULL","Census"
"5596","Polio","","States","Alaska","2023-24","84.4","8644","88.9","¶","NULL","Census (pub.), not conducted (prv.)"
"5597","Polio","","States","Wisconsin","2023-24","86.3","62028","98.2","‡. §","NULL","Census"
"5598","Polio","","States","Indiana","2023-24","87.6","80639","88.5","§","NULL","Census (pub.), vol. response (prv.)"
"5599","Polio","","States","Colorado","2023-24","87.9","61662","100","*","NULL","Census"
"5600","Polio","","States","Florida","2023-24","88.1","228213","100",">=. *","NULL","Census"
"5601","Polio","","States","Minnesota","2023-24","88.1","66032","99.1","NULL","NULL","Census"
"5602","Polio","","States","Utah","2023-24","88.2","46228","100","*","NULL","Census"
"5603","Polio","","States","Georgia","2023-24","88.4","136943","100",">=. *","NULL","Census"
"5604","Polio","","States","Iowa","2023-24","89.1","38611","100",">=. *","NULL","Census"
"5605","Polio","","States","New Hampshire","2023-24","89.2","11871","100",">=. §. *","NULL","Census"
"5606","Polio","","States","District of Columbia","2023-24","89.4","7874","100","*","NULL","Census"
"5607","Polio","","States","Ohio","2023-24","89.6","133716","94","NULL","NULL","Census (pub.), vol. response (prv.)"
"5608","Polio","","States","Arizona","2023-24","90","74834","99.6","NULL","NULL","Census"
"5609","Polio","","States","Hawaii","2023-24","90.2","13995","8.2","NULL","NULL","Stratified 2-stage cluster sample"
"5610","Polio","","States","Washington","2023-24","90.4","84053","97.2","§","NULL","Census"
"5611","Polio","","States","North Dakota","2023-24","91","9708","97.5","NULL","NULL","Census"
"5612","Polio","","States","South Dakota","2023-24","91","11744","99.8","§","NULL","Census"
"5613","Polio","","States","Missouri","2023-24","91","69014","100","*","NULL","Census"
"5614","Polio","","States","Oregon","2023-24","91.1","39568","100","*. ‡","NULL","Census"
"5615","Polio","","States","Oklahoma","2023-24","91.4","49979","93.8","‡","NULL","Census (pub.), vol. response (prv.)"
"5616","Polio","","States","Arkansas","2023-24","91.4","37535","95.4","NULL","NULL","Census (pub.), vol. response (prv.)"
"5617","Polio","","States","Illinois","2023-24","91.5","133578","100","*","NULL","Census"
"5618","Polio","","States","Nevada","2023-24","91.5","31261","91.3","NULL","NULL","Census"
"5619","Polio","","States","Kansas","2023-24","91.6","34178","37.1","†. ‡. §","NULL","Stratified 2-stage cluster sample"
"5620","Polio","","States","Kentucky","2023-24","91.7","52609","100",">=. *. ‡. §","NULL","Census"
"5621","Polio","","States","Pennsylvania","2024-25","92.4","140160","95.3","NULL","NULL","Census (pub.), vol. response (prv.)"
"5622","Polio","","States","Hawaii","2024-25","92.5","13804","10.5","NULL","NULL","Stratified 2-stage cluster sample"
"5623","Polio","","States","New Jersey","2024-25","92.8","104339","100",">=. *","NULL","Census"
"5624","Polio","","States","Wyoming","2024-25","93","6564","100","*","NULL","Census"
"5625","Polio","","States","Texas","2024-25","93.2","378860","97.3","‡. §","NULL","Census (pub.), vol. response (prv.)"
"5626","Polio","","States","Georgia","2024-25","86.8","114568","100",">=. *","NULL","Census"
"5627","Polio","","States","Idaho","2024-25","78.9","22242","99.5","NULL","NULL","Census"
"5628","Polio","","States","Alaska","2024-25","81.5","7338","99.8","¶","NULL","Census (pub.), not conducted (prv.)"
"5629","Varicella","UTD (or disease history)","","","","","","","","",""
"5630","Polio","","States","Kentucky","2024-25","86.7","51319","100","*. §","NULL","Census"
"5631","Varicella","UTD (or disease history)","","","","","","","","",""
"5632","Varicella","UTD (or disease history)","","","","","","","","",""
"5633","Polio","","States","Indiana","2024-25","87.7","73744","92.7","§","NULL","Census (pub.), vol. response (prv.)"
"5634","Polio","","States","Utah","2024-25","87.7","45818","100","*","NULL","Census"
"5635","Polio","","States","Ohio","2024-25","88.6","131589","93.2","NULL","NULL","Census (pub.), vol. response (prv.)"
"5636","Polio","","States","TX-City of Houston","2024-25","88.6","36981","98.8","‡. §","NULL","Census (pub.), vol. response (prv.)"
"5637","Polio","","States","Florida","2024-25","88.8","221053","100",">=. *","NULL","Census"
"5638","Polio","","States","Arkansas","2024-25","88.8","37570","96.4","NULL","NULL","Census (pub.), vol. response (prv.)"
"5639","Polio","","States","Iowa","2024-25","88.8","38268","100",">=. *","NULL","Census"
"5640","Polio","","States","North Dakota","2024-25","89.1","9659","98.8","NULL","NULL","Census"
"5641","Polio","","States","Arizona","2024-25","89.1","75024","97.4","NULL","NULL","Census"
"5642","Polio","","States","New Hampshire","2024-25","89.2","11713","100",">=. *. §","NULL","Census"
"5643","Polio","","States","South Dakota","2024-25","89.9","11367","99.3","§","NULL","Census"
"5644","Polio","","States","Washington","2024-25","90","76756","97.9","NULL","NULL","Census"
"5645","Polio","","States","Oregon","2024-25","90.4","38247","100","*. ‡","NULL","Census"
"5646","Polio","","States","Oklahoma","2024-25","90.4","47544","86.7","‡","NULL","Vol. response"
"5647","Polio","","States","Missouri","2024-25","90.7","68163","100","*","NULL","Census"
"5648","Polio","","States","Nevada","2024-25","90.9","33272","92.6","NULL","NULL","Census (pub.), vol. response (prv.)"
"5649","Polio","","States","Illinois","2024-25","91.5","132769","99.5","NULL","NULL","Census"
"5650","Polio","","States","South Carolina","2024-25","91.8","57718","34.3","†","NULL","Stratified 1-stage cluster sample"
"5651","Polio","","States","Michigan","2024-25","92.2","107636","100","*. ‡","NULL","Census"
"5652","Polio","","States","Kansas","2024-25","92.3","33892","29.2","†. ‡. §","NULL","Stratified 2-stage cluster sample"
"5653","Polio","","States","District of Columbia","2024-25","92.3","7997","100","*","NULL","Census"
"5654","Polio","","States","West Virginia","2025-26","99.1","15445","93.3","�. �","NULL","Census"
"5655","Polio","","States","Connecticut","2025-26","98.5","33118","100","*","NULL","Census"
"5656","Polio","","States","Maine","2025-26","97.9","11634","94.4","NULL","NULL","Census"
"5657","Polio","","States","New York","2025-26","97.6","203514","95.8","NULL","NULL","Census (pub.), vol. response (prv.)"
"5658","Polio","","States","Mississippi","2025-26","97","34969","100",">=. *","NULL","Census"
"5659","Polio","","States","Maryland","2025-26","96.9","66945","97.8","�","NULL","Census (pub.), vol. response (prv.)"
"5660","Polio","","States","Delaware","2025-26","96.5","10729","12.9","NULL","NULL","2-stage cluster sample (pub.), nonrandom 2-stage cluster sample (prv.)"
"5661","Polio","","States","Massachusetts","2025-26","96.5","65331","100","�","NULL","Census"
"5662","Polio","","States","Rhode Island","2025-26","96.5","10123","97.1","�","NULL","Census"
"5663","Polio","","States","NY-City of New York","2025-26","96.4","82534","98.1","NULL","NULL","Census"
"5664","Polio","","States","Nebraska","2025-26","95.6","23807","100","*. �","NULL","Census"
"5665","Polio","","States","California","2025-26","95.5","614405","100","*. �","NULL","Census"
"5666","Polio","","States","Alabama","2025-26","95.2","53378","100","*","NULL","Census"
"5667","Polio","","States","New Mexico","2025-26","94.9","19843","100","*. �","NULL","Census"
"5668","Polio","","States","District of Columbia","2025-26","94.5","7871","100","*","NULL","Census"
"5669","Polio","","States","Tennessee","2025-26","94.2","73415","97.4","�","NULL","Census"
"5670","Polio","","States","Virginia","2025-26","93.7","88950","95.7","NULL","NULL","Census"
"5671","Varicella","UTD (or disease history)","","","","","","","","",""
"5672","Varicella","UTD (or disease history)","","","","","","","","",""
"5673","Varicella","UTD (or disease history)","","","","","","","","",""
"5674","Varicella","UTD (or disease history)","","","","","","","","",""
"5675","Varicella","UTD (or disease history)","","","","","","","","",""
"5676","Varicella","UTD (or disease history)","","","","","","","","",""
"5677","Varicella","UTD (or disease history)","","","","","","","","",""
"5678","Varicella","UTD (or disease history)","","","","","","","","",""
"5679","Varicella","UTD (or disease history)","","","","","","","","",""
"5680","Varicella","UTD (or disease history)","","","","","","","","",""
"5681","Varicella","UTD (or disease history)","","","","","","","","",""
"5682","Varicella","UTD (or disease history)","","","","","","","","",""
"5683","Varicella","UTD (or disease history)","","","","","","","","",""
"5684","Varicella","UTD (or disease history)","","","","","","","","",""
"5685","Varicella","UTD (or disease history)","","","","","","","","",""
"5686","Varicella","UTD (or disease history)","","","","","","","","",""
"5687","Varicella","UTD (or disease history)","","","","","","","","",""
"5688","Varicella","UTD (or disease history)","","","","","","","","",""
"5689","Varicella","UTD (or disease history)","","","","","","","","",""
"5690","Varicella","UTD (or disease history)","","","","","","","","",""
"5691","Varicella","UTD (or disease history)","","","","","","","","",""
"5692","Varicella","UTD (or disease history)","","","","","","","","",""
"5693","Varicella","UTD (or disease history)","","","","","","","","",""
"5694","Varicella","UTD (or disease history)","","","","","","","","",""
"5695","Varicella","UTD (or disease history)","","","","","","","","",""
"5696","Varicella","UTD (or disease history)","","","","","","","","",""
"5697","Varicella","UTD (or disease history)","","","","","","","","",""
"5698","Varicella","UTD (or disease history)","","","","","","","","",""
"5699","Varicella","UTD (or disease history)","","","","","","","","",""
"5700","Varicella","UTD (or disease history)","","","","","","","","",""
"5701","Varicella","UTD (or disease history)","","","","","","","","",""
"5702","Varicella","UTD (or disease history)","","","","","","","","",""
"5703","Varicella","UTD (or disease history)","","","","","","","","",""
"5704","Varicella","UTD (or disease history)","","","","","","","","",""
"5705","Varicella","UTD (or disease history)","","","","","","","","",""
"5706","Varicella","UTD (or disease history)","","","","","","","","",""
"5707","Varicella","UTD (or disease history)","","","","","","","","",""
"5708","Varicella","UTD (or disease history)","","","","","","","","",""
"5709","Varicella","UTD (or disease history)","","","","","","","","",""
"5710","Varicella","UTD (or disease history)","","","","","","","","",""
"5711","Varicella","UTD (or disease history)","","","","","","","","",""
"5712","Varicella","UTD (or disease history)","","","","","","","","",""
"5713","Varicella","UTD (or disease history)","","","","","","","","",""
"5714","Varicella","UTD (or disease history)","","","","","","","","",""
"5715","Varicella","UTD (or disease history)","","","","","","","","",""
"5716","Varicella","UTD (or disease history)","","","","","","","","",""
"5717","Varicella","UTD (or disease history)","","","","","","","","",""
"5718","Varicella","UTD (or disease history)","","","","","","","","",""
"5719","Varicella","UTD (or disease history)","","","","","","","","",""
"5720","Varicella","UTD (or disease history)","","","","","","","","",""
"5721","Varicella","UTD (or disease history)","","","","","","","","",""
"5722","Varicella","UTD (or disease history)","","","","","","","","",""
"5723","Varicella","UTD (or disease history)","","","","","","","","",""
"5724","Varicella","UTD (or disease history)","","","","","","","","",""
"5725","Varicella","UTD (or disease history)","","","","","","","","",""
"5726","Varicella","UTD (or disease history)","","","","","","","","",""
"5727","Varicella","UTD (or disease history)","","","","","","","","",""
"5728","Varicella","UTD (or disease history)","","","","","","","","",""
"5729","Varicella","UTD (or disease history)","","","","","","","","",""
"5730","Varicella","UTD (or disease history)","","","","","","","","",""
"5731","Varicella","UTD (or disease history)","","","","","","","","",""
"5732","Varicella","UTD (or disease history)","","","","","","","","",""
"5733","Varicella","UTD (or disease history)","","","","","","","","",""
"5734","Varicella","UTD (or disease history)","","","","","","","","",""
"5735","Varicella","UTD (or disease history)","","","","","","","","",""
"5736","Varicella","UTD (or disease history)","","","","","","","","",""
"5737","Varicella","UTD (or disease history)","","","","","","","","",""
"5738","Varicella","UTD (or disease history)","","","","","","","","",""
"5739","Varicella","UTD (or disease history)","","","","","","","","",""
"5740","Varicella","UTD (or disease history)","","","","","","","","",""
"5741","Varicella","UTD (or disease history)","","","","","","","","",""
"5742","Varicella","UTD (or disease history)","","","","","","","","",""
"5743","Varicella","UTD (or disease history)","","","","","","","","",""
"5744","Varicella","UTD (or disease history)","","","","","","","","",""
"5745","Varicella","UTD (or disease history)","","","","","","","","",""
"5746","Varicella","UTD (or disease history)","","","","","","","","",""
"5747","Varicella","UTD (or disease history)","","","","","","","","",""
"5748","Varicella","UTD (or disease history)","","","","","","","","",""
"5749","Varicella","UTD (or disease history)","","","","","","","","",""
"5750","Varicella","UTD (or disease history)","","","","","","","","",""
"5751","Varicella","UTD (or disease history)","","","","","","","","",""
"5752","Varicella","UTD (or disease history)","","","","","","","","",""
"5753","Varicella","UTD (or disease history)","","","","","","","","",""
"5754","Varicella","UTD (or disease history)","","","","","","","","",""
"5755","Varicella","UTD (or disease history)","","","","","","","","",""
"5756","Varicella","UTD (or disease history)","","","","","","","","",""
"5757","Varicella","UTD (or disease history)","","","","","","","","",""
"5758","Varicella","UTD (or disease history)","","","","","","","","",""
"5759","Varicella","UTD (or disease history)","","","","","","","","",""
"5760","Varicella","UTD (or disease history)","","","","","","","","",""
"5761","Varicella","UTD (or disease history)","","","","","","","","",""
"5762","Varicella","UTD (or disease history)","","","","","","","","",""
"5763","Varicella","UTD (or disease history)","","","","","","","","",""
"5764","Varicella","UTD (or disease history)","","","","","","","","",""
"5765","Varicella","UTD (or disease history)","","","","","","","","",""
"5766","Varicella","UTD (or disease history)","","","","","","","","",""
"5767","Varicella","UTD (or disease history)","","","","","","","","",""
"5768","Varicella","UTD (or disease history)","","","","","","","","",""
"5769","Varicella","UTD (or disease history)","","","","","","","","",""
"5770","Varicella","UTD (or disease history)","","","","","","","","",""
"5771","Varicella","1 Dose (or disease history)","States","Rhode Island","2009-10",NA,"11818","11.6","NULL","NULL","Random sample"
"5772","Varicella","1 Dose (or disease history)","States","Alaska","2009-10",NA,"9641","76.4","NULL","NULL","Voluntary response"
"5773","Varicella","1 Dose (or disease history)","States","Pennsylvania","2009-10",NA,"149656","100","*","NULL","Census"
"5774","Varicella","1 Dose (or disease history)","States","Washington","2009-10",NA,"81511","93.3","NULL","NULL","Census"
"5775","Varicella","1 Dose (or disease history)","States","Colorado","2009-10",NA,"NULL","NULL","NULL","NULL","Not conducted"
"5776","Varicella","UTD (or disease history)","","","","","","","","",""
"5777","Varicella","UTD (or disease history)","","","","","","","","",""
"5778","Varicella","UTD (or disease history)","","","","","","","","",""
"5779","Varicella","UTD (or disease history)","","","","","","","","",""
"5780","Varicella","UTD (or disease history)","","","","","","","","",""
"5781","Varicella","UTD (or disease history)","","","","","","","","",""
"5782","Varicella","UTD (or disease history)","","","","","","","","",""
"5783","Varicella","UTD (or disease history)","","","","","","","","",""
"5784","Varicella","UTD (or disease history)","","","","","","","","",""
"5785","Varicella","UTD (or disease history)","","","","","","","","",""
"5786","Varicella","UTD (or disease history)","","","","","","","","",""
"5787","Varicella","UTD (or disease history)","","","","","","","","",""
"5788","Varicella","UTD (or disease history)","","","","","","","","",""
"5789","Varicella","UTD (or disease history)","","","","","","","","",""
"5790","Varicella","UTD (or disease history)","","","","","","","","",""
"5791","Varicella","UTD (or disease history)","","","","","","","","",""
"5792","Varicella","UTD (or disease history)","","","","","","","","",""
"5793","Varicella","UTD (or disease history)","","","","","","","","",""
"5794","Varicella","1 Dose (or disease history)","States","Delaware","2009-10",NA,"11327","9.2","NULL","NULL","Random sample"
"5795","Varicella","1 Dose (or disease history)","States","District of Columbia","2009-10",NA,"6092","100","*","NULL","Census"
"5796","Varicella","1 Dose (or disease history)","States","Florida","2009-10",NA,"218630","100","* .§","NULL","Census"
"5797","Varicella","1 Dose (or disease history)","States","Georgia","2009-10",NA,"141949","1.2","NULL","NULL","Random sample"
"5798","Varicella","1 Dose (or disease history)","States","Hawaii","2009-10",NA,"18427","6.4","NULL","NULL","Random sample"
"5799","Varicella","1 Dose (or disease history)","States","Idaho","2009-10","NReq","22624","100","*","NULL","Census"
"5800","Varicella","1 Dose (or disease history)","States","Iowa","2009-10",NA,"42698","100","≥","NULL","Census"
"5801","Varicella","1 Dose (or disease history)","States","Louisiana","2009-10",NA,"53846","100","*","NULL","Census"
"5802","Varicella","1 Dose (or disease history)","States","Minnesota","2009-10",NA,"70653","100","*","NULL","Census"
"5803","Varicella","UTD (or disease history)","","","","","","","","",""
"5804","Varicella","UTD (or disease history)","","","","","","","","",""
"5805","Varicella","UTD (or disease history)","","","","","","","","",""
"5806","Varicella","UTD (or disease history)","","","","","","","","",""
"5807","Varicella","UTD (or disease history)","","","","","","","","",""
"5808","Varicella","UTD (or disease history)","","","","","","","","",""
"5809","Varicella","UTD (or disease history)","","","","","","","","",""
"5810","Varicella","UTD (or disease history)","","","","","","","","",""
"5811","Varicella","UTD (or disease history)","","","","","","","","",""
"5812","Varicella","UTD (or disease history)","","","","","","","","",""
"5813","Varicella","UTD (or disease history)","","","","","","","","",""
"5814","Varicella","UTD (or disease history)","","","","","","","","",""
"5815","Varicella","UTD (or disease history)","","","","","","","","",""
"5816","Varicella","UTD (or disease history)","","","","","","","","",""
"5817","Varicella","UTD (or disease history)","","","","","","","","",""
"5818","Varicella","UTD (or disease history)","","","","","","","","",""
"5819","Varicella","UTD (or disease history)","","","","","","","","",""
"5820","Varicella","UTD (or disease history)","","","","","","","","",""
"5821","Varicella","UTD (or disease history)","","","","","","","","",""
"5822","Varicella","UTD (or disease history)","","","","","","","","",""
"5823","Varicella","UTD (or disease history)","","","","","","","","",""
"5824","Varicella","UTD (or disease history)","","","","","","","","",""
"5825","Varicella","UTD (or disease history)","","","","","","","","",""
"5826","Varicella","UTD (or disease history)","","","","","","","","",""
"5827","Varicella","UTD (or disease history)","","","","","","","","",""
"5828","Varicella","UTD (or disease history)","","","","","","","","",""
"5829","Varicella","UTD (or disease history)","","","","","","","","",""
"5830","Varicella","UTD (or disease history)","","","","","","","","",""
"5831","Varicella","UTD (or disease history)","","","","","","","","",""
"5832","Varicella","UTD (or disease history)","","","","","","","","",""
"5833","Varicella","UTD (or disease history)","","","","","","","","",""
"5834","Varicella","UTD (or disease history)","","","","","","","","",""
"5835","Varicella","UTD (or disease history)","","","","","","","","",""
"5836","Varicella","UTD (or disease history)","","","","","","","","",""
"5837","Varicella","UTD (or disease history)","","","","","","","","",""
"5838","Varicella","UTD (or disease history)","","","","","","","","",""
"5839","Varicella","UTD (or disease history)","","","","","","","","",""
"5840","Varicella","UTD (or disease history)","","","","","","","","",""
"5841","Varicella","UTD (or disease history)","","","","","","","","",""
"5842","Varicella","UTD (or disease history)","","","","","","","","",""
"5843","Varicella","UTD (or disease history)","","","","","","","","",""
"5844","Varicella","UTD (or disease history)","","","","","","","","",""
"5845","Varicella","UTD (or disease history)","","","","","","","","",""
"5846","Varicella","UTD (or disease history)","","","","","","","","",""
"5847","Varicella","UTD (or disease history)","","","","","","","","",""
"5848","Varicella","UTD (or disease history)","","","","","","","","",""
"5849","Varicella","UTD (or disease history)","","","","","","","","",""
"5850","Varicella","1 Dose (or disease history)","States","Mississippi","2009-10",NA,"46922","100","*","NULL","Census"
"5851","Varicella","1 Dose (or disease history)","States","Montana","2009-10","NReq","12335","98.8","NULL","NULL","Census"
"5852","Varicella","1 Dose (or disease history)","States","New Hampshire","2009-10",NA,"NULL","NULL","NULL","NULL","Not conducted"
"5853","Varicella","1 Dose (or disease history)","States","New Jersey","2009-10",NA,"118347","95.1","NULL","NULL","Census"
"5854","Varicella","1 Dose (or disease history)","States","New Mexico","2009-10",NA,"26318","2.2","NULL","NULL","Random sample"
"5855","Varicella","1 Dose (or disease history)","States","North Carolina","2009-10",NA,"116087","96","NULL","NULL","Census"
"5856","Varicella","1 Dose (or disease history)","States","North Dakota","2009-10",NA,"8323","6","¶","NULL","Random sample"
"5857","Varicella","1 Dose (or disease history)","States","Iowa","2010-11",NA,"NULL","NULL","NULL","NULL",NA
"5858","Varicella","1 Dose (or disease history)","States","Indiana","2010-11",NA,"NULL","NULL","NULL","NULL",NA
"5859","Varicella","1 Dose (or disease history)","States","Illinois","2010-11",NA,"NULL","NULL","NULL","NULL",NA
"5860","Varicella","1 Dose (or disease history)","States","Idaho","2010-11",NA,"NULL","NULL","NULL","NULL",NA
"5861","Varicella","1 Dose (or disease history)","States","Hawaii","2010-11",NA,"NULL","NULL","NULL","NULL",NA
"5862","Varicella","1 Dose (or disease history)","States","Georgia","2010-11",NA,"NULL","NULL","NULL","NULL",NA
"5863","Varicella","1 Dose (or disease history)","States","Florida","2010-11",NA,"NULL","NULL","NULL","NULL",NA
"5864","Varicella","1 Dose (or disease history)","States","District of Columbia","2010-11",NA,"NULL","NULL","NULL","NULL",NA
"5865","Varicella","1 Dose (or disease history)","States","Delaware","2010-11",NA,"NULL","NULL","NULL","NULL",NA
"5866","Varicella","1 Dose (or disease history)","States","Connecticut","2010-11",NA,"NULL","NULL","NULL","NULL",NA
"5867","Varicella","1 Dose (or disease history)","States","Colorado","2010-11",NA,"NULL","NULL","NULL","NULL",NA
"5868","Varicella","1 Dose (or disease history)","States","California","2010-11",NA,"NULL","NULL","NULL","NULL",NA
"5869","Varicella","1 Dose (or disease history)","States","Arkansas","2010-11",NA,"NULL","NULL","NULL","NULL",NA
"5870","Varicella","1 Dose (or disease history)","States","Arizona","2010-11",NA,"NULL","NULL","NULL","NULL",NA
"5871","Varicella","1 Dose (or disease history)","States","Alaska","2010-11",NA,"NULL","NULL","NULL","NULL",NA
"5872","Varicella","1 Dose (or disease history)","States","Alabama","2010-11",NA,"NULL","NULL","NULL","NULL",NA
"5873","Varicella","1 Dose (or disease history)","States","Ohio","2010-11",NA,"NULL","NULL","NULL","NULL",NA
"5874","Varicella","1 Dose (or disease history)","States","North Dakota","2010-11",NA,"NULL","NULL","NULL","NULL",NA
"5875","Varicella","1 Dose (or disease history)","States","Oklahoma","2010-11",NA,"NULL","NULL","NULL","NULL",NA
"5876","Varicella","1 Dose (or disease history)","States","North Carolina","2010-11",NA,"NULL","NULL","NULL","NULL",NA
"5877","Varicella","1 Dose (or disease history)","States","Wyoming","2009-10",NA,"NULL","NULL","NULL","NULL","Not conducted"
"5878","Varicella","UTD (or disease history)","","","","","","","","",""
"5879","Varicella","UTD (or disease history)","","","","","","","","",""
"5880","Varicella","UTD (or disease history)","","","","","","","","",""
"5881","Varicella","UTD (or disease history)","","","","","","","","",""
"5882","Varicella","UTD (or disease history)","","","","","","","","",""
"5883","Varicella","UTD (or disease history)","","","","","","","","",""
"5884","Varicella","1 Dose (or disease history)","States","Kansas","2009-10",NA,"39073","39.1","†","NULL","Stratified 1-stage sample  (Public);  Census (Private)"
"5885","Varicella","1 Dose (or disease history)","States","Kentucky","2009-10",NA,"56526","92.9","NULL","NULL","Census"
"5886","Varicella","UTD (or disease history)","","","","","","","","",""
"5887","Varicella","UTD (or disease history)","","","","","","","","",""
"5888","Varicella","UTD (or disease history)","","","","","","","","",""
"5889","Varicella","UTD (or disease history)","","","","","","","","",""
"5890","Varicella","UTD (or disease history)","","","","","","","","",""
"5891","Varicella","UTD (or disease history)","","","","","","","","",""
"5892","Varicella","UTD (or disease history)","","","","","","","","",""
"5893","Varicella","UTD (or disease history)","","","","","","","","",""
"5894","Varicella","UTD (or disease history)","","","","","","","","",""
"5895","Varicella","UTD (or disease history)","","","","","","","","",""
"5896","Varicella","UTD (or disease history)","","","","","","","","",""
"5897","Varicella","UTD (or disease history)","","","","","","","","",""
"5898","Varicella","UTD (or disease history)","","","","","","","","",""
"5899","Varicella","UTD (or disease history)","","","","","","","","",""
"5900","Varicella","UTD (or disease history)","","","","","","","","",""
"5901","Varicella","UTD (or disease history)","","","","","","","","",""
"5902","Varicella","UTD (or disease history)","","","","","","","","",""
"5903","Varicella","UTD (or disease history)","","","","","","","","",""
"5904","Varicella","UTD (or disease history)","","","","","","","","",""
"5905","Varicella","UTD (or disease history)","","","","","","","","",""
"5906","Varicella","UTD (or disease history)","","","","","","","","",""
"5907","Varicella","UTD (or disease history)","","","","","","","","",""
"5908","Varicella","UTD (or disease history)","","","","","","","","",""
"5909","Varicella","UTD (or disease history)","","","","","","","","",""
"5910","Varicella","UTD (or disease history)","","","","","","","","",""
"5911","Varicella","UTD (or disease history)","","","","","","","","",""
"5912","Varicella","UTD (or disease history)","","","","","","","","",""
"5913","Varicella","UTD (or disease history)","","","","","","","","",""
"5914","Varicella","UTD (or disease history)","","","","","","","","",""
"5915","Varicella","UTD (or disease history)","","","","","","","","",""
"5916","Varicella","UTD (or disease history)","","","","","","","","",""
"5917","Varicella","UTD (or disease history)","","","","","","","","",""
"5918","Varicella","UTD (or disease history)","","","","","","","","",""
"5919","Varicella","UTD (or disease history)","","","","","","","","",""
"5920","Varicella","UTD (or disease history)","","","","","","","","",""
"5921","Varicella","UTD (or disease history)","","","","","","","","",""
"5922","Varicella","UTD (or disease history)","","","","","","","","",""
"5923","Varicella","UTD (or disease history)","","","","","","","","",""
"5924","Varicella","UTD (or disease history)","","","","","","","","",""
"5925","Varicella","UTD (or disease history)","","","","","","","","",""
"5926","Varicella","UTD (or disease history)","","","","","","","","",""
"5927","Varicella","UTD (or disease history)","","","","","","","","",""
"5928","Varicella","UTD (or disease history)","","","","","","","","",""
"5929","Varicella","UTD (or disease history)","","","","","","","","",""
"5930","Varicella","UTD (or disease history)","","","","","","","","",""
"5931","Varicella","UTD (or disease history)","","","","","","","","",""
"5932","Varicella","UTD (or disease history)","","","","","","","","",""
"5933","Varicella","UTD (or disease history)","","","","","","","","",""
"5934","Varicella","UTD (or disease history)","","","","","","","","",""
"5935","Varicella","UTD (or disease history)","","","","","","","","",""
"5936","Varicella","UTD (or disease history)","","","","","","","","",""
"5937","Varicella","UTD (or disease history)","","","","","","","","",""
"5938","Varicella","UTD (or disease history)","","","","","","","","",""
"5939","Varicella","UTD (or disease history)","","","","","","","","",""
"5940","Varicella","UTD (or disease history)","","","","","","","","",""
"5941","Varicella","UTD (or disease history)","","","","","","","","",""
"5942","Varicella","UTD (or disease history)","","","","","","","","",""
"5943","Varicella","UTD (or disease history)","","","","","","","","",""
"5944","Varicella","UTD (or disease history)","","","","","","","","",""
"5945","Varicella","UTD (or disease history)","","","","","","","","",""
"5946","Varicella","UTD (or disease history)","","","","","","","","",""
"5947","Varicella","UTD (or disease history)","","","","","","","","",""
"5948","Varicella","UTD (or disease history)","","","","","","","","",""
"5949","Varicella","UTD (or disease history)","","","","","","","","",""
"5950","Varicella","UTD (or disease history)","","","","","","","","",""
"5951","Varicella","UTD (or disease history)","","","","","","","","",""
"5952","Varicella","UTD (or disease history)","","","","","","","","",""
"5953","Varicella","UTD (or disease history)","","","","","","","","",""
"5954","Varicella","UTD (or disease history)","","","","","","","","",""
"5955","Varicella","UTD (or disease history)","","","","","","","","",""
"5956","Varicella","UTD (or disease history)","","","","","","","","",""
"5957","Varicella","UTD (or disease history)","","","","","","","","",""
"5958","Varicella","1 Dose (or disease history)","States","Tennessee","2010-11",NA,"NULL","NULL","NULL","NULL",NA
"5959","Varicella","1 Dose (or disease history)","States","Vermont","2010-11",NA,"NULL","NULL","NULL","NULL",NA
"5960","Varicella","1 Dose (or disease history)","States","Utah","2010-11",NA,"NULL","NULL","NULL","NULL",NA
"5961","Varicella","1 Dose (or disease history)","States","Texas","2010-11",NA,"NULL","NULL","NULL","NULL",NA
"5962","Varicella","1 Dose (or disease history)","States","Nebraska","2010-11",NA,"NULL","NULL","NULL","NULL",NA
"5963","Varicella","UTD (or disease history)","","","","","","","","",""
"5964","Varicella","UTD (or disease history)","","","","","","","","",""
"5965","Varicella","UTD (or disease history)","","","","","","","","",""
"5966","Varicella","UTD (or disease history)","","","","","","","","",""
"5967","Varicella","1 Dose (or disease history)","States","Louisiana","2010-11",NA,"NULL","NULL","NULL","NULL",NA
"5968","Varicella","1 Dose (or disease history)","States","Kentucky","2010-11",NA,"NULL","NULL","NULL","NULL",NA
"5969","Varicella","1 Dose (or disease history)","States","Kansas","2010-11",NA,"NULL","NULL","NULL","NULL",NA
"5970","Varicella","1 Dose (or disease history)","States","Nevada","2010-11",NA,"NULL","NULL","NULL","NULL",NA
"5971","Varicella","1 Dose (or disease history)","States","New Hampshire","2010-11",NA,"NULL","NULL","NULL","NULL",NA
"5972","Varicella","1 Dose (or disease history)","States","Wyoming","2010-11",NA,"NULL","NULL","NULL","NULL",NA
"5973","Varicella","1 Dose (or disease history)","States","Wisconsin","2010-11",NA,"NULL","NULL","NULL","NULL",NA
"5974","Varicella","1 Dose (or disease history)","States","Oregon","2011-12","95","45855","100","*","NULL","Census"
"5975","Varicella","1 Dose (or disease history)","States","California","2011-12","96.1","542544","97.6","NULL","NULL","Census"
"5976","Varicella","1 Dose (or disease history)","States","Arizona","2011-12","96.9","88293","96.9","NULL","NULL","Census"
"5977","Varicella","1 Dose (or disease history)","States","South Carolina","2011-12","97.1","59307","10.7","NULL","NULL","1-stage Cluster Sample"
"5978","Varicella","1 Dose (or disease history)","States","Oklahoma","2011-12","97.8","52987","90.9","¶","NULL","Census"
"5979","Varicella","1 Dose (or disease history)","States","Illinois","2011-12","98","163311","100","*","NULL","Census"
"5980","Varicella","1 Dose (or disease history)","States","New York","2011-12","98.4","236016","100","*","NULL","Census"
"5981","Varicella","1 Dose (or disease history)","States","Utah","2011-12","99.5","53800","100","*","NULL","Census"
"5982","Varicella","1 Dose (or disease history)","States","Tennessee","2011-12",NA,"83950","99.9","NULL","NULL","Census"
"5983","Varicella","1 Dose (or disease history)","States","South Dakota","2011-12",NA,"12127","100","*","NULL","Census"
"5984","Varicella","1 Dose (or disease history)","States","Massachusetts","2011-12",NA,"79551","97.5","NULL","NULL","Census"
"5985","Varicella","1 Dose (or disease history)","States","Rhode Island","2011-12",NA,"12552","13.9","NULL","NULL","2-stage Cluster Sample"
"5986","Varicella","1 Dose (or disease history)","States","Michigan","2011-12",NA,"124962","100","*","NULL","Census"
"5987","Varicella","1 Dose (or disease history)","States","Minnesota","2011-12",NA,"71213","99.2","NULL","NULL","Census"
"5988","Varicella","1 Dose (or disease history)","States","Idaho","2011-12",NA,"22762","100","*","NULL","Census"
"5989","Varicella","1 Dose (or disease history)","States","Hawaii","2011-12",NA,"19443","7.7","NULL","NULL","2-stage Cluster Sample"
"5990","Varicella","1 Dose (or disease history)","States","Connecticut","2011-12",NA,"45695","100","*","NULL","Census"
"5991","Varicella","1 Dose (or disease history)","States","Pennsylvania","2011-12",NA,"148042","99","NULL","NULL","Census"
"5992","Varicella","1 Dose (or disease history)","States","North Carolina","2011-12",NA,"128854","95.4","NULL","NULL","Census"
"5993","Varicella","1 Dose (or disease history)","States","Colorado","2011-12",NA,"70142","0.5","NULL","NULL","Simple Random Sample"
"5994","Varicella","1 Dose (or disease history)","States","Ohio","2011-12",NA,"146144","94.5","NULL","NULL","Convenient"
"5995","Varicella","UTD (or disease history)","","","","","","","","",""
"5996","Varicella","UTD (or disease history)","","","","","","","","",""
"5997","Varicella","UTD (or disease history)","","","","","","","","",""
"5998","Varicella","UTD (or disease history)","","","","","","","","",""
"5999","Varicella","UTD (or disease history)","","","","","","","","",""
"6000","MMR (PAC)","MMR (PAC)","States","Mississippi","2017-18","99.9","NULL","NULL","NULL","NULL","NULL"
"6001","MMR (PAC)","MMR (PAC)","States","West Virginia","2017-18","99.8","NULL","NULL","NULL","NULL","NULL"
"6002","MMR (PAC)","MMR (PAC)","States","California","2017-18","99.3","NULL","NULL","NULL","NULL","NULL"
"6003","MMR (PAC)","MMR (PAC)","States","North Carolina","2017-18","99.2","NULL","NULL","NULL","NULL","NULL"
"6004","MMR (PAC)","MMR (PAC)","States","Rhode Island","2017-18","99.1","NULL","NULL","NULL","NULL","NULL"
"6005","MMR (PAC)","MMR (PAC)","States","Alabama","2017-18","99.1","NULL","NULL","NULL","NULL","NULL"
"6006","MMR (PAC)","MMR (PAC)","States","Indiana","2017-18","99.1","NULL","NULL","NULL","NULL","NULL"
"6007","MMR (PAC)","MMR (PAC)","States","Louisiana","2017-18","98.9","NULL","NULL","NULL","NULL","NULL"
"6008","MMR (PAC)","MMR (PAC)","States","Massachusetts","2017-18","98.9","NULL","NULL","NULL","NULL","NULL"
"6009","Varicella","UTD (or disease history)","","","","","","","","",""
"6010","Varicella","UTD (or disease history)","","","","","","","","",""
"6011","Varicella","UTD (or disease history)","","","","","","","","",""
"6012","Varicella","UTD (or disease history)","","","","","","","","",""
"6013","MMR (PAC)","MMR (PAC)","States","Kansas","2017-18","98.3","NULL","NULL","NULL","NULL","NULL"
"6014","MMR (PAC)","MMR (PAC)","States","New Mexico","2017-18","98.3","NULL","NULL","NULL","NULL","NULL"
"6015","MMR (PAC)","MMR (PAC)","States","Nebraska","2017-18","98.3","NULL","NULL","NULL","NULL","NULL"
"6016","MMR (PAC)","MMR (PAC)","States","Texas","2017-18","98.3","NULL","NULL","NULL","NULL","NULL"
"6017","MMR (PAC)","MMR (PAC)","States","Oklahoma","2017-18","98.2","NULL","NULL","NULL","NULL","NULL"
"6018","MMR (PAC)","MMR (PAC)","States","South Carolina","2017-18","98","NULL","NULL","NULL","NULL","NULL"
"6019","MMR (PAC)","MMR (PAC)","States","Iowa","2017-18","98","NULL","NULL","NULL","NULL","NULL"
"6020","MMR (PAC)","MMR (PAC)","States","Ohio","2017-18","97.9","NULL","NULL","NULL","NULL","NULL"
"6021","MMR (PAC)","MMR (PAC)","States","NY-City of New York","2017-18","97.8","NULL","NULL","NULL","NULL","NULL"
"6022","MMR (PAC)","MMR (PAC)","States","New Jersey","2017-18","97.8","NULL","NULL","NULL","NULL","NULL"
"6023","MMR (PAC)","MMR (PAC)","States","South Dakota","2017-18","97.8","NULL","NULL","NULL","NULL","NULL"
"6024","MMR (PAC)","MMR (PAC)","States","Missouri","2017-18","97.8","NULL","NULL","NULL","NULL","NULL"
"6025","MMR (PAC)","MMR (PAC)","States","Connecticut","2017-18","97.7","NULL","NULL","NULL","NULL","NULL"
"6026","MMR (PAC)","MMR (PAC)","States","Georgia","2017-18","97.3","NULL","NULL","NULL","NULL","NULL"
"6027","MMR (PAC)","MMR (PAC)","States","Pennsylvania","2017-18","97.2","NULL","NULL","NULL","NULL","NULL"
"6028","MMR (PAC)","MMR (PAC)","States","Florida","2017-18","97.1","NULL","NULL","NULL","NULL","NULL"
"6029","MMR (PAC)","MMR (PAC)","States","New Hampshire","2017-18","97.1","NULL","NULL","NULL","NULL","NULL"
"6030","MMR (PAC)","MMR (PAC)","States","Vermont","2017-18","97","NULL","NULL","NULL","NULL","NULL"
"6031","MMR (PAC)","MMR (PAC)","States","North Dakota","2017-18","97","NULL","NULL","NULL","NULL","NULL"
"6032","MMR (PAC)","MMR (PAC)","States","Colorado","2018-19","95.5","NULL","NULL","NULL","NULL","NULL"
"6033","MMR (PAC)","MMR (PAC)","States","Massachusetts","2018-19","98.8","NULL","NULL","NULL","NULL","NULL"
"6034","Varicella","1 Dose (or disease history)","States","New York","2010-11",NA,"NULL","NULL","NULL","NULL",NA
"6035","Varicella","1 Dose (or disease history)","States","New Mexico","2010-11",NA,"NULL","NULL","NULL","NULL",NA
"6036","Varicella","1 Dose (or disease history)","States","Virginia","2010-11",NA,"NULL","NULL","NULL","NULL",NA
"6037","Varicella","1 Dose (or disease history)","States","Washington","2010-11",NA,"NULL","NULL","NULL","NULL",NA
"6038","Varicella","1 Dose (or disease history)","States","West Virginia","2010-11",NA,"NULL","NULL","NULL","NULL",NA
"6039","Varicella","1 Dose (or disease history)","States","New Jersey","2010-11",NA,"NULL","NULL","NULL","NULL",NA
"6040","Varicella","1 Dose (or disease history)","States","Oregon","2010-11",NA,"NULL","NULL","NULL","NULL",NA
"6041","Varicella","1 Dose (or disease history)","States","Pennsylvania","2010-11",NA,"NULL","NULL","NULL","NULL",NA
"6042","Varicella","1 Dose (or disease history)","States","Rhode Island","2010-11",NA,"NULL","NULL","NULL","NULL",NA
"6043","Varicella","1 Dose (or disease history)","States","South Carolina","2010-11",NA,"NULL","NULL","NULL","NULL",NA
"6044","Varicella","1 Dose (or disease history)","States","South Dakota","2010-11",NA,"NULL","NULL","NULL","NULL",NA
"6045","Varicella","1 Dose (or disease history)","States","Maryland","2012-13","99.6","75007","84.3","‡","NULL","Voluntary Response"
"6046","Varicella","1 Dose (or disease history)","States","Rhode Island","2012-13",NA,"12552","75.2","‡","NULL","Voluntary Response"
"6047","Varicella","1 Dose (or disease history)","States","South Dakota","2012-13",NA,"12468","100","*","NULL","Census"
"6048","Varicella","1 Dose (or disease history)","States","Tennessee","2012-13",NA,"85801","97","NULL","NULL","Census"
"6049","Varicella","1 Dose (or disease history)","States","Texas","2012-13",NA,"414688","96.6","‡","NULL","Census"
"6050","Varicella","1 Dose (or disease history)","States","Vermont","2012-13",NA,"6792","100","*","NULL","Census"
"6051","Varicella","1 Dose (or disease history)","States","Virginia","2012-13",NA,"104826","4.2","NULL","NULL","2-stage Cluster Sample"
"6052","Varicella","1 Dose (or disease history)","States","Washington","2012-13",NA,"87773","94.7","NULL","NULL","Census"
"6053","Varicella","1 Dose (or disease history)","States","Montana","2010-11",NA,"NULL","NULL","NULL","NULL",NA
"6054","Varicella","1 Dose (or disease history)","States","Missouri","2010-11",NA,"NULL","NULL","NULL","NULL",NA
"6055","Varicella","1 Dose (or disease history)","States","Mississippi","2010-11",NA,"NULL","NULL","NULL","NULL",NA
"6056","Varicella","1 Dose (or disease history)","States","Minnesota","2010-11",NA,"NULL","NULL","NULL","NULL",NA
"6057","Varicella","1 Dose (or disease history)","States","Michigan","2010-11",NA,"NULL","NULL","NULL","NULL",NA
"6058","Varicella","1 Dose (or disease history)","States","Massachusetts","2010-11",NA,"NULL","NULL","NULL","NULL",NA
"6059","Varicella","1 Dose (or disease history)","States","Maryland","2010-11",NA,"NULL","NULL","NULL","NULL",NA
"6060","Varicella","1 Dose (or disease history)","States","Maine","2010-11",NA,"NULL","NULL","NULL","NULL",NA
"6061","Varicella","1 Dose (or disease history)","States","Illinois","2012-13","96.6","166884","100","*","NULL","Census"
"6062","Varicella","1 Dose (or disease history)","States","Arizona","2012-13","96.8","90054","97.6","NULL","NULL","Census"
"6063","Varicella","1 Dose (or disease history)","States","New Jersey","2012-13","97","122516","96.7","≥. ‡","NULL","Census"
"6064","Varicella","1 Dose (or disease history)","States","New York","2012-13","98.4","239484","100","*. ‡","NULL","Census"
"6065","Varicella","1 Dose (or disease history)","States","Utah","2012-13","99.6","54605","100","*","NULL","Census"
"6066","Varicella","1 Dose (or disease history)","States","Pennsylvania","2012-13",NA,"151364","97.5","NULL","NULL","Census"
"6067","Varicella","UTD (or disease history)","","","","","","","","",""
"6068","Varicella","UTD (or disease history)","","","","","","","","",""
"6069","Varicella","UTD (or disease history)","","","","","","","","",""
"6070","Varicella","UTD (or disease history)","","","","","","","","",""
"6071","Varicella","UTD (or disease history)","","","","","","","","",""
"6072","Varicella","UTD (or disease history)","","","","","","","","",""
"6073","Varicella","UTD (or disease history)","","","","","","","","",""
"6074","MMR (PAC)","MMR (PAC)","States","Washington","2017-18","95.3","NULL","NULL","NULL","NULL","NULL"
"6075","MMR (PAC)","MMR (PAC)","States","Wisconsin","2017-18","95.3","NULL","NULL","NULL","NULL","NULL"
"6076","MMR (PAC)","MMR (PAC)","States","Utah","2017-18","95","NULL","NULL","NULL","NULL","NULL"
"6077","MMR (PAC)","MMR (PAC)","States","Idaho","2017-18","93.9","NULL","NULL","NULL","NULL","NULL"
"6078","MMR (PAC)","MMR (PAC)","States","Oregon","2017-18","93.7","NULL","NULL","NULL","NULL","NULL"
"6079","MMR (PAC)","MMR (PAC)","States","Alaska","2017-18","93","NULL","NULL","NULL","NULL","NULL"
"6080","MMR (PAC)","MMR (PAC)","States","Arizona","2017-18","95.3","NULL","NULL","NULL","NULL","NULL"
"6081","MMR (PAC)","MMR (PAC)","States","Maine","2017-18","95.5","NULL","NULL","NULL","NULL","NULL"
"6082","MMR (PAC)","MMR (PAC)","States","Montana","2017-18","95.7","NULL","NULL","NULL","NULL","NULL"
"6083","MMR (PAC)","MMR (PAC)","States","Colorado","2017-18","95.7","NULL","NULL","NULL","NULL","NULL"
"6084","MMR (PAC)","MMR (PAC)","States","Michigan","2017-18","96.3","NULL","NULL","NULL","NULL","NULL"
"6085","MMR (PAC)","MMR (PAC)","States","Minnesota","2017-18","96.6","NULL","NULL","NULL","NULL","NULL"
"6086","MMR (PAC)","MMR (PAC)","States","Nevada","2017-18","96.8","NULL","NULL","NULL","NULL","NULL"
"6087","MMR (PAC)","MMR (PAC)","States","Hawaii","2017-18","96.9","NULL","NULL","NULL","NULL","NULL"
"6088","MMR (PAC)","MMR (PAC)","States","Nevada","2018-19","96.7","NULL","NULL","NULL","NULL","NULL"
"6089","MMR (PAC)","MMR (PAC)","States","New Hampshire","2018-19","96.7","NULL","NULL","NULL","NULL","NULL"
"6090","MMR (PAC)","MMR (PAC)","States","Nebraska","2019-20","98.1","NULL","NULL","NULL","NULL","NULL"
"6091","MMR (PAC)","MMR (PAC)","States","Tennessee","2019-20","98","NULL","NULL","NULL","NULL","NULL"
"6092","MMR (PAC)","MMR (PAC)","States","Kansas","2019-20","97.9","NULL","NULL","NULL","NULL","NULL"
"6093","MMR (PAC)","MMR (PAC)","States","Indiana","2019-20","97.8","NULL","NULL","NULL","NULL","NULL"
"6094","MMR (PAC)","MMR (PAC)","States","Texas","2019-20","97.8","NULL","NULL","NULL","NULL","NULL"
"6095","MMR (PAC)","MMR (PAC)","States","New York","2017-18","98.9","NULL","NULL","NULL","NULL","NULL"
"6096","MMR (PAC)","MMR (PAC)","States","TX-City of Houston","2017-18","98.8","NULL","NULL","NULL","NULL","NULL"
"6097","MMR (PAC)","MMR (PAC)","States","Illinois","2017-18","98.7","NULL","NULL","NULL","NULL","NULL"
"6098","MMR (PAC)","MMR (PAC)","States","Kentucky","2017-18","98.6","NULL","NULL","NULL","NULL","NULL"
"6099","MMR (PAC)","MMR (PAC)","States","Delaware","2017-18","98.6","NULL","NULL","NULL","NULL","NULL"
"6100","MMR (PAC)","MMR (PAC)","States","Maryland","2017-18","98.5","NULL","NULL","NULL","NULL","NULL"
"6101","MMR (PAC)","MMR (PAC)","States","Tennessee","2017-18","98.5","NULL","NULL","NULL","NULL","NULL"
"6102","MMR (PAC)","MMR (PAC)","States","Virginia","2017-18","98.5","NULL","NULL","NULL","NULL","NULL"
"6103","MMR (PAC)","MMR (PAC)","States","Arkansas","2017-18","98.5","NULL","NULL","NULL","NULL","NULL"
"6104","Varicella","1 Dose (or disease history)","States","Delaware","2011-12",NA,"11327","7.4","≥","NULL","2-stage Cluster Sample"
"6105","Varicella","1 Dose (or disease history)","States","District of Columbia","2011-12",NA,"6854","100","*","NULL","Census"
"6106","Varicella","1 Dose (or disease history)","States","Indiana","2011-12",NA,"83416","67.5","NULL","NULL","Voluntary Response"
"6107","Varicella","1 Dose (or disease history)","States","Iowa","2011-12",NA,"40978","100","*","NULL","Census"
"6108","Varicella","1 Dose (or disease history)","States","Vermont","2011-12",NA,"6548","100","*","NULL","Census"
"6109","Varicella","1 Dose (or disease history)","States","Kansas","2011-12",NA,"38402","52.7","†","NULL","Stratified 1-stage sample  (Public);  Census (Private)"
"6110","Varicella","1 Dose (or disease history)","States","Virginia","2011-12",NA,"101121","4.3","NULL","NULL","2-stage Cluster Sample"
"6111","Varicella","1 Dose (or disease history)","States","Louisiana","2011-12",NA,"69013","100","*","NULL","Census"
"6112","Varicella","1 Dose (or disease history)","States","Washington","2011-12",NA,"85134","89.1","NULL","NULL","Voluntary Response"
"6113","Varicella","1 Dose (or disease history)","States","West Virginia","2011-12",NA,"22449","94.9","NULL","NULL","Convenient"
"6114","Varicella","1 Dose (or disease history)","States","Florida","2011-12",NA,"225532","100","* .§","NULL","Census"
"6115","Varicella","1 Dose (or disease history)","States","Wyoming","2011-12",NA,"NULL","NULL","NULL","NULL","Not conducted"
"6116","Varicella","1 Dose (or disease history)","States","Wisconsin","2011-12",NA,"70672","2.3","NULL","NULL","2-stage Cluster Sample"
"6117","Varicella","1 Dose (or disease history)","States","Alaska","2011-12",NA,"10286","7.3","NULL","NULL","Non-random Cluster Sample"
"6118","Varicella","1 Dose (or disease history)","States","New Mexico","2011-12",NA,"29159","2","NULL","NULL","2-stage Cluster Sample"
"6119","Varicella","1 Dose (or disease history)","States","New Jersey","2011-12",NA,"118669","96.6","NULL","NULL","Census"
"6120","Varicella","1 Dose (or disease history)","States","New Hampshire","2011-12",NA,"13022","100","*","NULL","Census"
"6121","Varicella","1 Dose (or disease history)","States","Arkansas","2011-12",NA,"38754","92.2","NULL","NULL","Census"
"6122","Varicella","1 Dose (or disease history)","States","Nevada","2011-12",NA,"36557","5.2","NULL","NULL","2-stage Cluster Sample"
"6123","Varicella","1 Dose (or disease history)","States","Nebraska","2011-12",NA,"26715","96.6","NULL","NULL","Census"
"6124","Varicella","1 Dose (or disease history)","States","Montana","2011-12","NReq","12128","100","*","NULL","Census"
"6125","Varicella","1 Dose (or disease history)","States","Missouri","2011-12",NA,"75240","4.7","NULL","NULL","2-stage Cluster Sample"
"6126","Varicella","1 Dose (or disease history)","States","Mississippi","2011-12",NA,"44912","100","*","NULL","Census"
"6127","Varicella","1 Dose (or disease history)","States","Kentucky","2011-12","75.7","58185","91.8","NULL","NULL","Census"
"6128","Varicella","1 Dose (or disease history)","States","Alabama","2011-12","93.6","73190","100","≥. * .**","NULL","Census"
"6129","Varicella","1 Dose (or disease history)","States","Maine","2011-12","94.9","13829","97","NULL","NULL","Census"
"6130","Varicella","1 Dose (or disease history)","States","North Carolina","2012-13",NA,"130612","97.3","NULL","NULL","Census"
"6131","MMR (PAC)","MMR (PAC)","States","West Virginia","2018-19","99.2","NULL","NULL","NULL","NULL","NULL"
"6132","MMR (PAC)","MMR (PAC)","States","Alabama","2018-19","99.2","NULL","NULL","NULL","NULL","NULL"
"6133","MMR (PAC)","MMR (PAC)","States","North Carolina","2018-19","99.4","NULL","NULL","NULL","NULL","NULL"
"6134","MMR (PAC)","MMR (PAC)","States","California","2018-19","99.4","NULL","NULL","NULL","NULL","NULL"
"6135","MMR (PAC)","MMR (PAC)","States","Mississippi","2018-19","99.9","NULL","NULL","NULL","NULL","NULL"
"6136","Varicella","1 Dose (or disease history)","States","West Virginia","2012-13",NA,"22588","86.5","NULL","NULL","Voluntary Response"
"6137","Varicella","1 Dose (or disease history)","States","Wisconsin","2012-13",NA,"72416","1.8","‡","NULL","2-stage Cluster Sample"
"6138","Varicella","1 Dose (or disease history)","States","Wyoming","2012-13",NA,"8133","100","* .¶","NULL","Census"
"6139","Varicella","1 Dose (or disease history)","States","South Carolina","2012-13","90.9","61799","17.9","≥","NULL","1-Stage Cluster Sample"
"6140","Varicella","1 Dose (or disease history)","States","Oklahoma","2012-13","92.8","56943","95.5","NULL","NULL","Census"
"6141","Varicella","1 Dose (or disease history)","States","Alabama","2012-13","92.8","72929","100","≥. * . ‡. **","NULL","Census"
"6142","Varicella","1 Dose (or disease history)","States","Oregon","2012-13","94.5","47102","100","*. ‡","NULL","Census"
"6143","Varicella","1 Dose (or disease history)","States","Maine","2012-13","95.1","14313","94.6","‡","NULL","Census"
"6144","Varicella","1 Dose (or disease history)","States","California","2012-13","95.6","535523","99","‡","NULL","Census"
"6145","MMR (PAC)","MMR (PAC)","States","New Jersey","2018-19","97.5","NULL","NULL","NULL","NULL","NULL"
"6146","MMR (PAC)","MMR (PAC)","States","Georgia","2018-19","97.5","NULL","NULL","NULL","NULL","NULL"
"6147","MMR (PAC)","MMR (PAC)","States","Montana","2018-19","95.5","NULL","NULL","NULL","NULL","NULL"
"6148","MMR (PAC)","MMR (PAC)","States","Wisconsin","2018-19","95.3","NULL","NULL","NULL","NULL","NULL"
"6149","MMR (PAC)","MMR (PAC)","States","Washington","2018-19","95","NULL","NULL","NULL","NULL","NULL"
"6150","MMR (PAC)","MMR (PAC)","States","Utah","2018-19","94.8","NULL","NULL","NULL","NULL","NULL"
"6151","MMR (PAC)","MMR (PAC)","States","Maine","2018-19","94.8","NULL","NULL","NULL","NULL","NULL"
"6152","MMR (PAC)","MMR (PAC)","States","Arizona","2018-19","94.7","NULL","NULL","NULL","NULL","NULL"
"6153","MMR (PAC)","MMR (PAC)","States","Oregon","2018-19","93.9","NULL","NULL","NULL","NULL","NULL"
"6154","MMR (PAC)","MMR (PAC)","States","Idaho","2018-19","93.6","NULL","NULL","NULL","NULL","NULL"
"6155","MMR (PAC)","MMR (PAC)","States","Oklahoma","2018-19","97.6","NULL","NULL","NULL","NULL","NULL"
"6156","MMR (PAC)","MMR (PAC)","States","Ohio","2018-19","97.6","NULL","NULL","NULL","NULL","NULL"
"6157","MMR (PAC)","MMR (PAC)","States","Iowa","2018-19","97.6","NULL","NULL","NULL","NULL","NULL"
"6158","MMR (PAC)","MMR (PAC)","States","New York","2018-19","97.7","NULL","NULL","NULL","NULL","NULL"
"6159","MMR (PAC)","MMR (PAC)","States","Kansas","2018-19","97.9","NULL","NULL","NULL","NULL","NULL"
"6160","MMR (PAC)","MMR (PAC)","States","Texas","2018-19","97.9","NULL","NULL","NULL","NULL","NULL"
"6161","MMR (PAC)","MMR (PAC)","States","Tennessee","2018-19","98.1","NULL","NULL","NULL","NULL","NULL"
"6162","MMR (PAC)","MMR (PAC)","States","Nebraska","2018-19","98.2","NULL","NULL","NULL","NULL","NULL"
"6163","MMR (PAC)","MMR (PAC)","States","Arkansas","2018-19","98.2","NULL","NULL","NULL","NULL","NULL"
"6164","MMR (PAC)","MMR (PAC)","States","Virginia","2018-19","98.3","NULL","NULL","NULL","NULL","NULL"
"6165","MMR (PAC)","MMR (PAC)","States","TX-City of Houston","2018-19","98.5","NULL","NULL","NULL","NULL","NULL"
"6166","MMR (PAC)","MMR (PAC)","States","New Mexico","2018-19","98.5","NULL","NULL","NULL","NULL","NULL"
"6167","MMR (PAC)","MMR (PAC)","States","Illinois","2018-19","98.5","NULL","NULL","NULL","NULL","NULL"
"6168","MMR (PAC)","MMR (PAC)","States","Maryland","2018-19","98.5","NULL","NULL","NULL","NULL","NULL"
"6169","MMR (PAC)","MMR (PAC)","States","Kentucky","2018-19","98.6","NULL","NULL","NULL","NULL","NULL"
"6170","MMR (PAC)","MMR (PAC)","States","Indiana","2018-19","98.7","NULL","NULL","NULL","NULL","NULL"
"6171","MMR (PAC)","MMR (PAC)","States","Louisiana","2018-19","98.8","NULL","NULL","NULL","NULL","NULL"
"6172","MMR (PAC)","MMR (PAC)","States","NY-City of New York","2018-19","98.8","NULL","NULL","NULL","NULL","NULL"
"6173","MMR (PAC)","MMR (PAC)","States","Pennsylvania","2018-19","97.1","NULL","NULL","NULL","NULL","NULL"
"6174","MMR (PAC)","MMR (PAC)","States","Florida","2018-19","96.8","NULL","NULL","NULL","NULL","NULL"
"6175","MMR (PAC)","MMR (PAC)","States","Arkansas","2019-20","98.2","NULL","NULL","NULL","NULL","NULL"
"6176","MMR (PAC)","MMR (PAC)","States","Kentucky","2019-20","98.2","NULL","NULL","NULL","NULL","NULL"
"6177","MMR (PAC)","MMR (PAC)","States","Oklahoma","2019-20","97.5","NULL","NULL","NULL","NULL","NULL"
"6178","MMR (PAC)","MMR (PAC)","States","Ohio","2019-20","97.6","NULL","NULL","NULL","NULL","NULL"
"6179","MMR (PAC)","MMR (PAC)","States","Connecticut","2019-20","97.5","NULL","NULL","NULL","NULL","NULL"
"6180","MMR (PAC)","MMR (PAC)","States","Iowa","2019-20","97.5","NULL","NULL","NULL","NULL","NULL"
"6181","MMR (PAC)","MMR (PAC)","States","Idaho","2019-20","93.4","NULL","NULL","NULL","NULL","NULL"
"6182","MMR (PAC)","MMR (PAC)","States","Hawaii","2019-20","93.9","NULL","NULL","NULL","NULL","NULL"
"6183","MMR (PAC)","MMR (PAC)","States","Oregon","2019-20","94.3","NULL","NULL","NULL","NULL","NULL"
"6184","MMR (PAC)","MMR (PAC)","States","Wisconsin","2019-20","94.3","NULL","NULL","NULL","NULL","NULL"
"6185","Varicella","1 Dose (or disease history)","States","North Dakota","2011-12",NA,"8412","5.8","¶","NULL","Convenient"
"6186","Varicella","1 Dose (or disease history)","States","Maryland","2011-12","99.7","72957","67.2","NULL","NULL","Voluntary Response"
"6187","Varicella","1 Dose (or disease history)","States","Texas","2011-12",NA,"388178","100","*","NULL","Census"
"6188","Varicella","1 Dose (or disease history)","States","Georgia","2011-12",NA,"143065","1.9","NULL","NULL","2-stage Cluster Sample"
"6189","MMR (PAC)","MMR (PAC)","States","Minnesota","2019-20","96.3","NULL","NULL","NULL","NULL","NULL"
"6190","MMR (PAC)","MMR (PAC)","States","Michigan","2019-20","96","NULL","NULL","NULL","NULL","NULL"
"6191","MMR (PAC)","MMR (PAC)","States","Montana","2019-20","95.7","NULL","NULL","NULL","NULL","NULL"
"6192","MMR (PAC)","MMR (PAC)","States","Colorado","2019-20","95.5","NULL","NULL","NULL","NULL","NULL"
"6193","MMR (PAC)","MMR (PAC)","States","Arizona","2019-20","95.3","NULL","NULL","NULL","NULL","NULL"
"6194","MMR (PAC)","MMR (PAC)","States","Utah","2019-20","95.1","NULL","NULL","NULL","NULL","NULL"
"6195","MMR (PAC)","MMR (PAC)","States","Idaho","2020-21","93.6","NULL","NULL","NULL","NULL","NULL"
"6196","MMR (PAC)","MMR (PAC)","States","New York","2020-21","99.9","NULL","NULL","NULL","NULL","NULL"
"6197","MMR (PAC)","MMR (PAC)","States","Mississippi","2020-21","99.9","NULL","NULL","NULL","NULL","NULL"
"6198","MMR (PAC)","MMR (PAC)","States","District of Columbia","2020-21","99.7","NULL","NULL","NULL","NULL","NULL"
"6199","MMR (PAC)","MMR (PAC)","States","California","2020-21","99.5","NULL","NULL","NULL","NULL","NULL"
"6200","MMR (PAC)","MMR (PAC)","States","Massachusetts","2020-21","99.2","NULL","NULL","NULL","NULL","NULL"
"6201","MMR (PAC)","MMR (PAC)","States","Rhode Island","2020-21","99.2","NULL","NULL","NULL","NULL","NULL"
"6202","MMR (PAC)","MMR (PAC)","States","Maryland","2020-21","99.1","NULL","NULL","NULL","NULL","NULL"
"6203","MMR (PAC)","MMR (PAC)","States","New Mexico","2020-21","99.1","NULL","NULL","NULL","NULL","NULL"
"6204","MMR (PAC)","MMR (PAC)","States","Kentucky","2020-21","99","NULL","NULL","NULL","NULL","NULL"
"6205","MMR (PAC)","MMR (PAC)","States","TX-City of Houston","2020-21","98.9","NULL","NULL","NULL","NULL","NULL"
"6206","MMR (PAC)","MMR (PAC)","States","Louisiana","2020-21","98.9","NULL","NULL","NULL","NULL","NULL"
"6207","MMR (PAC)","MMR (PAC)","States","North Carolina","2020-21","98.9","NULL","NULL","NULL","NULL","NULL"
"6208","MMR (PAC)","MMR (PAC)","States","Utah","2020-21","95.4","NULL","NULL","NULL","NULL","NULL"
"6209","MMR (PAC)","MMR (PAC)","States","Arizona","2020-21","95.6","NULL","NULL","NULL","NULL","NULL"
"6210","MMR (PAC)","MMR (PAC)","States","Hawaii","2020-21","96.3","NULL","NULL","NULL","NULL","NULL"
"6211","MMR (PAC)","MMR (PAC)","States","Montana","2020-21","96.5","NULL","NULL","NULL","NULL","NULL"
"6212","MMR (PAC)","MMR (PAC)","States","South Dakota","2020-21","96.6","NULL","NULL","NULL","NULL","NULL"
"6213","MMR (PAC)","MMR (PAC)","States","Colorado","2020-21","96.6","NULL","NULL","NULL","NULL","NULL"
"6214","MMR (PAC)","MMR (PAC)","States","Oregon","2020-21","96.7","NULL","NULL","NULL","NULL","NULL"
"6215","MMR (PAC)","MMR (PAC)","States","Maine","2020-21","96.7","NULL","NULL","NULL","NULL","NULL"
"6216","MMR (PAC)","MMR (PAC)","States","North Dakota","2020-21","96.8","NULL","NULL","NULL","NULL","NULL"
"6217","MMR (PAC)","MMR (PAC)","States","Nevada","2020-21","96.9","NULL","NULL","NULL","NULL","NULL"
"6218","MMR (PAC)","MMR (PAC)","States","Delaware","2018-19","98.8","NULL","NULL","NULL","NULL","NULL"
"6219","MMR (PAC)","MMR (PAC)","States","Rhode Island","2018-19","99","NULL","NULL","NULL","NULL","NULL"
"6220","Varicella","1 Dose (or disease history)","States","New Hampshire","2012-13",NA,"12943","99.2","NULL","NULL","Census"
"6221","Varicella","1 Dose (or disease history)","States","New Mexico","2012-13",NA,"29279","3.3","‡","NULL","2-stage Cluster Sample"
"6222","Varicella","1 Dose (or disease history)","States","Tennessee","2013-14",NA,"80212","99.8","NULL","NULL","Census"
"6223","Varicella","1 Dose (or disease history)","States","Texas","2013-14",NA,"409255","97.1","‡","NULL","Census"
"6224","Varicella","1 Dose (or disease history)","States","Vermont","2013-14",NA,"6771","100","*","NULL","Census"
"6225","MMR (PAC)","MMR (PAC)","States","Hawaii","2018-19","95.6","NULL","NULL","NULL","NULL","NULL"
"6226","MMR (PAC)","MMR (PAC)","States","Michigan","2018-19","95.9","NULL","NULL","NULL","NULL","NULL"
"6227","MMR (PAC)","MMR (PAC)","States","Vermont","2018-19","96.1","NULL","NULL","NULL","NULL","NULL"
"6228","MMR (PAC)","MMR (PAC)","States","North Dakota","2018-19","96.3","NULL","NULL","NULL","NULL","NULL"
"6229","MMR (PAC)","MMR (PAC)","States","Minnesota","2018-19","96.4","NULL","NULL","NULL","NULL","NULL"
"6230","MMR (PAC)","MMR (PAC)","States","Wyoming","2018-19","97.2","NULL","NULL","NULL","NULL","NULL"
"6231","MMR (PAC)","MMR (PAC)","States","Missouri","2018-19","97.3","NULL","NULL","NULL","NULL","NULL"
"6232","MMR (PAC)","MMR (PAC)","States","Connecticut","2018-19","97.3","NULL","NULL","NULL","NULL","NULL"
"6233","MMR (PAC)","MMR (PAC)","States","South Carolina","2018-19","97.4","NULL","NULL","NULL","NULL","NULL"
"6234","MMR (PAC)","MMR (PAC)","States","South Dakota","2018-19","97.4","NULL","NULL","NULL","NULL","NULL"
"6235","Varicella","1 Dose (or disease history)","States","Oklahoma","2013-14","98","57377","71.3","NULL","NULL","Voluntary response"
"6236","Varicella","1 Dose (or disease history)","States","New York","2013-14","98.2","240318","100","*. ‡","NULL","Census"
"6237","Varicella","1 Dose (or disease history)","States","Maryland","2013-14","99","75659","96.9","‡","NULL","Census"
"6238","Varicella","1 Dose (or disease history)","States","Kentucky","2013-14",NA,"57857","100","*","NULL","Census"
"6239","Varicella","1 Dose (or disease history)","States","Kansas","2013-14",NA,"41107","29","†. ‡","NULL","Stratified 1-stage sample (Public); Census (Private)"
"6240","Varicella","1 Dose (or disease history)","States","Iowa","2013-14",NA,"43728","94.6","NULL","NULL","Census"
"6241","Varicella","1 Dose (or disease history)","States","Indiana","2013-14",NA,"87193","70.3","NULL","NULL","Voluntary response"
"6242","Varicella","1 Dose (or disease history)","States","Alaska","2013-14",NA,"10222","9.3","†","NULL","Stratified  2-stage cluster sample"
"6243","Varicella","1 Dose (or disease history)","States","Utah","2013-14","99.6","54779","100","*","NULL","Census"
"6244","Varicella","1 Dose (or disease history)","States","Wisconsin","2013-14",NA,"71363","2.8","‡","NULL","Stratified  2-stage cluster sample"
"6245","Varicella","1 Dose (or disease history)","States","Rhode Island","2013-14",NA,"11521","99.1","‡","NULL","Census"
"6246","Varicella","1 Dose (or disease history)","States","Pennsylvania","2013-14",NA,"151253","100","*. ‡","NULL","Census"
"6247","Varicella","1 Dose (or disease history)","States","Wyoming","2013-14",NA,"NULL","NULL","NULL","NULL","Not conducted"
"6248","MMR (PAC)","MMR (PAC)","States","Maine","2019-20","95","NULL","NULL","NULL","NULL","NULL"
"6249","MMR (PAC)","MMR (PAC)","States","NY-City of New York","2019-20","99.9","NULL","NULL","NULL","NULL","NULL"
"6250","MMR (PAC)","MMR (PAC)","States","West Virginia","2019-20","99.9","NULL","NULL","NULL","NULL","NULL"
"6251","MMR (PAC)","MMR (PAC)","States","New York","2019-20","99.9","NULL","NULL","NULL","NULL","NULL"
"6252","MMR (PAC)","MMR (PAC)","States","Mississippi","2019-20","99.8","NULL","NULL","NULL","NULL","NULL"
"6253","MMR (PAC)","MMR (PAC)","States","Illinois","2019-20","99.3","NULL","NULL","NULL","NULL","NULL"
"6254","MMR (PAC)","MMR (PAC)","States","California","2019-20","99.2","NULL","NULL","NULL","NULL","NULL"
"6255","MMR (PAC)","MMR (PAC)","States","Rhode Island","2019-20","98.9","NULL","NULL","NULL","NULL","NULL"
"6256","MMR (PAC)","MMR (PAC)","States","Massachusetts","2019-20","98.8","NULL","NULL","NULL","NULL","NULL"
"6257","MMR (PAC)","MMR (PAC)","States","Alabama","2019-20","98.8","NULL","NULL","NULL","NULL","NULL"
"6258","MMR (PAC)","MMR (PAC)","States","TX-City of Houston","2019-20","98.7","NULL","NULL","NULL","NULL","NULL"
"6259","MMR (PAC)","MMR (PAC)","States","Maryland","2019-20","98.6","NULL","NULL","NULL","NULL","NULL"
"6260","MMR (PAC)","MMR (PAC)","States","Louisiana","2019-20","98.5","NULL","NULL","NULL","NULL","NULL"
"6261","MMR (PAC)","MMR (PAC)","States","New Mexico","2019-20","98.5","NULL","NULL","NULL","NULL","NULL"
"6262","MMR (PAC)","MMR (PAC)","States","North Carolina","2019-20","98.3","NULL","NULL","NULL","NULL","NULL"
"6263","MMR (PAC)","MMR (PAC)","States","Virginia","2019-20","98.3","NULL","NULL","NULL","NULL","NULL"
"6264","MMR (PAC)","MMR (PAC)","States","Louisiana","2021-22","98.9","NULL","NULL","NULL","NULL","NULL"
"6265","MMR (PAC)","MMR (PAC)","States","NY-City of New York","2021-22","100","NULL","NULL","NULL","NULL","NULL"
"6266","MMR (PAC)","MMR (PAC)","States","Idaho","2021-22","90.9","NULL","NULL","NULL","NULL","NULL"
"6267","Varicella","2 Doses (or disease history)","States","Washington","2021-22","91.3","87256","97.3","§","NULL","Census (pub.), vol. response (pvt.)"
"6268","MMR (PAC)","MMR (PAC)","States","New Jersey","2019-20","97.4","NULL","NULL","NULL","NULL","NULL"
"6269","MMR (PAC)","MMR (PAC)","States","South Carolina","2019-20","97.4","NULL","NULL","NULL","NULL","NULL"
"6270","MMR (PAC)","MMR (PAC)","States","South Dakota","2019-20","97.3","NULL","NULL","NULL","NULL","NULL"
"6271","MMR (PAC)","MMR (PAC)","States","Missouri","2019-20","97.3","NULL","NULL","NULL","NULL","NULL"
"6272","MMR (PAC)","MMR (PAC)","States","Washington","2019-20","97.1","NULL","NULL","NULL","NULL","NULL"
"6273","MMR (PAC)","MMR (PAC)","States","Wyoming","2019-20","97.1","NULL","NULL","NULL","NULL","NULL"
"6274","MMR (PAC)","MMR (PAC)","States","Georgia","2019-20","97","NULL","NULL","NULL","NULL","NULL"
"6275","MMR (PAC)","MMR (PAC)","States","Pennsylvania","2019-20","97","NULL","NULL","NULL","NULL","NULL"
"6276","MMR (PAC)","MMR (PAC)","States","Vermont","2019-20","96.9","NULL","NULL","NULL","NULL","NULL"
"6277","MMR (PAC)","MMR (PAC)","States","New Hampshire","2019-20","96.9","NULL","NULL","NULL","NULL","NULL"
"6278","MMR (PAC)","MMR (PAC)","States","Florida","2019-20","96.6","NULL","NULL","NULL","NULL","NULL"
"6279","MMR (PAC)","MMR (PAC)","States","North Dakota","2019-20","96.6","NULL","NULL","NULL","NULL","NULL"
"6280","MMR (PAC)","MMR (PAC)","States","Nevada","2019-20","96.3","NULL","NULL","NULL","NULL","NULL"
"6281","Varicella","2 Doses (or disease history)","States","Missouri","2021-22","91.2","71034","100","*","NULL","Census"
"6282","Varicella","1 Dose (or disease history)","States","Ohio","2012-13",NA,"163687","86.9","NULL","NULL","Census"
"6283","Varicella","1 Dose (or disease history)","States","North Dakota","2012-13",NA,"9503","4.9","NULL","NULL","2-stage Cluster Sample"
"6284","Varicella","1 Dose (or disease history)","States","Alaska","2012-13",NA,"10319","97.8","NULL","NULL","Census"
"6285","Varicella","1 Dose (or disease history)","States","Arkansas","2012-13",NA,"43212","96.3","‡","NULL","Census"
"6286","Varicella","1 Dose (or disease history)","States","Colorado","2012-13",NA,"70657","0.5","NULL","NULL","Simple Random Sample"
"6287","Varicella","1 Dose (or disease history)","States","Connecticut","2012-13",NA,"41604","100","*","NULL","Census"
"6288","Varicella","1 Dose (or disease history)","States","Delaware","2012-13",NA,"11997","7.8","NULL","NULL","2-stage Cluster Sample"
"6289","Varicella","1 Dose (or disease history)","States","District of Columbia","2012-13",NA,"7842","100","*","NULL","Census"
"6290","Varicella","1 Dose (or disease history)","States","Florida","2012-13",NA,"234628","100","*. §","NULL","Census"
"6291","Varicella","1 Dose (or disease history)","States","Georgia","2012-13",NA,"142732","2.4","NULL","NULL","2-stage Cluster Sample"
"6292","Varicella","1 Dose (or disease history)","States","Hawaii","2012-13",NA,"20104","6.7","NULL","NULL","2-stage Cluster Sample"
"6293","Varicella","1 Dose (or disease history)","States","Idaho","2012-13",NA,"23888","100","*","NULL","Census"
"6294","Varicella","1 Dose (or disease history)","States","Indiana","2012-13",NA,"86983","83.4","NULL","NULL","Voluntary Response"
"6295","Varicella","1 Dose (or disease history)","States","Iowa","2012-13",NA,"41701","99.9","NULL","NULL","Census"
"6296","Varicella","1 Dose (or disease history)","States","Kansas","2012-13",NA,"40738","31.8","†. ‡","NULL","Stratified 1-stage sample  (Public);  Census (Private)"
"6297","Varicella","1 Dose (or disease history)","States","Kentucky","2012-13",NA,"58466","97.2","‡","NULL","Census"
"6298","Varicella","1 Dose (or disease history)","States","Louisiana","2012-13",NA,"68874","100","*","NULL","Census"
"6299","Varicella","1 Dose (or disease history)","States","Massachusetts","2012-13",NA,"79661","97.6","‡","NULL","Census"
"6300","Varicella","1 Dose (or disease history)","States","Michigan","2012-13",NA,"124662","100","*","NULL","Census"
"6301","Varicella","1 Dose (or disease history)","States","Minnesota","2012-13",NA,"73310","100","*. ‡","NULL","Census"
"6302","Varicella","1 Dose (or disease history)","States","Mississippi","2012-13",NA,"46595","100","*","NULL","Census"
"6303","Varicella","1 Dose (or disease history)","States","Missouri","2012-13",NA,"78416","5.9","NULL","NULL","2-stage Cluster Sample"
"6304","Varicella","1 Dose (or disease history)","States","Montana","2012-13","NReq","12516","95.8","NULL","NULL","Census"
"6305","Varicella","1 Dose (or disease history)","States","Nebraska","2012-13",NA,"24999","96.6","‡","NULL","Census"
"6306","Varicella","1 Dose (or disease history)","States","Nevada","2012-13",NA,"36070","4.3","NULL","NULL","2-stage Cluster Sample"
"6307","MMR (PAC)","MMR (PAC)","States","Delaware","2020-21","97.6","NULL","NULL","NULL","NULL","NULL"
"6308","MMR (PAC)","MMR (PAC)","States","South Carolina","2020-21","97.6","NULL","NULL","NULL","NULL","NULL"
"6309","MMR (PAC)","MMR (PAC)","States","Minnesota","2020-21","97.7","NULL","NULL","NULL","NULL","NULL"
"6310","MMR (PAC)","MMR (PAC)","States","Iowa","2020-21","97.8","NULL","NULL","NULL","NULL","NULL"
"6311","MMR (PAC)","MMR (PAC)","States","Missouri","2020-21","97.8","NULL","NULL","NULL","NULL","NULL"
"6312","MMR (PAC)","MMR (PAC)","States","New Jersey","2020-21","97.8","NULL","NULL","NULL","NULL","NULL"
"6313","Varicella","1 Dose (or disease history)","States","Virginia","2013-14",NA,"105692","4.1","NULL","NULL","2-stage cluster  sample"
"6314","Varicella","1 Dose (or disease history)","States","Washington","2013-14",NA,"89165","88.5","NULL","NULL","Voluntary response"
"6315","Varicella","1 Dose (or disease history)","States","West Virginia","2013-14",NA,"22814","84.7","NULL","NULL","Voluntary response"
"6316","Varicella","1 Dose (or disease history)","States","Alabama","2013-14","92","76927","100","≥. *. **","NULL","Census"
"6317","Varicella","1 Dose (or disease history)","States","Maine","2013-14","93.8","15441","82.4","‡","NULL","Voluntary response"
"6318","Varicella","1 Dose (or disease history)","States","Oregon","2013-14","94.3","47649","100","*. ‡","NULL","Census"
"6319","Varicella","1 Dose (or disease history)","States","South Carolina","2013-14","94.4","61661","11","NULL","NULL","1-stage stratified sample"
"6320","Varicella","1 Dose (or disease history)","States","California","2013-14","95.3","548606","97.3","‡","NULL","Census"
"6321","Varicella","1 Dose (or disease history)","States","Arizona","2013-14","96.4","89606","95.8","NULL","NULL","Census"
"6322","Varicella","1 Dose (or disease history)","States","Illinois","2013-14","96.6","163316","100","*","NULL","Census"
"6323","Varicella","1 Dose (or disease history)","States","New Jersey","2013-14","96.8","123085","95.4","≥. ‡","NULL","Census"
"6324","MMR (PAC)","MMR (PAC)","States","District of Columbia","2021-22","99.5","NULL","NULL","NULL","NULL","NULL"
"6325","MMR (PAC)","MMR (PAC)","States","North Carolina","2021-22","99.7","NULL","NULL","NULL","NULL","NULL"
"6326","MMR (PAC)","MMR (PAC)","States","California","2021-22","99.7","NULL","NULL","NULL","NULL","NULL"
"6327","MMR (PAC)","MMR (PAC)","States","West Virginia","2021-22","99.9","NULL","NULL","NULL","NULL","NULL"
"6328","MMR (PAC)","MMR (PAC)","States","Mississippi","2021-22","99.9","NULL","NULL","NULL","NULL","NULL"
"6329","MMR (PAC)","MMR (PAC)","States","New York","2021-22","99.9","NULL","NULL","NULL","NULL","NULL"
"6330","MMR (PAC)","MMR (PAC)","States","Texas","2021-22","97.4","NULL","NULL","NULL","NULL","NULL"
"6331","MMR (PAC)","MMR (PAC)","States","New Jersey","2021-22","97.4","NULL","NULL","NULL","NULL","NULL"
"6332","MMR (PAC)","MMR (PAC)","States","South Carolina","2021-22","97.3","NULL","NULL","NULL","NULL","NULL"
"6333","MMR (PAC)","MMR (PAC)","States","Ohio","2021-22","97.3","NULL","NULL","NULL","NULL","NULL"
"6334","MMR (PAC)","MMR (PAC)","States","Vermont","2021-22","97.3","NULL","NULL","NULL","NULL","NULL"
"6335","MMR (PAC)","MMR (PAC)","States","Arkansas","2021-22","97.5","NULL","NULL","NULL","NULL","NULL"
"6336","MMR (PAC)","MMR (PAC)","States","Indiana","2021-22","97.6","NULL","NULL","NULL","NULL","NULL"
"6337","MMR (PAC)","MMR (PAC)","States","Nebraska","2021-22","97.6","NULL","NULL","NULL","NULL","NULL"
"6338","MMR (PAC)","MMR (PAC)","States","Iowa","2021-22","97.6","NULL","NULL","NULL","NULL","NULL"
"6339","MMR (PAC)","MMR (PAC)","States","Tennessee","2021-22","97.6","NULL","NULL","NULL","NULL","NULL"
"6340","MMR (PAC)","MMR (PAC)","States","Kansas","2021-22","97.7","NULL","NULL","NULL","NULL","NULL"
"6341","MMR (PAC)","MMR (PAC)","States","Connecticut","2021-22","97.7","NULL","NULL","NULL","NULL","NULL"
"6342","MMR (PAC)","MMR (PAC)","States","Virginia","2021-22","98.2","NULL","NULL","NULL","NULL","NULL"
"6343","MMR (PAC)","MMR (PAC)","States","Illinois","2021-22","98.3","NULL","NULL","NULL","NULL","NULL"
"6344","MMR (PAC)","MMR (PAC)","States","Alabama","2021-22","98.3","NULL","NULL","NULL","NULL","NULL"
"6345","MMR (PAC)","MMR (PAC)","States","Maryland","2021-22","98.5","NULL","NULL","NULL","NULL","NULL"
"6346","MMR (PAC)","MMR (PAC)","States","New Mexico","2021-22","98.6","NULL","NULL","NULL","NULL","NULL"
"6347","MMR (PAC)","MMR (PAC)","States","TX-City of Houston","2021-22","98.6","NULL","NULL","NULL","NULL","NULL"
"6348","MMR (PAC)","MMR (PAC)","States","Kentucky","2021-22","98.7","NULL","NULL","NULL","NULL","NULL"
"6349","MMR (PAC)","MMR (PAC)","States","Maine","2021-22","98.8","NULL","NULL","NULL","NULL","NULL"
"6350","MMR (PAC)","MMR (PAC)","States","Delaware","2021-22","98.8","NULL","NULL","NULL","NULL","NULL"
"6351","Varicella","1 Dose (or disease history)","States","Colorado","2014-15",NA,"70597","0.5","NULL","NULL","Simple random sample"
"6352","Varicella","1 Dose (or disease history)","States","Connecticut","2014-15",NA,"39948","100","*","NULL","Census"
"6353","Varicella","1 Dose (or disease history)","States","Delaware","2014-15",NA,"11476","7.9","NULL","NULL","Stratified 2-stage cluster sample"
"6354","Varicella","1 Dose (or disease history)","States","District of Columbia","2014-15",NA,"7840","100","*","NULL","Census"
"6355","Varicella","1 Dose (or disease history)","States","Florida","2014-15",NA,"228982","100","*. §","NULL","Census"
"6356","Varicella","1 Dose (or disease history)","States","Georgia","2014-15",NA,"139471","100","*","NULL","Census"
"6357","Varicella","1 Dose (or disease history)","States","Hawaii","2014-15",NA,"20085","5.6","NULL","NULL","Stratified 2-stage cluster sample"
"6358","Varicella","2 Doses (or disease history)","States","Louisiana","2021-22","91.4","66518","100","*","NULL","Census"
"6359","Varicella","2 Doses (or disease history)","States","Florida","2021-22","91.7","229432","97.8",">=. §","NULL","Census"
"6360","Varicella","2 Doses (or disease history)","States","Indiana","2021-22","91.7","83198","75.1","§","NULL","Vol. response"
"6361","Varicella","2 Doses (or disease history)","States","Illinois","2021-22","91.8","137699","100","*","NULL","Census"
"6362","Varicella","2 Doses (or disease history)","States","Arkansas","2021-22","91.9","39358","96.3","NULL","NULL","Census (pub.), vol. response (pvt.)"
"6363","Varicella","2 Doses (or disease history)","States","South Dakota","2021-22","91.9","12251","100","*","NULL","Census"
"6364","Varicella","2 Doses (or disease history)","States","Connecticut","2021-22","95.5","35451","100","*","NULL","Census"
"6365","Varicella","2 Doses (or disease history)","States","Nebraska","2021-22","95.5","25018","99.5","‡","NULL","Census"
"6366","Varicella","2 Doses (or disease history)","States","Maine","2021-22","95.5","12881","91.6","NULL","NULL","Census"
"6367","Varicella","2 Doses (or disease history)","States","Delaware","2021-22","95.7","11181","9.5","‡","NULL","Stratified 2-stage cluster sample"
"6368","Varicella","2 Doses (or disease history)","States","Rhode Island","2020-21","96.7","10402","93","‡.§","NULL","Census"
"6369","Varicella","2 Doses (or disease history)","States","Georgia","2020-21","88.5","83191","100",">=.*","NULL","Census"
"6370","Varicella","2 Doses (or disease history)","States","Kentucky","2020-21","88.3","59233","86.4","‡.§","NULL","Census (public). voluntary response (private)"
"6371","Varicella","2 Doses (or disease history)","States","Maryland","2020-21","87.3","65764","75.6","‡","NULL","Voluntary response"
"6372","Varicella","2 Doses (or disease history)","States","Arizona","2021-22","NReq","83463","97","NULL","NULL","Census"
"6373","Varicella","2 Doses (or disease history)","States","Alabama","2021-22","NReq","60332","100",">=. *","NULL","Census"
"6374","Varicella","2 Doses (or disease history)","States","New Jersey","2021-22","NReq","104240","100",">=. §. *","NULL","Census"
"6375","Varicella","2 Doses (or disease history)","States","Oregon","2021-22","NReq","41538","100","*. ‡","NULL","Census"
"6376","Varicella","2 Doses (or disease history)","States","Oklahoma","2021-22","NReq","54042","84.3","‡","NULL","Vol. response"
"6377","Varicella","2 Doses (or disease history)","States","Alaska","2021-22","76.1","9790","76.2","NULL","NULL","Vol. response (pub.), not conducted (pvt.)"
"6378","Varicella","2 Doses (or disease history)","States","Nevada","2021-22","92.1","36855","99.2","NULL","NULL","Census (pub.), vol. response (pvt.)"
"6379","Varicella","2 Doses (or disease history)","States","South Carolina","2021-22","92.4","58276","27.2","†","NULL","1-stage cluster sample"
"6380","Varicella","2 Doses (or disease history)","States","Vermont","2021-22","92.6","6126","100","*","NULL","Census"
"6381","Varicella","2 Doses (or disease history)","States","Maryland","2021-22","92.7","53866","98.4","‡","NULL","Census"
"6382","Varicella","2 Doses (or disease history)","States","Utah","2021-22","92.8","48995","100","*","NULL","Census"
"6383","Varicella","2 Doses (or disease history)","States","Texas","2021-22","93.5","389037","99.3","‡. §","NULL","Census"
"6384","Varicella","2 Doses (or disease history)","States","New Mexico","2021-22","93.6","20736","100","*","NULL","Census"
"6385","Varicella","2 Doses (or disease history)","States","Wyoming","2021-22","93.6","7382","100","*","NULL","Census"
"6386","MMR (PAC)","MMR (PAC)","States","Florida","2020-21","96.9","NULL","NULL","NULL","NULL","NULL"
"6387","MMR (PAC)","MMR (PAC)","States","Wyoming","2020-21","97","NULL","NULL","NULL","NULL","NULL"
"6388","MMR (PAC)","MMR (PAC)","States","Georgia","2020-21","97.1","NULL","NULL","NULL","NULL","NULL"
"6389","MMR (PAC)","MMR (PAC)","States","Michigan","2020-21","97.2","NULL","NULL","NULL","NULL","NULL"
"6390","MMR (PAC)","MMR (PAC)","States","New Hampshire","2020-21","97.2","NULL","NULL","NULL","NULL","NULL"
"6391","MMR (PAC)","MMR (PAC)","States","Pennsylvania","2020-21","97.3","NULL","NULL","NULL","NULL","NULL"
"6392","MMR (PAC)","MMR (PAC)","States","Connecticut","2020-21","97.4","NULL","NULL","NULL","NULL","NULL"
"6393","MMR (PAC)","MMR (PAC)","States","Nebraska","2022-23","97.8","NULL","NULL","NULL","NULL","NULL"
"6394","MMR (PAC)","MMR (PAC)","States","Illinois","2022-23","97.9","NULL","NULL","NULL","NULL","NULL"
"6395","MMR (PAC)","MMR (PAC)","States","Alabama","2022-23","98","NULL","NULL","NULL","NULL","NULL"
"6396","MMR (PAC)","MMR (PAC)","States","Maryland","2022-23","98.1","NULL","NULL","NULL","NULL","NULL"
"6397","MMR (PAC)","MMR (PAC)","States","Massachusetts","2022-23","98.7","NULL","NULL","NULL","NULL","NULL"
"6398","MMR (PAC)","MMR (PAC)","States","District of Columbia","2022-23","99.2","NULL","NULL","NULL","NULL","NULL"
"6399","MMR (PAC)","MMR (PAC)","States","Connecticut","2022-23","99.2","NULL","NULL","NULL","NULL","NULL"
"6400","MMR (PAC)","MMR (PAC)","States","Maine","2022-23","99.3","NULL","NULL","NULL","NULL","NULL"
"6401","Varicella","1 Dose (or disease history)","States","Ohio","2013-14",NA,"150000","92.5","NULL","NULL","Census"
"6402","MMR (PAC)","MMR (PAC)","States","NY-City of New York","2020-21","100","NULL","NULL","NULL","NULL","NULL"
"6403","MMR (PAC)","MMR (PAC)","States","Wisconsin","2020-21","94.8","NULL","NULL","NULL","NULL","NULL"
"6404","MMR (PAC)","MMR (PAC)","States","Oklahoma","2020-21","97.9","NULL","NULL","NULL","NULL","NULL"
"6405","MMR (PAC)","MMR (PAC)","States","Kansas","2020-21","98","NULL","NULL","NULL","NULL","NULL"
"6406","MMR (PAC)","MMR (PAC)","States","Vermont","2020-21","98.1","NULL","NULL","NULL","NULL","NULL"
"6407","MMR (PAC)","MMR (PAC)","States","Indiana","2020-21","98.1","NULL","NULL","NULL","NULL","NULL"
"6408","MMR (PAC)","MMR (PAC)","States","Ohio","2020-21","98.1","NULL","NULL","NULL","NULL","NULL"
"6409","MMR (PAC)","MMR (PAC)","States","Tennessee","2020-21","98.1","NULL","NULL","NULL","NULL","NULL"
"6410","MMR (PAC)","MMR (PAC)","States","Texas","2020-21","98.1","NULL","NULL","NULL","NULL","NULL"
"6411","MMR (PAC)","MMR (PAC)","States","Washington","2020-21","98.2","NULL","NULL","NULL","NULL","NULL"
"6412","MMR (PAC)","MMR (PAC)","States","Arkansas","2020-21","98.4","NULL","NULL","NULL","NULL","NULL"
"6413","MMR (PAC)","MMR (PAC)","States","Virginia","2020-21","98.5","NULL","NULL","NULL","NULL","NULL"
"6414","MMR (PAC)","MMR (PAC)","States","Nebraska","2020-21","98.6","NULL","NULL","NULL","NULL","NULL"
"6415","MMR (PAC)","MMR (PAC)","States","Alabama","2020-21","98.7","NULL","NULL","NULL","NULL","NULL"
"6416","MMR (PAC)","MMR (PAC)","States","Rhode Island","2021-22","99","NULL","NULL","NULL","NULL","NULL"
"6417","MMR (PAC)","MMR (PAC)","States","Massachusetts","2021-22","99.1","NULL","NULL","NULL","NULL","NULL"
"6418","Varicella","1 Dose (or disease history)","States","Michigan","2013-14",NA,"120297","100","*","NULL","Census"
"6419","Varicella","1 Dose (or disease history)","States","Massachusetts","2013-14",NA,"79894","97.9","‡","NULL","Census"
"6420","Varicella","1 Dose (or disease history)","States","Louisiana","2013-14",NA,"63976","100","*","NULL","Census"
"6421","Varicella","1 Dose (or disease history)","States","South Dakota","2013-14",NA,"12566","100","*","NULL","Census"
"6422","Varicella","1 Dose (or disease history)","States","West Virginia","2014-15",NA,"22016","81.3","NULL","NULL","Voluntary response"
"6423","Varicella","1 Dose (or disease history)","States","Washington","2014-15",NA,"88809","96.7","NULL","NULL","Census (public); Voluntary response (private)"
"6424","Varicella","1 Dose (or disease history)","States","Virginia","2014-15",NA,"103821","4.1","NULL","NULL","Stratified 2-stage cluster sample"
"6425","Varicella","1 Dose (or disease history)","States","North Carolina","2014-15","97.5","129792","95","NULL","NULL","Census (public). Voluntary response (private)"
"6426","Varicella","1 Dose (or disease history)","States","Utah","2014-15","97.2","50916","100","*","NULL","Census"
"6427","Varicella","1 Dose (or disease history)","States","Arizona","2014-15","96.6","86153","98.3","NULL","NULL","Census"
"6428","Varicella","1 Dose (or disease history)","States","Maine","2014-15","96.2","13704","88.9","‡","NULL","Voluntary response (public); Census (private)"
"6429","Varicella","1 Dose (or disease history)","States","California","2014-15","95.5","552583","96.9","‡","NULL","Census"
"6430","Varicella","1 Dose (or disease history)","States","Oregon","2014-15","95.2","46229","100","*. ‡","NULL","Census"
"6431","Varicella","1 Dose (or disease history)","States","Alabama","2014-15","93.5","59660","100","≥. *","NULL","Census"
"6432","Varicella","1 Dose (or disease history)","States","Oklahoma","2014-15","92.5","56967","95.9","‡","NULL","Census"
"6433","Varicella","1 Dose (or disease history)","States","New Jersey","2014-15","92.3","120471","93.9","≥. ‡","NULL","Census (public); Voluntary response (private)"
"6434","Varicella","1 Dose (or disease history)","States","Alaska","2014-15",NA,"10129","7.8","†","NULL","Stratified 2-stage cluster sample"
"6435","Varicella","1 Dose (or disease history)","States","Arkansas","2014-15",NA,"41252","95.9","‡","NULL","Census (public); Voluntary response (private)"
"6436","MMR (PAC)","MMR (PAC)","States","Nevada","2021-22","95.7","NULL","NULL","NULL","NULL","NULL"
"6437","MMR (PAC)","MMR (PAC)","States","Alaska","2021-22","95.7","NULL","NULL","NULL","NULL","NULL"
"6438","MMR (PAC)","MMR (PAC)","States","Michigan","2021-22","95.8","NULL","NULL","NULL","NULL","NULL"
"6439","MMR (PAC)","MMR (PAC)","States","Florida","2021-22","96.1","NULL","NULL","NULL","NULL","NULL"
"6440","MMR (PAC)","MMR (PAC)","States","Minnesota","2021-22","96.3","NULL","NULL","NULL","NULL","NULL"
"6441","MMR (PAC)","MMR (PAC)","States","Wyoming","2021-22","96.3","NULL","NULL","NULL","NULL","NULL"
"6442","MMR (PAC)","MMR (PAC)","States","South Dakota","2021-22","96.5","NULL","NULL","NULL","NULL","NULL"
"6443","MMR (PAC)","MMR (PAC)","States","New Hampshire","2021-22","96.6","NULL","NULL","NULL","NULL","NULL"
"6444","Varicella","1 Dose (or disease history)","States","Idaho","2014-15",NA,"22968","100","*","NULL","Census"
"6445","Varicella","1 Dose (or disease history)","States","Illinois","2014-15",NA,"156942","100","*","NULL","Census"
"6446","Varicella","1 Dose (or disease history)","States","Wyoming","2014-15",NA,"7983","97.9","¶","NULL","Census"
"6447","Varicella","1 Dose (or disease history)","States","Vermont","2014-15",NA,"6277","100","*","NULL","Census"
"6448","Varicella","1 Dose (or disease history)","States","Texas","2014-15",NA,"406099","98.3","‡","NULL","Census (public); Voluntary response (private)"
"6449","Varicella","1 Dose (or disease history)","States","Tennessee","2014-15",NA,"78276","100","*","NULL","Census"
"6450","Varicella","1 Dose (or disease history)","States","South Dakota","2014-15",NA,"12008","100","*","NULL","Census"
"6451","Varicella","1 Dose (or disease history)","States","South Carolina","2014-15",NA,"62864","12.2","NULL","NULL","Stratified 1-stage cluster sample"
"6452","Varicella","1 Dose (or disease history)","States","Rhode Island","2014-15",NA,"11163","98.9","‡","NULL","Census"
"6453","Varicella","2 Doses (or disease history)","States","Massachusetts","2021-22","95.7","65582","100","*. ‡","NULL","Census"
"6454","Varicella","2 Doses (or disease history)","States","North Carolina","2021-22","95.9","118191","78.5","§. ‡","NULL","Vol. response"
"6455","Varicella","2 Doses (or disease history)","States","California","2021-22","96","512144","98.4","‡","NULL","Census"
"6456","Varicella","2 Doses (or disease history)","States","NY-City of New York","2021-22","96.7","82938","99.8","NULL","NULL","Census"
"6457","Varicella","2 Doses (or disease history)","States","Rhode Island","2021-22","97","11002","96.9","‡. §","NULL","Census"
"6458","Varicella","2 Doses (or disease history)","States","New York","2021-22","97.4","195377","99.3","NULL","NULL","Census"
"6459","Varicella","2 Doses (or disease history)","States","West Virginia","2021-22","98","18070","85.5","‡. §","NULL","Vol. response"
"6460","Varicella","2 Doses (or disease history)","States","Mississippi","2021-22","98.6","36524","100",">=. *","NULL","Census"
"6461","MMR (PAC)","MMR (PAC)","States","Kentucky","2022-23","98.3","NULL","NULL","NULL","NULL","NULL"
"6462","MMR (PAC)","MMR (PAC)","States","TX-City of Houston","2022-23","98.2","NULL","NULL","NULL","NULL","NULL"
"6463","MMR (PAC)","MMR (PAC)","States","Delaware","2022-23","98.1","NULL","NULL","NULL","NULL","NULL"
"6464","MMR (PAC)","MMR (PAC)","States","Michigan","2022-23","94.8","NULL","NULL","NULL","NULL","NULL"
"6465","MMR (PAC)","MMR (PAC)","States","Alaska","2022-23","94.6","NULL","NULL","NULL","NULL","NULL"
"6466","MMR (PAC)","MMR (PAC)","States","Wisconsin","2022-23","94.2","NULL","NULL","NULL","NULL","NULL"
"6467","MMR (PAC)","MMR (PAC)","States","Hawaii","2022-23","93.6","NULL","NULL","NULL","NULL","NULL"
"6468","MMR (PAC)","MMR (PAC)","States","Arizona","2022-23","93.3","NULL","NULL","NULL","NULL","NULL"
"6469","MMR (PAC)","MMR (PAC)","States","Oregon","2022-23","93.1","NULL","NULL","NULL","NULL","NULL"
"6470","MMR (PAC)","MMR (PAC)","States","Utah","2022-23","92.4","NULL","NULL","NULL","NULL","NULL"
"6471","MMR (PAC)","MMR (PAC)","States","Idaho","2022-23","88.9","NULL","NULL","NULL","NULL","NULL"
"6472","MMR (PAC)","MMR (PAC)","States","Arkansas","2022-23","97","NULL","NULL","NULL","NULL","NULL"
"6473","MMR (PAC)","MMR (PAC)","States","Iowa","2022-23","97","NULL","NULL","NULL","NULL","NULL"
"6474","MMR (PAC)","MMR (PAC)","States","Kansas","2022-23","97.1","NULL","NULL","NULL","NULL","NULL"
"6475","MMR (PAC)","MMR (PAC)","States","Indiana","2022-23","97.2","NULL","NULL","NULL","NULL","NULL"
"6476","MMR (PAC)","MMR (PAC)","States","North Carolina","2022-23","97.7","NULL","NULL","NULL","NULL","NULL"
"6477","MMR (PAC)","MMR (PAC)","States","Louisiana","2022-23","97.7","NULL","NULL","NULL","NULL","NULL"
"6478","MMR (PAC)","MMR (PAC)","States","Virginia","2022-23","97.8","NULL","NULL","NULL","NULL","NULL"
"6479","Varicella","2 Doses (or disease history)","States","Ohio","2021-22","87.9","139077","91.9","NULL","NULL","Census (pub.), vol. response (pvt.)"
"6480","Varicella","2 Doses (or disease history)","States","Minnesota","2021-22","88.7","69403","98.7","NULL","NULL","Census"
"6481","Varicella","2 Doses (or disease history)","States","New Hampshire","2021-22","88.7","12157","100",">=. §. *","NULL","Census"
"6482","Varicella","2 Doses (or disease history)","States","Hawaii","2021-22","90.2","13368","6.7","NULL","NULL","Stratified 2-stage cluster sample"
"6483","Varicella","2 Doses (or disease history)","States","Kansas","2021-22","90.2","36526","29.5","†. ‡. §","NULL","Stratified 1-stage cluster sample"
"6484","Varicella","2 Doses (or disease history)","States","Iowa","2021-22","90.6","40111","100",">=. *","NULL","Census"
"6485","Varicella","2 Doses (or disease history)","States","North Dakota","2021-22","91.2","10755","96.6","NULL","NULL","Census"
"6486","Varicella","1 Dose (or disease history)","States","North Dakota","2013-14",NA,"9780","96.1","NULL","NULL","Census (Public); Stratified  2-stage cluster sample(Private)"
"6487","Varicella","1 Dose (or disease history)","States","Idaho","2013-14",NA,"23934","100","*","NULL","Census"
"6488","Varicella","1 Dose (or disease history)","States","Hawaii","2013-14",NA,"20056","5.4","NULL","NULL","Stratified  2-stage cluster sample"
"6489","Varicella","1 Dose (or disease history)","States","Georgia","2013-14",NA,"143988","100","*","NULL","Census"
"6490","Varicella","1 Dose (or disease history)","States","Florida","2013-14",NA,"233797","100","*. §","NULL","Census"
"6491","Varicella","1 Dose (or disease history)","States","District of Columbia","2013-14",NA,"7856","100","*","NULL","Census"
"6492","Varicella","1 Dose (or disease history)","States","Delaware","2013-14",NA,"11997","12.2","NULL","NULL","Stratified  2-stage cluster sample"
"6493","Varicella","1 Dose (or disease history)","States","Connecticut","2013-14",NA,"40978","100","*","NULL","Census"
"6494","Varicella","1 Dose (or disease history)","States","Colorado","2013-14",NA,"69904","0.5","NULL","NULL","Random Sample"
"6495","Varicella","1 Dose (or disease history)","States","Arkansas","2013-14",NA,"42649","96.3","NULL","NULL","Census"
"6496","Varicella","1 Dose (or disease history)","States","North Carolina","2013-14",NA,"126084","97.7","NULL","NULL","Census"
"6497","Varicella","1 Dose (or disease history)","States","New Mexico","2013-14",NA,"30725","2.7","‡","NULL","Stratified  2-stage cluster sample"
"6498","Varicella","1 Dose (or disease history)","States","New Hampshire","2013-14",NA,"13240","100","*","NULL","Census"
"6499","Varicella","1 Dose (or disease history)","States","Nevada","2013-14",NA,"35782","3.1","NULL","NULL","Stratified  2-stage cluster sample"
"6500","Varicella","1 Dose (or disease history)","States","Nebraska","2013-14",NA,"27000","97.3","‡","NULL","Census"
"6501","Varicella","1 Dose (or disease history)","States","Montana","2013-14","NReq","12855","95.4","NULL","NULL","Census"
"6502","Varicella","1 Dose (or disease history)","States","Missouri","2013-14",NA,"78140","100","*","NULL","Census"
"6503","Varicella","1 Dose (or disease history)","States","Mississippi","2013-14",NA,"45719","100","*","NULL","Census"
"6504","Varicella","1 Dose (or disease history)","States","Minnesota","2013-14",NA,"72087","98.5","‡","NULL","Census"
"6505","Varicella","2 Doses (or disease history)","States","Oregon","2022-23","NReq","40963","100","*. ‡","NULL","Census"
"6506","Varicella","2 Doses (or disease history)","States","Oklahoma","2022-23","NReq","52548","89.5","‡","NULL","Census (pub.), vol. response (pvt.)"
"6507","Varicella","2 Doses (or disease history)","States","Indiana","2022-23","91.6","81307","87.5","§","NULL","Vol. response (pub.), census (pvt.)"
"6508","Varicella","2 Doses (or disease history)","States","South Dakota","2022-23","92","12081","100","*","NULL","Census"
"6509","Varicella","2 Doses (or disease history)","States","Vermont","2022-23","92.6","5816","100","*","NULL","Census"
"6510","Varicella","2 Doses (or disease history)","States","Missouri","2022-23","90.8","69126","100","*","NULL","Census"
"6511","Varicella","2 Doses (or disease history)","States","Arkansas","2022-23","91.1","38358","95.8","NULL","NULL","Census (pub.), vol. response (pvt.)"
"6512","Varicella","2 Doses (or disease history)","States","Illinois","2022-23","91.3","135332","100","*","NULL","Census"
"6513","Varicella","2 Doses (or disease history)","States","North Dakota","2022-23","91.4","10554","99.4","NULL","NULL","Census"
"6514","Varicella","2 Doses (or disease history)","States","Michigan","2022-23","92.9","113678","100","*","NULL","Census"
"6515","MMR (PAC)","MMR (PAC)","States","Utah","2021-22","93.2","NULL","NULL","NULL","NULL","NULL"
"6516","MMR (PAC)","MMR (PAC)","States","Arizona","2021-22","94.2","NULL","NULL","NULL","NULL","NULL"
"6517","MMR (PAC)","MMR (PAC)","States","Oregon","2021-22","94.3","NULL","NULL","NULL","NULL","NULL"
"6518","MMR (PAC)","MMR (PAC)","States","Wisconsin","2021-22","95.1","NULL","NULL","NULL","NULL","NULL"
"6519","MMR (PAC)","MMR (PAC)","States","Georgia","2021-22","95.3","NULL","NULL","NULL","NULL","NULL"
"6520","MMR (PAC)","MMR (PAC)","States","North Dakota","2021-22","95.3","NULL","NULL","NULL","NULL","NULL"
"6521","Varicella","1 Dose (or disease history)","States","Virginia","2015-16",NA,"100074","4.3","†.§","NULL","Stratified 2-stage cluster sample"
"6522","Varicella","1 Dose (or disease history)","States","Washington","2015-16",NA,"86492","97.3","§","NULL","Census"
"6523","Varicella","1 Dose (or disease history)","States","West Virginia","2015-16",NA,"21333","87.6","NULL","NULL","Voluntary response"
"6524","Varicella","1 Dose (or disease history)","States","Wisconsin","2015-16",NA,"70220","2","‡.§","NULL","Stratified 2-stage cluster sample"
"6525","Varicella","1 Dose (or disease history)","States","Wyoming","2015-16",NA,"7825","74","§.¶","NULL","Voluntary response"
"6526","Varicella","1 Dose (or disease history)","States","Maryland","2015-16",NA,"72012","94.3","‡","NULL","Census (public); Voluntary response (private)"
"6527","MMR (PAC)","MMR (PAC)","States","Hawaii","2021-22","96.6","NULL","NULL","NULL","NULL","NULL"
"6528","MMR (PAC)","MMR (PAC)","States","Pennsylvania","2021-22","96.7","NULL","NULL","NULL","NULL","NULL"
"6529","MMR (PAC)","MMR (PAC)","States","Oklahoma","2021-22","96.8","NULL","NULL","NULL","NULL","NULL"
"6530","MMR (PAC)","MMR (PAC)","States","Missouri","2021-22","97","NULL","NULL","NULL","NULL","NULL"
"6531","MMR (PAC)","MMR (PAC)","States","Colorado","2021-22","97","NULL","NULL","NULL","NULL","NULL"
"6532","MMR (PAC)","MMR (PAC)","States","Washington","2021-22","97.2","NULL","NULL","NULL","NULL","NULL"
"6533","MMR (PAC)","MMR (PAC)","States","Nevada","2022-23","94.9","NULL","NULL","NULL","NULL","NULL"
"6534","MMR (PAC)","MMR (PAC)","States","North Dakota","2022-23","94.9","NULL","NULL","NULL","NULL","NULL"
"6535","MMR (PAC)","MMR (PAC)","States","Wyoming","2022-23","95.4","NULL","NULL","NULL","NULL","NULL"
"6536","MMR (PAC)","MMR (PAC)","States","Florida","2022-23","95.5","NULL","NULL","NULL","NULL","NULL"
"6537","MMR (PAC)","MMR (PAC)","States","Minnesota","2022-23","95.5","NULL","NULL","NULL","NULL","NULL"
"6538","MMR (PAC)","MMR (PAC)","States","Oklahoma","2022-23","95.6","NULL","NULL","NULL","NULL","NULL"
"6539","MMR (PAC)","MMR (PAC)","States","South Dakota","2022-23","95.9","NULL","NULL","NULL","NULL","NULL"
"6540","MMR (PAC)","MMR (PAC)","States","South Carolina","2022-23","95.9","NULL","NULL","NULL","NULL","NULL"
"6541","MMR (PAC)","MMR (PAC)","States","Colorado","2022-23","95.9","NULL","NULL","NULL","NULL","NULL"
"6542","MMR (PAC)","MMR (PAC)","States","Georgia","2022-23","96.2","NULL","NULL","NULL","NULL","NULL"
"6543","MMR (PAC)","MMR (PAC)","States","Missouri","2022-23","96.2","NULL","NULL","NULL","NULL","NULL"
"6544","MMR (PAC)","MMR (PAC)","States","Ohio","2022-23","96.2","NULL","NULL","NULL","NULL","NULL"
"6545","MMR (PAC)","MMR (PAC)","States","Pennsylvania","2022-23","96.2","NULL","NULL","NULL","NULL","NULL"
"6546","MMR (PAC)","MMR (PAC)","States","New Hampshire","2022-23","96.6","NULL","NULL","NULL","NULL","NULL"
"6547","MMR (PAC)","MMR (PAC)","States","Rhode Island","2022-23","98.6","NULL","NULL","NULL","NULL","NULL"
"6548","MMR (PAC)","MMR (PAC)","States","New Mexico","2022-23","98.5","NULL","NULL","NULL","NULL","NULL"
"6549","Varicella","1 Dose (or disease history)","States","Kentucky","2015-16",NA,"54353","99.5","‡.§","NULL","Census"
"6550","Varicella","1 Dose (or disease history)","States","Louisiana","2015-16",NA,"59159","100","*","NULL","Census"
"6551","Varicella","1 Dose (or disease history)","States","Alabama","2015-16","93.1","60392","100","≥.*","NULL","Census"
"6552","Varicella","1 Dose (or disease history)","States","Oregon","2015-16","95.2","45531","100","*.‡","NULL","Census"
"6553","Varicella","2 Doses (or disease history)","States","Michigan","2021-22","93.6","114251","100","*","NULL","Census"
"6554","Varicella","2 Doses (or disease history)","States","Pennsylvania","2021-22","94.8","139558","94.9","NULL","NULL","Census (pub.), vol. response (pvt.)"
"6555","Varicella","2 Doses (or disease history)","States","Virginia","2021-22","94.9","95996","2.8","†","NULL","Stratified 2-stage cluster sample"
"6556","Varicella","2 Doses (or disease history)","States","Tennessee","2021-22","95.4","79120","100","§. *","NULL","Census"
"6557","Varicella","2 Doses (or disease history)","States","District of Columbia","2021-22","81","8959","100","*","NULL","Census"
"6558","Varicella","2 Doses (or disease history)","States","Wisconsin","2021-22","82.6","64275","96.8",">=. ‡","NULL","Census (pub.), vol. response (pvt.)"
"6559","Varicella","2 Doses (or disease history)","States","Georgia","2021-22","83.2","118742","100",">=. *","NULL","Census"
"6560","Varicella","2 Doses (or disease history)","States","Idaho","2021-22","83.4","23854","99.6","NULL","NULL","Census"
"6561","Varicella","2 Doses (or disease history)","States","Kentucky","2021-22","85.6","59233","91.5",">=. ‡. §","NULL","Census"
"6562","Varicella","2 Doses (or disease history)","States","Colorado","2021-22","87.6","66900","97.5","NULL","NULL","Census"
"6563","Varicella","2 Doses (or disease history)","States","TX-City of Houston","2021-22","87.8","40123","99.3","‡. §","NULL","Census"
"6564","MMR (PAC)","MMR (PAC)","States","Connecticut","2023-24","99.5","NULL","NULL","NULL","NULL","NULL"
"6565","MMR (PAC)","MMR (PAC)","States","Maine","2023-24","99.4","NULL","NULL","NULL","NULL","NULL"
"6566","MMR (PAC)","MMR (PAC)","States","Mississippi","2023-24","99.3","NULL","NULL","NULL","NULL","NULL"
"6567","MMR (PAC)","MMR (PAC)","States","NY-Rest of state","2023-24","99","NULL","NULL","NULL","NULL","NULL"
"6568","Varicella","2 Doses (or disease history)","States","Kansas","2022-23","90.8","35543","30.8","†. ‡. §","NULL","Stratified 1-stage cluster sample"
"6569","Varicella","2 Doses (or disease history)","States","TX-City of Houston","2022-23","90.6","37664","98.8","‡. §","NULL","Census (pub.), vol. response (pvt.)"
"6570","Varicella","2 Doses (or disease history)","States","Florida","2022-23","90.6","230309","97.7",">=","NULL","Census"
"6571","Varicella","2 Doses (or disease history)","States","Wyoming","2022-23","90.5","7060","100","*","NULL","Census"
"6572","Varicella","2 Doses (or disease history)","States","Washington","2022-23","90.1","86284","97.9","§","NULL","Census"
"6573","Varicella","2 Doses (or disease history)","States","Iowa","2022-23","89.9","39178","100",">=. *","NULL","Census"
"6574","Varicella","2 Doses (or disease history)","States","Kentucky","2022-23","89.8","54742","96.9",">=. ‡. §","NULL","Census"
"6575","Varicella","2 Doses (or disease history)","States","Utah","2022-23","89.6","46635","100","*","NULL","Census"
"6576","Varicella","2 Doses (or disease history)","States","New Hampshire","2022-23","89.4","11332","100",">=. §. *","NULL","Census"
"6577","Varicella","2 Doses (or disease history)","States","Ohio","2022-23","88.8","134893","93.7","NULL","NULL","Census (pub.), vol. response (pvt.)"
"6578","Varicella","2 Doses (or disease history)","States","Georgia","2022-23","88.1","123771","100",">=. *","NULL","Census"
"6579","Varicella","2 Doses (or disease history)","States","Minnesota","2022-23","87.9","68152","97.9","NULL","NULL","Census"
"6580","Varicella","2 Doses (or disease history)","States","District of Columbia","2022-23","86.8","8064","100","*","NULL","Census"
"6581","Varicella","2 Doses (or disease history)","States","Wisconsin","2022-23","85.9","63593","93.9","‡","NULL","Census (pub.), vol. response (pvt.)"
"6582","Varicella","2 Doses (or disease history)","States","Colorado","2022-23","85.9","65576","97.2","NULL","NULL","Census"
"6583","Varicella","2 Doses (or disease history)","States","Hawaii","2022-23","84.4","13195","8.1","NULL","NULL","Stratified 2-stage cluster sample"
"6584","Varicella","2 Doses (or disease history)","States","Alaska","2022-23","81.8","9650","88.8","NULL","NULL","Vol. response (pub.), not conducted (pvt.)"
"6585","Varicella","2 Doses (or disease history)","States","Idaho","2022-23","80.7","23721","99.3","NULL","NULL","Census"
"6586","Varicella","2 Doses (or disease history)","States","Alabama","2022-23","NReq","59113","100",">=. *","NULL","Census"
"6587","Varicella","2 Doses (or disease history)","States","New Jersey","2022-23","NReq","104468","100",">=. §. *","NULL","Census"
"6588","Varicella","2 Doses (or disease history)","States","Arizona","2022-23","NReq","80814","97.7","NULL","NULL","Census"
"6589","Varicella","1 Dose (or disease history)","States","Montana","2014-15","NReq","12501","95.7","NULL","NULL","Census (public); Voluntary response (private)"
"6590","Varicella","1 Dose (or disease history)","States","Missouri","2014-15",NA,"75900","100","*","NULL","Census"
"6591","Varicella","1 Dose (or disease history)","States","Mississippi","2014-15",NA,"44129","100","*","NULL","Census"
"6592","Varicella","1 Dose (or disease history)","States","Minnesota","2014-15",NA,"70896","97.8","NULL","NULL","Census"
"6593","Varicella","1 Dose (or disease history)","States","Michigan","2014-15",NA,"117963","100","*","NULL","Census"
"6594","Varicella","1 Dose (or disease history)","States","Massachusetts","2014-15",NA,"74869","100","*. ‡","NULL","Census"
"6595","Varicella","1 Dose (or disease history)","States","Maryland","2014-15",NA,"75391","90.2","‡","NULL","Census (public); Voluntary response (private)"
"6596","Varicella","1 Dose (or disease history)","States","Louisiana","2014-15",NA,"60377","100","*","NULL","Census"
"6597","Varicella","1 Dose (or disease history)","States","Kentucky","2014-15",NA,"57884","97.2","‡","NULL","Census"
"6598","Varicella","1 Dose (or disease history)","States","Kansas","2014-15",NA,"39685","24.5","†.‡","NULL","Stratified 2-stage cluster sample"
"6599","Varicella","1 Dose (or disease history)","States","Iowa","2014-15",NA,"43239","96.3","NULL","NULL","Census"
"6600","Varicella","1 Dose (or disease history)","States","Indiana","2014-15",NA,"85477","70.1","NULL","NULL","Voluntary response"
"6601","Varicella","1 Dose (or disease history)","States","Wisconsin","2014-15",NA,"69335","2.5","‡","NULL","Stratified 2-stage cluster sample"
"6602","Varicella","1 Dose (or disease history)","States","Texas","2015-16",NA,"394801","98.7","‡.§","NULL","Census (public); Voluntary response (private)"
"6603","Varicella","1 Dose (or disease history)","States","Utah","2015-16",NA,"50114","100","*","NULL","Census"
"6604","Varicella","1 Dose (or disease history)","States","Vermont","2015-16",NA,"6366","100","*","NULL","Census"
"6605","Varicella","2 Doses (or disease history)","States","New Jersey","2023-24","NReq","105408","100",">=. §. *","NULL","Census"
"6606","Varicella","2 Doses (or disease history)","States","Alabama","2023-24","NReq","54565","100",">=. *","NULL","Census"
"6607","Varicella","1 Dose (or disease history)","States","Massachusetts","2015-16",NA,"72897","100","*.‡","NULL","Census"
"6608","Varicella","1 Dose (or disease history)","States","New Hampshire","2015-16",NA,"11852","99.8","≥","NULL","Census"
"6609","Varicella","1 Dose (or disease history)","States","Nevada","2015-16",NA,"37118","3.3","NULL","NULL","Stratified 2-stage cluster sample"
"6610","Varicella","1 Dose (or disease history)","States","Nebraska","2015-16",NA,"30409","100","*.‡","NULL","Census"
"6611","Varicella","1 Dose (or disease history)","States","Montana","2015-16",NA,"11484","100","*","NULL","Census"
"6612","Varicella","1 Dose (or disease history)","States","Michigan","2015-16",NA,"116299","100","*","NULL","Census"
"6613","Varicella","1 Dose (or disease history)","States","Minnesota","2015-16",NA,"69710","97.8","§","NULL","Census"
"6614","Varicella","1 Dose (or disease history)","States","Mississippi","2015-16",NA,"41042","100","≥.*","NULL","Census"
"6615","Varicella","1 Dose (or disease history)","States","Idaho","2015-16",NA,"22686","100","*","NULL","Census"
"6616","Varicella","1 Dose (or disease history)","States","Georgia","2015-16",NA,"131403","100","≥.*","NULL","Census"
"6617","Varicella","1 Dose (or disease history)","States","Florida","2015-16",NA,"224430","100","≥.*.§","NULL","Census"
"6618","Varicella","1 Dose (or disease history)","States","District of Columbia","2015-16",NA,"8080","100","*","NULL","Census"
"6619","Varicella","1 Dose (or disease history)","States","Delaware","2015-16",NA,"11589","9.5","NULL","NULL","Stratified 2-stage cluster sample"
"6620","Varicella","1 Dose (or disease history)","States","Connecticut","2015-16",NA,"39533","100","*","NULL","Census"
"6621","Varicella","1 Dose (or disease history)","States","Colorado","2015-16",NA,"69137","0.5","NULL","NULL","Simple random sample"
"6622","Varicella","1 Dose (or disease history)","States","Arkansas","2015-16",NA,"40258","95.6","‡","NULL","Census (public); Voluntary response (private)"
"6623","Varicella","1 Dose (or disease history)","States","Alaska","2015-16",NA,"9937","7.8","†.§","NULL","Stratified 2-stage cluster sample"
"6624","Varicella","1 Dose (or disease history)","States","New Mexico","2015-16",NA,"29049","2.7","†","NULL","Stratified 2-stage cluster sample"
"6625","Varicella","1 Dose (or disease history)","States","Illinois","2015-16",NA,"151309","100","*","NULL","Census"
"6626","Varicella","1 Dose (or disease history)","States","Indiana","2015-16",NA,"83525","69.5","NULL","NULL","Voluntary response"
"6627","Varicella","1 Dose (or disease history)","States","Iowa","2015-16",NA,"41215","100","≥.*","NULL","Census"
"6628","Varicella","1 Dose (or disease history)","States","Kansas","2015-16",NA,"39555","21","†.‡.§","NULL","Stratified 2-stage cluster sample"
"6629","MMR (PAC)","MMR (PAC)","States","Minnesota","2023-24","94.6","NULL","NULL","NULL","NULL","NULL"
"6630","MMR (PAC)","MMR (PAC)","States","Wyoming","2023-24","94.6","NULL","NULL","NULL","NULL","NULL"
"6631","MMR (PAC)","MMR (PAC)","States","Hawaii","2023-24","94.7","NULL","NULL","NULL","NULL","NULL"
"6632","MMR (PAC)","MMR (PAC)","States","Pennsylvania","2023-24","95","NULL","NULL","NULL","NULL","NULL"
"6633","MMR (PAC)","MMR (PAC)","States","Florida","2023-24","95.2","NULL","NULL","NULL","NULL","NULL"
"6634","MMR (PAC)","MMR (PAC)","States","Missouri","2023-24","95.3","NULL","NULL","NULL","NULL","NULL"
"6635","MMR (PAC)","MMR (PAC)","States","South Carolina","2023-24","95.6","NULL","NULL","NULL","NULL","NULL"
"6636","MMR (PAC)","MMR (PAC)","States","New Hampshire","2023-24","95.9","NULL","NULL","NULL","NULL","NULL"
"6637","MMR (PAC)","MMR (PAC)","States","Vermont","2023-24","96","NULL","NULL","NULL","NULL","NULL"
"6638","MMR (PAC)","MMR (PAC)","States","Washington","2023-24","96","NULL","NULL","NULL","NULL","NULL"
"6639","MMR (PAC)","MMR (PAC)","States","Colorado","2023-24","96","NULL","NULL","NULL","NULL","NULL"
"6640","MMR (PAC)","MMR (PAC)","States","New Jersey","2023-24","96.1","NULL","NULL","NULL","NULL","NULL"
"6641","MMR (PAC)","MMR (PAC)","States","Ohio","2023-24","96.2","NULL","NULL","NULL","NULL","NULL"
"6642","MMR (PAC)","MMR (PAC)","States","Texas","2023-24","96.4","NULL","NULL","NULL","NULL","NULL"
"6643","MMR (PAC)","MMR (PAC)","States","Georgia","2023-24","96.4","NULL","NULL","NULL","NULL","NULL"
"6644","MMR (PAC)","MMR (PAC)","States","NY-City of New York","2023-24","100","NULL","NULL","NULL","NULL","NULL"
"6645","MMR (PAC)","MMR (PAC)","States","West Virginia","2023-24","99.9","NULL","NULL","NULL","NULL","NULL"
"6646","MMR (PAC)","MMR (PAC)","States","California","2023-24","99.9","NULL","NULL","NULL","NULL","NULL"
"6647","MMR (PAC)","MMR (PAC)","States","New York","2023-24","99.9","NULL","NULL","NULL","NULL","NULL"
"6648","Varicella","2 Doses (or disease history)","States","New Mexico","2022-23","94.4","21068","100","*","NULL","Census"
"6649","MMR (PAC)","MMR (PAC)","States","Massachusetts","2023-24","98.7","NULL","NULL","NULL","NULL","NULL"
"6650","MMR (PAC)","MMR (PAC)","States","Rhode Island","2023-24","98.5","NULL","NULL","NULL","NULL","NULL"
"6651","MMR (PAC)","MMR (PAC)","States","New Mexico","2023-24","98.4","NULL","NULL","NULL","NULL","NULL"
"6652","MMR (PAC)","MMR (PAC)","States","Tennessee","2023-24","96.4","NULL","NULL","NULL","NULL","NULL"
"6653","MMR (PAC)","MMR (PAC)","States","Iowa","2023-24","96.6","NULL","NULL","NULL","NULL","NULL"
"6654","MMR (PAC)","MMR (PAC)","States","Arkansas","2023-24","96.6","NULL","NULL","NULL","NULL","NULL"
"6655","MMR (PAC)","MMR (PAC)","States","Nebraska","2023-24","96.7","NULL","NULL","NULL","NULL","NULL"
"6656","MMR (PAC)","MMR (PAC)","States","Kansas","2023-24","97","NULL","NULL","NULL","NULL","NULL"
"6657","MMR (PAC)","MMR (PAC)","States","Louisiana","2023-24","97.2","NULL","NULL","NULL","NULL","NULL"
"6658","MMR (PAC)","MMR (PAC)","States","North Carolina","2023-24","97.3","NULL","NULL","NULL","NULL","NULL"
"6659","MMR (PAC)","MMR (PAC)","States","Delaware","2023-24","97.5","NULL","NULL","NULL","NULL","NULL"
"6660","MMR (PAC)","MMR (PAC)","States","Illinois","2023-24","97.5","NULL","NULL","NULL","NULL","NULL"
"6661","MMR (PAC)","MMR (PAC)","States","TX-City of Houston","2023-24","97.6","NULL","NULL","NULL","NULL","NULL"
"6662","MMR (PAC)","MMR (PAC)","States","Indiana","2023-24","97.6","NULL","NULL","NULL","NULL","NULL"
"6663","MMR (PAC)","MMR (PAC)","States","Virginia","2023-24","97.6","NULL","NULL","NULL","NULL","NULL"
"6664","MMR (PAC)","MMR (PAC)","States","Kentucky","2023-24","97.7","NULL","NULL","NULL","NULL","NULL"
"6665","Varicella","1 Dose (or disease history)","States","Pennsylvania","2014-15",NA,"146378","98.3","‡","NULL","Census"
"6666","Varicella","1 Dose (or disease history)","States","Ohio","2014-15",NA,"149080","91","NULL","NULL","Census (public); Voluntary response (private)"
"6667","Varicella","1 Dose (or disease history)","States","North Dakota","2014-15",NA,"10017","99.9","NULL","NULL","Census"
"6668","Varicella","1 Dose (or disease history)","States","New York","2014-15",NA,"237045","100","*. ‡","NULL","Census"
"6669","Varicella","1 Dose (or disease history)","States","New Mexico","2014-15",NA,"29918","3.3","†","NULL","Stratified 2-stage cluster sample"
"6670","Varicella","1 Dose (or disease history)","States","New Hampshire","2014-15",NA,"12422","98.9","NULL","NULL","Census (public); Voluntary response (private)"
"6671","Varicella","1 Dose (or disease history)","States","Nevada","2014-15",NA,"36755","2.8","NULL","NULL","Stratified 2-stage cluster sample"
"6672","Varicella","1 Dose (or disease history)","States","Nebraska","2014-15",NA,"26665","100","*. ‡","NULL","Census"
"6673","Varicella","2 Doses (or disease history)","States","Georgia","2023-24","88.4","136943","100",">=. *","NULL","Census"
"6674","Varicella","2 Doses (or disease history)","States","Ohio","2023-24","88.5","133716","94","NULL","NULL","Census (pub.), vol. response (prv.)"
"6675","Varicella","2 Doses (or disease history)","States","Iowa","2023-24","89.1","38611","100",">=. *","NULL","Census"
"6676","Varicella","2 Doses (or disease history)","States","Hawaii","2023-24","89.1","13995","8.2","NULL","NULL","Stratified 2-stage cluster sample"
"6677","Varicella","2 Doses (or disease history)","States","New Hampshire","2023-24","89.2","11871","100",">=. §. *","NULL","Census"
"6678","Varicella","2 Doses (or disease history)","States","Kentucky","2023-24","89.4","52609","100",">=. *. ‡. §","NULL","Census"
"6679","Varicella","2 Doses (or disease history)","States","Kansas","2023-24","89.5","34178","37.1","†. ‡. §","NULL","Stratified 2-stage cluster sample"
"6680","Varicella","2 Doses (or disease history)","States","Missouri","2023-24","89.9","69014","100","*","NULL","Census"
"6681","Varicella","2 Doses (or disease history)","States","Washington","2023-24","90","84053","97.2","§","NULL","Census"
"6682","Varicella","2 Doses (or disease history)","States","South Dakota","2023-24","90.3","11744","99.8","§","NULL","Census"
"6683","Varicella","2 Doses (or disease history)","States","Indiana","2023-24","90.3","80639","88.5","§","NULL","Census (pub.), vol. response (prv.)"
"6684","Varicella","2 Doses (or disease history)","States","North Dakota","2023-24","90.7","9708","97.5","NULL","NULL","Census"
"6685","Varicella","2 Doses (or disease history)","States","Louisiana","2023-24","90.9","51839","100","*","NULL","Census"
"6686","Varicella","2 Doses (or disease history)","States","Illinois","2023-24","91.1","133578","100","*","NULL","Census"
"6687","Varicella","2 Doses (or disease history)","States","Texas","2023-24","93.7","381421","92.4","‡. §","NULL","Census (pub.), vol. response (prv.)"
"6688","Varicella","2 Doses (or disease history)","States","Delaware","2023-24","93.8","11043","12.1",">=. ‡","NULL","Stratified 2-stage cluster sample"
"6689","Varicella","2 Doses (or disease history)","States","New Mexico","2023-24","94.4","20699","100","*","NULL","Census"
"6690","Varicella","1 Dose (or disease history)","States","South Carolina","2015-16",NA,"59240","8.9","NULL","NULL","Stratified 1-stage cluster sample"
"6691","Varicella","1 Dose (or disease history)","States","South Dakota","2015-16",NA,"12181","100","*","NULL","Census"
"6692","Varicella","1 Dose (or disease history)","States","Tennessee","2015-16",NA,"79233","100","*.§","NULL","Census"
"6693","Varicella","2 Doses (or disease history)","States","Arizona","2023-24","NReq","74834","99.6","NULL","NULL","Census"
"6694","Varicella","2 Doses (or disease history)","States","Nevada","2023-24","91.2","31261","91.3","NULL","NULL","Census"
"6695","Varicella","2 Doses (or disease history)","States","Nebraska","2023-24","91.2","23118","100","*. ‡","NULL","Census"
"6696","MMR (PAC)","MMR (PAC)","States","California","2022-23","99.8","NULL","NULL","NULL","NULL","NULL"
"6697","MMR (PAC)","MMR (PAC)","States","Mississippi","2022-23","99.8","NULL","NULL","NULL","NULL","NULL"
"6698","MMR (PAC)","MMR (PAC)","States","NY-City of New York","2022-23","99.9","NULL","NULL","NULL","NULL","NULL"
"6699","MMR (PAC)","MMR (PAC)","States","New York","2022-23","99.9","NULL","NULL","NULL","NULL","NULL"
"6700","MMR (PAC)","MMR (PAC)","States","West Virginia","2022-23","99.9","NULL","NULL","NULL","NULL","NULL"
"6701","MMR (PAC)","MMR (PAC)","States","Vermont","2022-23","96.9","NULL","NULL","NULL","NULL","NULL"
"6702","MMR (PAC)","MMR (PAC)","States","New Jersey","2022-23","96.8","NULL","NULL","NULL","NULL","NULL"
"6703","MMR (PAC)","MMR (PAC)","States","Tennessee","2022-23","96.8","NULL","NULL","NULL","NULL","NULL"
"6704","MMR (PAC)","MMR (PAC)","States","Texas","2022-23","96.8","NULL","NULL","NULL","NULL","NULL"
"6705","MMR (PAC)","MMR (PAC)","States","Washington","2022-23","96.8","NULL","NULL","NULL","NULL","NULL"
"6706","MMR (PAC)","MMR (PAC)","States","Idaho","2023-24","86.5","NULL","NULL","NULL","NULL","NULL"
"6707","MMR (PAC)","MMR (PAC)","States","Alaska","2023-24","90.8","NULL","NULL","NULL","NULL","NULL"
"6708","MMR (PAC)","MMR (PAC)","States","Utah","2023-24","91.4","NULL","NULL","NULL","NULL","NULL"
"6709","MMR (PAC)","MMR (PAC)","States","Oregon","2023-24","92.4","NULL","NULL","NULL","NULL","NULL"
"6710","MMR (PAC)","MMR (PAC)","States","Arizona","2023-24","92.8","NULL","NULL","NULL","NULL","NULL"
"6711","MMR (PAC)","MMR (PAC)","States","Wisconsin","2023-24","93.2","NULL","NULL","NULL","NULL","NULL"
"6712","MMR (PAC)","MMR (PAC)","States","North Dakota","2023-24","93.5","NULL","NULL","NULL","NULL","NULL"
"6713","MMR (PAC)","MMR (PAC)","States","Michigan","2023-24","93.6","NULL","NULL","NULL","NULL","NULL"
"6714","MMR (PAC)","MMR (PAC)","States","Nevada","2023-24","94","NULL","NULL","NULL","NULL","NULL"
"6715","MMR (PAC)","MMR (PAC)","States","South Dakota","2023-24","94.3","NULL","NULL","NULL","NULL","NULL"
"6716","MMR (PAC)","MMR (PAC)","States","Oklahoma","2023-24","94.6","NULL","NULL","NULL","NULL","NULL"
"6717","Varicella","1 Dose (or disease history)","States","New Jersey","2018-19","95","109161","100","≥.*","NULL","Census"
"6718","Varicella","1 Dose (or disease history)","States","Oregon","2018-19","94.3","45870","100","*.‡","NULL","Census"
"6719","Varicella","1 Dose (or disease history)","States","Hawaii","2018-19","94","16051","6.7","NULL","NULL","Stratified 2-stage cluster sample"
"6720","Varicella","1 Dose (or disease history)","States","Alabama","2018-19","90.6","77739","100","≥.*","NULL","Census"
"6721","Varicella","1 Dose (or disease history)","States","Delaware","2019-20","NReq","NULL","NULL","NULL","NULL","Not Conducted"
"6722","Varicella","1 Dose (or disease history)","States","Connecticut","2019-20","NReq","38888","100","*","NULL","Census"
"6723","Varicella","1 Dose (or disease history)","States","Colorado","2019-20","NReq","69088","98.2","NULL","NULL","Census"
"6724","Varicella","1 Dose (or disease history)","States","California","2019-20","NReq","566155","97.9","‡","NULL","Census"
"6725","Varicella","1 Dose (or disease history)","States","Arkansas","2019-20","NReq","39510","96.2","‡","NULL","Census (public). voluntary response (private)"
"6726","Varicella","1 Dose (or disease history)","States","District of Columbia","2019-20","NReq","NULL","NULL","NULL","NULL","Not Conducted"
"6727","Varicella","1 Dose (or disease history)","States","Alaska","2019-20","NReq","10381","82.7","§","NULL","Voluntary response"
"6728","Varicella","2 Doses (or disease history)","States","Louisiana","2022-23","93.6","54314","100","*","NULL","Census"
"6729","Varicella","2 Doses (or disease history)","States","North Carolina","2022-23","93.6","125679","83.1","§. ‡","NULL","Vol. response"
"6730","Varicella","2 Doses (or disease history)","States","Texas","2022-23","93.7","381680","98","‡. §","NULL","Census"
"6731","Varicella","2 Doses (or disease history)","States","Pennsylvania","2022-23","93.7","137259","97.2","NULL","NULL","Census (pub.), vol. response (pvt.)"
"6732","Varicella","2 Doses (or disease history)","States","Delaware","2022-23","94","10674","9.7","‡","NULL","Stratified 2-stage cluster sample"
"6733","Varicella","2 Doses (or disease history)","States","Illinois","2024-25","91.3","132769","99.5","NULL","NULL","Census"
"6734","Varicella","2 Doses (or disease history)","States","Michigan","2024-25","91.3","107636","100","*. ‡","NULL","Census"
"6735","Varicella","2 Doses (or disease history)","States","District of Columbia","2024-25","92.1","7997","100","*","NULL","Census"
"6736","Varicella","2 Doses (or disease history)","States","Pennsylvania","2024-25","92.1","140160","95.3","NULL","NULL","Census (pub.), vol. response (prv.)"
"6737","Varicella","2 Doses (or disease history)","States","Nebraska","2022-23","94.9","23176","100","*. ‡","NULL","Census"
"6738","Varicella","2 Doses (or disease history)","States","Tennessee","2022-23","95.1","79692","100","§. *","NULL","Census"
"6739","Varicella","2 Doses (or disease history)","States","West Virginia","2022-23","95.6","19175","86.1",">=. ‡. §","NULL","Vol. response (pub.), census (pvt.)"
"6740","Varicella","2 Doses (or disease history)","States","Virginia","2022-23","95.6","93271","1.6","†","NULL","Stratified 2-stage cluster sample"
"6741","Varicella","2 Doses (or disease history)","States","Massachusetts","2022-23","96","66041","100","*. ‡","NULL","Census"
"6742","Varicella","2 Doses (or disease history)","States","California","2022-23","96.1","541132","100","‡","NULL","Census"
"6743","Varicella","2 Doses (or disease history)","States","Rhode Island","2022-23","96.3","10532","96.5","‡. §","NULL","Census"
"6744","Varicella","2 Doses (or disease history)","States","Maryland","2022-23","96.6","59684","100","*. ‡","NULL","Census"
"6745","Varicella","2 Doses (or disease history)","States","Maine","2022-23","96.6","12403","93.9","NULL","NULL","Census"
"6746","Varicella","2 Doses (or disease history)","States","NY-City of New York","2022-23","96.7","85379","97.6","NULL","NULL","Census (pub.), vol. response (pvt.)"
"6747","Varicella","2 Doses (or disease history)","States","Connecticut","2022-23","97","35580","100","*","NULL","Census"
"6748","Varicella","2 Doses (or disease history)","States","New York","2022-23","97.5","205906","96.6","NULL","NULL","Census (pub.), vol. response (pvt.)"
"6749","Varicella","2 Doses (or disease history)","States","Mississippi","2022-23","98.4","36048","100",">=. *","NULL","Census"
"6750","Varicella","2 Doses (or disease history)","States","South Carolina","2022-23","92.8","58878","28.1","†","NULL","Stratified 1-stage cluster sample"
"6751","Varicella","2 Doses (or disease history)","States","Nevada","2022-23","92.6","34333","89.1","NULL","NULL","Vol. response (pub.), census (pvt.)"
"6752","Varicella","2 Doses (or disease history)","States","Oklahoma","2023-24","NReq","49979","93.8","‡","NULL","Census (pub.), vol. response (prv.)"
"6753","Varicella","2 Doses (or disease history)","States","Wyoming","2023-24","NReq","6754","100","*","NULL","Census"
"6754","Varicella","2 Doses (or disease history)","States","Oregon","2023-24","NReq","39568","100","*. ‡","NULL","Census"
"6755","Varicella","2 Doses (or disease history)","States","Idaho","2023-24","79.1","22376","100","*","NULL","Census"
"6756","Varicella","2 Doses (or disease history)","States","Alaska","2023-24","82.6","8644","88.9","¶","NULL","Census (pub.), not conducted (prv.)"
"6757","Varicella","2 Doses (or disease history)","States","Wisconsin","2023-24","84.3","62028","98.2","‡. §","NULL","Census"
"6758","Varicella","2 Doses (or disease history)","States","Minnesota","2023-24","87.2","66032","99.1","NULL","NULL","Census"
"6759","Varicella","2 Doses (or disease history)","States","Colorado","2023-24","87.3","61662","100","*","NULL","Census"
"6760","Varicella","2 Doses (or disease history)","States","Florida","2023-24","88.1","228213","100",">=. *","NULL","Census"
"6761","Varicella","2 Doses (or disease history)","States","Utah","2023-24","88.2","46228","100","*","NULL","Census"
"6762","Varicella","1 Dose (or disease history)","States","Maine","2015-16","96.1","13526","90.5","NULL","NULL","Census"
"6763","Varicella","1 Dose (or disease history)","States","New Jersey","2015-16","96.3","110116","100","≥.*","NULL","Census"
"6764","Varicella","1 Dose (or disease history)","States","California","2015-16","96.3","593788","92.8","‡","NULL","Census"
"6765","Varicella","1 Dose (or disease history)","States","Arizona","2015-16","96.7","83088","100","*","NULL","Census"
"6766","Varicella","1 Dose (or disease history)","States","Missouri","2015-16",NA,"74413","100","*.§","NULL","Census"
"6767","Varicella","1 Dose (or disease history)","States","New York","2015-16",NA,"232521","100","*","NULL","Census"
"6768","Varicella","1 Dose (or disease history)","States","North Carolina","2015-16",NA,"128290","92","‡.§","NULL","Census (public). Voluntary response (private)"
"6769","Varicella","1 Dose (or disease history)","States","North Dakota","2015-16",NA,"9875","97.1","NULL","NULL","Census"
"6770","Varicella","1 Dose (or disease history)","States","Ohio","2015-16",NA,"144604","93.7","NULL","NULL","Census (public); Voluntary response (private)"
"6771","Varicella","1 Dose (or disease history)","States","Oklahoma","2015-16",NA,"54335","96.1","‡","NULL","Census"
"6772","Varicella","1 Dose (or disease history)","States","Pennsylvania","2015-16",NA,"143298","93.2","NULL","NULL","Census (public); Voluntary response (private)"
"6773","Varicella","1 Dose (or disease history)","States","Rhode Island","2015-16",NA,"11165","100","*.‡.§","NULL","Census"
"6774","Varicella","1 Dose (or disease history)","States","Maryland","2019-20","NReq","72443","98.3","‡","NULL","Census (public). voluntary response (private)"
"6775","Varicella","1 Dose (or disease history)","States","Illinois","2019-20","NReq","145891","100","*","NULL","Census"
"6776","Varicella","1 Dose (or disease history)","States","Louisiana","2019-20","NReq","59685","100","*","NULL","Census"
"6777","Varicella","1 Dose (or disease history)","States","Kentucky","2019-20","NReq","59233","92.9","‡.§","NULL","Census"
"6778","Varicella","1 Dose (or disease history)","States","Kansas","2019-20","NReq","37865","34.3","†.‡.§","NULL","Stratified 2-stage cluster sample"
"6779","Varicella","1 Dose (or disease history)","States","Iowa","2019-20","NReq","40812","100","≥.*","NULL","Census"
"6780","Varicella","1 Dose (or disease history)","States","Indiana","2019-20","NReq","88253","65.7","NULL","NULL","Voluntary response"
"6781","Varicella","1 Dose (or disease history)","States","North Carolina","2019-20","NReq","124548","97.8","‡.§","NULL","Census"
"6782","Varicella","1 Dose (or disease history)","States","California","2016-17","98.5","575305","97.8","‡","NULL","Census"
"6783","Varicella","1 Dose (or disease history)","States","Arizona","2016-17","96.7","83627","100","*","NULL","Census"
"6784","Varicella","1 Dose (or disease history)","States","Maine","2016-17","96.7","13834","90.1","NULL","NULL","Voluntary response (public). census (private)"
"6785","Varicella","1 Dose (or disease history)","States","New Jersey","2016-17","96.5","109577","100","≥.*","NULL","Census"
"6786","Varicella","1 Dose (or disease history)","States","Hawaii","2016-17","95.3","16325","6.7","NULL","NULL","Stratified 2-stage cluster sample"
"6787","Varicella","1 Dose (or disease history)","States","Oregon","2016-17","95","45705","100","*.‡","NULL","Census"
"6788","Varicella","1 Dose (or disease history)","States","Alabama","2016-17","93.8","58394","100","≥.*","NULL","Census"
"6789","Varicella","1 Dose (or disease history)","States","Oklahoma","2016-17",NA,"52184","0","‡.¶","NULL","Census"
"6790","Varicella","1 Dose (or disease history)","States","Wyoming","2016-17",NA,"NULL","NULL","NULL","NULL","Not conducted"
"6791","Varicella","1 Dose (or disease history)","States","Wyoming","2017-18",NA,"NULL","NULL","NULL","NULL","Not conducted"
"6792","Varicella","1 Dose (or disease history)","States","Alabama","2017-18","92.7","57245","100","≥.*","NULL","Census"
"6793","Varicella","1 Dose (or disease history)","States","Oregon","2017-18","94.4","45818","100","*.‡","NULL","Census"
"6794","Varicella","1 Dose (or disease history)","States","New Jersey","2017-18","96.1","107630","100","≥.*","NULL","Census"
"6795","Varicella","1 Dose (or disease history)","States","Arizona","2017-18","96.2","81710","100","*","NULL","Census"
"6796","Varicella","1 Dose (or disease history)","States","Hawaii","2017-18","96.2","16325","6.6","NULL","NULL","Stratified 2-stage cluster sample"
"6797","Varicella","1 Dose (or disease history)","States","Maine","2017-18","96.5","13255","95.9","NULL","NULL","Census"
"6798","Varicella","1 Dose (or disease history)","States","Oklahoma","2017-18","96.8","53898","92.1","§","NULL","Census (public). voluntary response (private)"
"6799","Varicella","1 Dose (or disease history)","States","California","2017-18","98.2","574702","100","‡","NULL","Census"
"6800","Varicella","1 Dose (or disease history)","States","California","2018-19","97.9","568947","97.7","‡","NULL","Census"
"6801","Varicella","1 Dose (or disease history)","States","Maine","2018-19","95.9","13419","95.9","NULL","NULL","Census"
"6802","Varicella","1 Dose (or disease history)","States","Oklahoma","2018-19","95.8","54806","92.1","§","NULL","Census (public). voluntary response (private)"
"6803","Varicella","1 Dose (or disease history)","States","Arizona","2018-19","95.6","79981","100","*","NULL","Census"
"6804","Varicella","2 Doses (or disease history)","States","Massachusetts","2023-24","95.7","65424","100","*. ‡","NULL","Census"
"6805","Varicella","2 Doses (or disease history)","States","NY-City of New York","2023-24","95.9","85360","99.3","NULL","NULL","Census"
"6806","Varicella","2 Doses (or disease history)","States","Maryland","2023-24","96.2","63224","100",">=. *. ‡","NULL","Census"
"6807","Varicella","2 Doses (or disease history)","States","Rhode Island","2023-24","96.6","10539","97.8","‡. §","NULL","Census"
"6808","Varicella","2 Doses (or disease history)","States","New York","2023-24","97.1","200894","98.8","NULL","NULL","Census"
"6809","Varicella","2 Doses (or disease history)","States","Maine","2023-24","97.1","12087","93","NULL","NULL","Census"
"6810","Varicella","2 Doses (or disease history)","States","Connecticut","2023-24","97.5","36184","100","*","NULL","Census"
"6811","Varicella","2 Doses (or disease history)","States","Mississippi","2023-24","97.5","36105","100",">=. *","NULL","Census"
"6812","Varicella","2 Doses (or disease history)","States","West Virginia","2023-24","99.7","18261","82.8","‡. §","NULL","Vol. response"
"6813","Varicella","2 Doses (or disease history)","States","Nevada","2024-25","90.5","33272","92.6","NULL","NULL","Census (pub.), vol. response (prv.)"
"6814","Varicella","2 Doses (or disease history)","States","South Carolina","2024-25","90.6","57718","34.3","†","NULL","Stratified 1-stage cluster sample"
"6815","Varicella","2 Doses (or disease history)","States","Connecticut","2025-26","98.4","33118","100","NULL","NULL","Census"
"6816","Varicella","2 Doses (or disease history)","States","West Virginia","2025-26","98.8","15445","93.3","NULL","NULL","Census"
"6817","Varicella","2 Doses (or disease history)","States","Oklahoma","2025-26","NReq","47844","90.7","NULL","NULL","Census (pub.), vol. response (prv.)"
"6818","Varicella","2 Doses (or disease history)","States","Kansas","2025-26",NA,"NULL","NULL","NULL","NULL","Stratified 2-stage cluster sample"
"6819","Varicella","2 Doses (or disease history)","States","Oregon","2025-26","NReq","37309","100","NULL","NULL","Census"
"6820","Varicella","2 Doses (or disease history)","States","Arizona","2025-26","NReq","73907","92.5","NULL","NULL","Census (pub.), vol. response (prv.)"
"6821","Varicella","2 Doses (or disease history)","States","Alabama","2025-26","NReq","53378","100","NULL","NULL","Census"
"6822","Varicella","2 Doses (or disease history)","States","Louisiana","2024-25","92.2","49229","100","*","NULL","Census"
"6823","Varicella","2 Doses (or disease history)","States","Texas","2024-25","92.6","378860","97.3","‡. §","NULL","Census (pub.), vol. response (prv.)"
"6824","Varicella","2 Doses (or disease history)","States","Vermont","2024-25","92.9","5432","100","*","NULL","Census"
"6825","Varicella","2 Doses (or disease history)","States","Delaware","2024-25","93.6","10393","14.2","‡","NULL","2-stage cluster sample (pub.), nonrandom 2-stage cluster sample (prv.)"
"6826","Varicella","2 Doses (or disease history)","States","North Carolina","2024-25","93.8","124028","91","§","NULL","Census (pub.), vol. response (prv.)"
"6827","Varicella","2 Doses (or disease history)","States","Nebraska","2024-25","93.8","24102","100","*. ‡","NULL","Census"
"6828","Varicella","2 Doses (or disease history)","States","Tennessee","2024-25","94.1","78299","96.7","§","NULL","Census"
"6829","Varicella","2 Doses (or disease history)","States","New Mexico","2024-25","94.2","20180","100","*","NULL","Census"
"6830","Varicella","2 Doses (or disease history)","States","Virginia","2024-25","95.3","91453","1.7","†","NULL","Stratified 2-stage cluster sample"
"6831","Varicella","2 Doses (or disease history)","States","California","2024-25","95.7","590849","100","*. ‡","NULL","Census"
"6832","Varicella","2 Doses (or disease history)","States","Maryland","2024-25","96","66135","95.6","‡","NULL","Census (pub.), vol. response (prv.)"
"6833","Varicella","2 Doses (or disease history)","States","Massachusetts","2024-25","96","65581","100","*. ‡","NULL","Census"
"6834","Varicella","2 Doses (or disease history)","States","Rhode Island","2024-25","96.1","10088","96.7","‡. §","NULL","Census"
"6835","Varicella","2 Doses (or disease history)","States","NY-City of New York","2024-25","96.3","85986","96.9","NULL","NULL","Census (pub.), vol. response (prv.)"
"6836","Varicella","2 Doses (or disease history)","States","Maine","2024-25","97.4","11761","95.4","NULL","NULL","Census"
"6837","Varicella","2 Doses (or disease history)","States","New York","2024-25","97.5","234054","85.1","NULL","NULL","Vol. response"
"6838","Varicella","2 Doses (or disease history)","States","Mississippi","2024-25","97.6","35293","100",">=. *","NULL","Census"
"6839","Varicella","2 Doses (or disease history)","States","Connecticut","2024-25","98.1","30112","100","*","NULL","Census"
"6840","Varicella","2 Doses (or disease history)","States","Wyoming","2024-25","NReq","6564","100","*","NULL","Census"
"6841","Varicella","2 Doses (or disease history)","States","Oregon","2024-25","NReq","38247","100","*. ‡","NULL","Census"
"6842","Varicella","2 Doses (or disease history)","States","Oklahoma","2024-25","NReq","47544","86.7","‡","NULL","Vol. response"
"6843","Varicella","2 Doses (or disease history)","States","New Jersey","2024-25","NReq","104339","100",">=. *","NULL","Census"
"6844","Varicella","2 Doses (or disease history)","States","Arizona","2024-25","NReq","75024","97.4","NULL","NULL","Census"
"6845","Varicella","2 Doses (or disease history)","States","Alabama","2024-25","NReq","53589","99.9","NULL","NULL","Census"
"6846","Varicella","2 Doses (or disease history)","States","Idaho","2024-25","78.1","22242","99.5","NULL","NULL","Census"
"6847","Varicella","1 Dose (or disease history)","States","Hawaii","2015-16","95.4","16325","6.7","NULL","NULL","Stratified 2-stage cluster sample"
"6848","Varicella","1 Dose (or disease history)","States","Texas","2019-20","NReq","398680","99.6","‡.§","NULL","Census"
"6849","Varicella","1 Dose (or disease history)","States","Tennessee","2019-20","NReq","80595","100","*.§","NULL","Census"
"6850","Varicella","1 Dose (or disease history)","States","South Dakota","2019-20","NReq","12367","99.8","NULL","NULL","Census"
"6851","Varicella","1 Dose (or disease history)","States","South Carolina","2019-20","NReq","65938","27.5","†","NULL","Stratified 1-stage cluster sample"
"6852","Varicella","1 Dose (or disease history)","States","Rhode Island","2019-20","NReq","11219","98.5","*.‡.§","NULL","Census"
"6853","Varicella","1 Dose (or disease history)","States","Michigan","2019-20","NReq","120565","100","*","NULL","Census"
"6854","Varicella","1 Dose (or disease history)","States","Massachusetts","2019-20","NReq","66756","100","*.‡","NULL","Census"
"6855","Varicella","1 Dose (or disease history)","States","North Dakota","2021-22","NReq","10755","96.6","NULL","NULL","Census"
"6856","Varicella","2 Doses (or disease history)","States","Alaska","2024-25","79.6","7338","99.8","¶","NULL","Census (pub.), not conducted (prv.)"
"6857","Varicella","2 Doses (or disease history)","States","Wisconsin","2024-25","84","61120","95.7","‡. §","NULL","Census (pub.), vol. response (prv.)"
"6858","Varicella","2 Doses (or disease history)","States","Kentucky","2024-25","86.2","51319","100","*. §","NULL","Census"
"6859","Varicella","2 Doses (or disease history)","States","Minnesota","2024-25","86.7","64898","99.7","NULL","NULL","Census"
"6860","Varicella","2 Doses (or disease history)","States","Georgia","2024-25","86.8","114568","100",">=. *","NULL","Census"
"6861","Varicella","1 Dose (or disease history)","States","Wyoming","2019-20","NReq","7913","100","*","NULL","Census"
"6862","Varicella","1 Dose (or disease history)","States","Wisconsin","2019-20","NReq","67391","2.6","†.‡.§","NULL","Stratified 2-stage cluster sample"
"6863","Varicella","1 Dose (or disease history)","States","West Virginia","2019-20","NReq","17114","49.6","¶","NULL","Voluntary response"
"6864","Varicella","1 Dose (or disease history)","States","North Dakota","2019-20","NReq","10587","99.5","NULL","NULL","Census"
"6865","Varicella","1 Dose (or disease history)","States","Ohio","2019-20","NReq","139103","98.8","NULL","NULL","Census"
"6866","Varicella","1 Dose (or disease history)","States","Georgia","2019-20","NReq","130102","100","≥.*","NULL","Census"
"6867","Varicella","1 Dose (or disease history)","States","Pennsylvania","2019-20","NReq","140197","98.8","NULL","NULL","Census"
"6868","Varicella","1 Dose (or disease history)","States","New Hampshire","2020-21","NReq","10242","57",">=. §","NULL","Voluntary response"
"6869","Varicella","1 Dose (or disease history)","States","NY-City of New York","2020-21","NReq","91920","94.2","NULL","NULL","Census (public). voluntary response (private)"
"6870","Varicella","1 Dose (or disease history)","States","Alaska","2020-21","NReq","9461","NULL","NULL","NULL","Not Conducted"
"6871","Varicella","1 Dose (or disease history)","States","North Carolina","2020-21","NReq","120995","89","‡.§","NULL","Census (public). voluntary response (private)"
"6872","Varicella","1 Dose (or disease history)","States","North Dakota","2020-21","NReq","10116","99.1","NULL","NULL","Census"
"6873","Varicella","1 Dose (or disease history)","States","Ohio","2020-21","NReq","128535","91.1","NULL","NULL","Census (public). voluntary response (private)"
"6874","Varicella","1 Dose (or disease history)","States","Pennsylvania","2020-21","NReq","129307","95","NULL","NULL","Census (public). voluntary response (private)"
"6875","Varicella","1 Dose (or disease history)","States","Rhode Island","2020-21","NReq","10402","93","‡.§","NULL","Census"
"6876","Varicella","1 Dose (or disease history)","States","South Carolina","2020-21","NReq","56330","26.5","†","NULL","Stratified 1-stage cluster sample"
"6877","Varicella","1 Dose (or disease history)","States","New Mexico","2020-21","NReq","20589","100","*","NULL","Census"
"6878","Varicella","2 Doses (or disease history)","States","District of Columbia","2023-24","91.3","7874","100","*","NULL","Census"
"6879","Varicella","2 Doses (or disease history)","States","Michigan","2023-24","91.7","110156","100","*","NULL","Census"
"6880","Varicella","2 Doses (or disease history)","States","South Carolina","2023-24","91.8","58069","26.7","†","NULL","Stratified 1-stage cluster sample"
"6881","Varicella","2 Doses (or disease history)","States","Arkansas","2023-24","92","37535","95.4","NULL","NULL","Census (pub.), vol. response (prv.)"
"6882","Varicella","2 Doses (or disease history)","States","Vermont","2023-24","92.5","5630","100","*","NULL","Census"
"6883","Varicella","2 Doses (or disease history)","States","TX-City of Houston","2023-24","92.8","37882","67.7","‡. §","NULL","Vol. response"
"6884","Varicella","2 Doses (or disease history)","States","Virginia","2023-24","93.1","92633","1.9","†","NULL","Stratified 2-stage cluster sample"
"6885","Varicella","2 Doses (or disease history)","States","Pennsylvania","2023-24","93.2","137593","96.5","NULL","NULL","Census"
"6886","Varicella","2 Doses (or disease history)","States","North Carolina","2023-24","93.3","125964","90.8","§","NULL","Census (pub.), vol. response (prv.)"
"6887","Varicella","2 Doses (or disease history)","States","Tennessee","2023-24","94.6","79323","95.8","§","NULL","Census"
"6888","Varicella","2 Doses (or disease history)","States","California","2023-24","95.7","569680","100","*. ‡","NULL","Census"
"6889","Varicella","2 Doses (or disease history)","States","Massachusetts","2025-26","96.2","65331","100","NULL","NULL","Census"
"6890","Varicella","2 Doses (or disease history)","States","Maryland","2025-26","96.3","66945","97.8","NULL","NULL","Census (pub.), vol. response (prv.)"
"6891","Varicella","2 Doses (or disease history)","States","Rhode Island","2025-26","96.5","10123","97.1","NULL","NULL","Census"
"6892","Varicella","2 Doses (or disease history)","States","NY-City of New York","2025-26","96.5","82534","98.1","NULL","NULL","Census"
"6893","Varicella","2 Doses (or disease history)","States","Mississippi","2025-26","97","34969","100","NULL","NULL","Census"
"6894","Varicella","2 Doses (or disease history)","States","New York","2025-26","97.4","203514","95.8","NULL","NULL","Census (pub.), vol. response (prv.)"
"6895","Varicella","2 Doses (or disease history)","States","Maine","2025-26","97.8","11634","94.4","NULL","NULL","Census"
"6896","Varicella","1 Dose (or disease history)","States","Michigan","2020-21","NReq","106657","100","*","NULL","Census"
"6897","Varicella","1 Dose (or disease history)","States","Massachusetts","2020-21","NReq","60724","100","*.‡","NULL","Census"
"6898","Varicella","1 Dose (or disease history)","States","Maryland","2020-21","NReq","65764","75.6","‡","NULL","Voluntary response"
"6899","Varicella","1 Dose (or disease history)","States","Louisiana","2020-21","NReq","61912","100","*","NULL","Census"
"6900","Varicella","1 Dose (or disease history)","States","Kentucky","2020-21","NReq","59233","86.4","‡.§","NULL","Census (public). voluntary response (private)"
"6901","Varicella","1 Dose (or disease history)","States","Kansas","2020-21","NReq","34687","32.7","†.‡.§","NULL","Stratified 2-stage cluster sample"
"6902","Varicella","2 Doses (or disease history)","States","Wyoming","2025-26","NReq","6146","100","NULL","NULL","Census"
"6903","Varicella","2 Doses (or disease history)","States","New Jersey","2025-26","NReq","101602","92.3","NULL","NULL","Census"
"6904","Varicella","2 Doses (or disease history)","States","Idaho","2025-26","74.6","21728","100","NULL","NULL","Census"
"6905","Varicella","2 Doses (or disease history)","States","Wisconsin","2025-26","84.3","59360","96.6","NULL","NULL","Census (pub.), vol. response (prv.)"
"6906","Varicella","2 Doses (or disease history)","States","Minnesota","2025-26","86.2","63451","99.9","NULL","NULL","Census"
"6907","Varicella","2 Doses (or disease history)","States","Colorado","2025-26","86.7","60049","100","NULL","NULL","Census"
"6908","Varicella","1 Dose (or disease history)","States","Alabama","2019-20","86.6","59477","94.9","≥","NULL","Census"
"6909","Varicella","1 Dose (or disease history)","States","Hawaii","2019-20","91.8","15695","8.9","NULL","NULL","Stratified 2-stage cluster sample"
"6910","Varicella","1 Dose (or disease history)","States","Oregon","2019-20","94.6","45959","100","*.‡","NULL","Census"
"6911","Varicella","1 Dose (or disease history)","States","Arizona","2019-20","95.3","83976","98.7","NULL","NULL","Census (public). voluntary response (private)"
"6912","Varicella","1 Dose (or disease history)","States","New Jersey","2019-20","95.9","107900","100","≥.*","NULL","Census"
"6913","Varicella","1 Dose (or disease history)","States","Maine","2019-20","96.2","13450","99.6","NULL","NULL","Census"
"6914","Varicella","1 Dose (or disease history)","States","Oklahoma","2019-20","96.9","55348","85.6","§","NULL","Voluntary response"
"6915","Varicella","1 Dose (or disease history)","States","New York","2019-20","NReq","234165","99.9","NULL","NULL","Census"
"6916","Varicella","1 Dose (or disease history)","States","New Mexico","2019-20","NReq","23087","100","*","NULL","Census"
"6917","Varicella","1 Dose (or disease history)","States","Idaho","2019-20","NReq","23301","98.5","NULL","NULL","Census"
"6918","Varicella","1 Dose (or disease history)","States","New Hampshire","2019-20","NReq","12447","100","≥.*","NULL","Census"
"6919","Varicella","1 Dose (or disease history)","States","Nevada","2019-20","NReq","37724","99.9","NULL","NULL","Census"
"6920","Varicella","1 Dose (or disease history)","States","Nebraska","2019-20","NReq","26893","96.7","‡.‡‡","NULL","Census"
"6921","Varicella","1 Dose (or disease history)","States","Montana","2019-20","NReq","12501","100","*","NULL","Census"
"6922","Varicella","1 Dose (or disease history)","States","Missouri","2019-20","NReq","72324","100","*","NULL","Census"
"6923","Varicella","1 Dose (or disease history)","States","Mississippi","2019-20","NReq","37870","100","≥.*","NULL","Census"
"6924","Varicella","1 Dose (or disease history)","States","Minnesota","2019-20","NReq","71223","98.7","§","NULL","Census"
"6925","Varicella","1 Dose (or disease history)","States","Washington","2019-20","NReq","87757","91.9","§","NULL","Census"
"6926","Varicella","1 Dose (or disease history)","States","Virginia","2019-20","NReq","99399","1.2","†","NULL","Stratified 2-stage cluster sample"
"6927","Varicella","1 Dose (or disease history)","States","Vermont","2019-20","NReq","6293","100","*","NULL","Census"
"6928","Varicella","1 Dose (or disease history)","States","Utah","2019-20","NReq","49208","100","*","NULL","Census"
"6929","Varicella","1 Dose (or disease history)","States","Florida","2019-20","NReq","228298","100","≥.*.§","NULL","Census"
"6930","Varicella","1 Dose (or disease history)","States","Nevada","2021-22","NReq","36855","99.2","NULL","NULL","Census (pub.), vol. response (pvt.)"
"6931","Varicella","1 Dose (or disease history)","States","Georgia","2021-22","NReq","118742","100",">=. *","NULL","Census"
"6932","Varicella","1 Dose (or disease history)","States","New Hampshire","2021-22","NReq","12157","100",">=. §. *","NULL","Census"
"6933","Varicella","1 Dose (or disease history)","States","New Mexico","2021-22","NReq","20736","100","*","NULL","Census"
"6934","Varicella","1 Dose (or disease history)","States","New York","2021-22","NReq","195377","99.3","NULL","NULL","Census"
"6935","Varicella","1 Dose (or disease history)","States","NY-City of New York","2021-22","NReq","82938","99.8","NULL","NULL","Census"
"6936","Varicella","1 Dose (or disease history)","States","North Carolina","2021-22","NReq","118191","78.5","§. ‡","NULL","Vol. response"
"6937","Hepatitis B","","States","California","2009-10","96.1","507191","100","*","NULL","Census"
"6938","Hepatitis B","","States","Minnesota","2009-10","96.4","70653","100","*","NULL","Census"
"6939","Hepatitis B","","States","Arizona","2009-10","96.8","89287","93.9","NULL","NULL","Census"
"6940","Hepatitis B","","States","Kansas","2009-10","97","39073","39.1","†","NULL","Stratified 1-stage sample  (Public);  Census (Private)"
"6941","Hepatitis B","","States","Michigan","2009-10","97.3","129810","100","*","NULL","Census"
"6942","Varicella","2 Doses (or disease history)","States","Colorado","2024-25","86.8","60055","100","*. §","NULL","Census"
"6943","Varicella","2 Doses (or disease history)","States","Ohio","2024-25","87.8","131589","93.2","NULL","NULL","Census (pub.), vol. response (prv.)"
"6944","Varicella","2 Doses (or disease history)","States","TX-City of Houston","2024-25","87.8","36981","98.8","‡. §","NULL","Census (pub.), vol. response (prv.)"
"6945","Varicella","2 Doses (or disease history)","States","Utah","2024-25","88.1","45818","100","*","NULL","Census"
"6946","Varicella","2 Doses (or disease history)","States","Iowa","2024-25","88.8","38268","100",">=. *","NULL","Census"
"6947","Varicella","2 Doses (or disease history)","States","Florida","2024-25","88.8","221053","100",">=. *","NULL","Census"
"6948","Varicella","2 Doses (or disease history)","States","New Hampshire","2024-25","89.2","11713","100",">=. *. §","NULL","Census"
"6949","Varicella","2 Doses (or disease history)","States","Arkansas","2024-25","89.2","37570","96.4","NULL","NULL","Census (pub.), vol. response (prv.)"
"6950","Varicella","2 Doses (or disease history)","States","South Dakota","2024-25","89.3","11367","99.3","§","NULL","Census"
"6951","Varicella","2 Doses (or disease history)","States","Kansas","2024-25","89.4","33892","29.2","†. ‡. §","NULL","Stratified 2-stage cluster sample"
"6952","Varicella","2 Doses (or disease history)","States","Missouri","2024-25","89.5","68163","100","*","NULL","Census"
"6953","Varicella","2 Doses (or disease history)","States","Washington","2024-25","89.5","76756","97.9","NULL","NULL","Census"
"6954","Varicella","2 Doses (or disease history)","States","North Dakota","2024-25","89.7","9659","98.8","NULL","NULL","Census"
"6955","Varicella","2 Doses (or disease history)","States","Hawaii","2024-25","89.7","13804","10.5","NULL","NULL","Stratified 2-stage cluster sample"
"6956","Varicella","2 Doses (or disease history)","States","Indiana","2024-25","90.3","73744","92.7","§","NULL","Census (pub.), vol. response (prv.)"
"6957","Varicella","2 Doses (or disease history)","States","TX-City of Houston","2025-26","91.8","36071","94.6","NULL","NULL","Census (pub.), vol. response (prv.)"
"6958","Varicella","2 Doses (or disease history)","States","Illinois","2025-26","92.4","128598","99.8","NULL","NULL","Census"
"6959","Varicella","2 Doses (or disease history)","States","Pennsylvania","2025-26","92.5","134313","95.7","NULL","NULL","Census (pub.), vol. response (prv.)"
"6960","Varicella","2 Doses (or disease history)","States","Nebraska","2025-26","92.8","23807","100","NULL","NULL","Census"
"6961","Varicella","2 Doses (or disease history)","States","Texas","2025-26","92.9","358586","98.3","NULL","NULL","Census (pub.), vol. response (prv.)"
"6962","Varicella","2 Doses (or disease history)","States","Delaware","2025-26","92.9","10729","12.9","NULL","NULL","2-stage cluster sample (pub.), nonrandom 2-stage cluster sample (prv.)"
"6963","Varicella","2 Doses (or disease history)","States","Vermont","2025-26","93.1","5298","100","NULL","NULL","Census"
"6964","Varicella","2 Doses (or disease history)","States","South Carolina","2025-26","93.2","57542","26.2","NULL","NULL","Stratified 1-stage cluster sample"
"6965","Varicella","2 Doses (or disease history)","States","Virginia","2025-26","93.2","88950","95.7","NULL","NULL","Census"
"6966","Varicella","2 Doses (or disease history)","States","North Carolina","2025-26","93.3","120045","90.1","NULL","NULL","Census (pub.), vol. response (prv.)"
"6967","Varicella","2 Doses (or disease history)","States","District of Columbia","2025-26","93.9","7871","100","NULL","NULL","Census"
"6968","Varicella","2 Doses (or disease history)","States","Tennessee","2025-26","94.2","73415","97.4","NULL","NULL","Census"
"6969","Varicella","2 Doses (or disease history)","States","New Mexico","2025-26","94.8","19843","100","NULL","NULL","Census"
"6970","Varicella","2 Doses (or disease history)","States","California","2025-26","95.4","614405","100","NULL","NULL","Census"
"6971","Varicella","1 Dose (or disease history)","States","Nevada","2020-21","NReq","34171","94.7","NULL","NULL","Census (public). voluntary response (private)"
"6972","Varicella","1 Dose (or disease history)","States","Nebraska","2020-21","NReq","25681","94.8","‡","NULL","Census (public). voluntary response (private)"
"6973","Varicella","1 Dose (or disease history)","States","Montana","2020-21","NReq","11279","100","*","NULL","Census"
"6974","Varicella","1 Dose (or disease history)","States","Missouri","2020-21","NReq","63093","100","*","NULL","Census"
"6975","Varicella","1 Dose (or disease history)","States","Mississippi","2020-21","NReq","34028","100",">=.*","NULL","Census"
"6976","Varicella","1 Dose (or disease history)","States","Minnesota","2020-21","NReq","66007","95.2","NULL","NULL","Census"
"6977","Varicella","1 Dose (or disease history)","States","Iowa","2021-22","NReq","40111","100",">=. *","NULL","Census"
"6978","Varicella","1 Dose (or disease history)","States","Wyoming","2021-22","NReq","7382","100","*","NULL","Census"
"6979","Varicella","1 Dose (or disease history)","States","Wisconsin","2021-22","NReq","64275","96.8",">=. ‡","NULL","Census (pub.), vol. response (pvt.)"
"6980","Varicella","1 Dose (or disease history)","States","West Virginia","2021-22","NReq","18070","85.5","‡. §","NULL","Vol. response"
"6981","Varicella","1 Dose (or disease history)","States","Washington","2021-22","NReq","87256","97.3","§","NULL","Census (pub.), vol. response (pvt.)"
"6982","Varicella","1 Dose (or disease history)","States","Oklahoma","2021-22","95.5","54042","84.3","‡","NULL","Vol. response"
"6983","Varicella","1 Dose (or disease history)","States","Alabama","2021-22","94.9","60332","100",">=. *","NULL","Census"
"6984","Varicella","1 Dose (or disease history)","States","Maine","2020-21","97","13477","85","NULL","NULL","Voluntary response (public). census (private)"
"6985","Varicella","1 Dose (or disease history)","States","Iowa","2020-21","NReq","39141","100",">=.*","NULL","Census"
"6986","Varicella","1 Dose (or disease history)","States","Indiana","2020-21","NReq","78694","71.4","§","NULL","Voluntary response"
"6987","Varicella","1 Dose (or disease history)","States","Illinois","2020-21","NReq","NULL","NULL","NULL","NULL","Not Conducted"
"6988","Varicella","1 Dose (or disease history)","States","Idaho","2020-21","NReq","22677","98.3","NULL","NULL","Census"
"6989","Varicella","1 Dose (or disease history)","States","Hawaii","2020-21","NReq","13074","9.3","NULL","NULL","Stratified 2-stage cluster sample"
"6990","Varicella","1 Dose (or disease history)","States","Georgia","2020-21","NReq","83191","100",">=.*","NULL","Census"
"6991","Varicella","1 Dose (or disease history)","States","Arkansas","2020-21","NReq","37540","95.6","‡","NULL","Census (public). voluntary response (private)"
"6992","Varicella","1 Dose (or disease history)","States","California","2020-21","NReq","498214","97.5","‡","NULL","Census"
"6993","Varicella","1 Dose (or disease history)","States","Colorado","2020-21","NReq","63619","97.3","NULL","NULL","Census"
"6994","Varicella","1 Dose (or disease history)","States","Connecticut","2020-21","NReq","34396","100","*","NULL","Census"
"6995","Varicella","1 Dose (or disease history)","States","Florida","2020-21","NReq","207026","100",">=.*","NULL","Census"
"6996","Varicella","1 Dose (or disease history)","States","Delaware","2020-21","NReq","10587","9.2","NULL","NULL","Stratified 2-stage cluster sample"
"6997","Varicella","1 Dose (or disease history)","States","District of Columbia","2020-21","NReq","8262","100","*","NULL","Census"
"6998","Varicella","1 Dose (or disease history)","States","South Dakota","2020-21","NReq","11512","99.9","NULL","NULL","Census"
"6999","Varicella","1 Dose (or disease history)","States","Tennessee","2020-21","NReq","73819","100","*.§","NULL","Census"
"7000","Varicella","1 Dose (or disease history)","States","Texas","2020-21","NReq","377840","98.9","‡.§","NULL","Census"
"7001","Varicella","1 Dose (or disease history)","States","TX-City of Houston","2020-21","NReq","39627","94.9","‡.§","NULL","Census (public). voluntary response (private)"
"7002","Varicella","1 Dose (or disease history)","States","Utah","2020-21","NReq","46247","100","*","NULL","Census"
"7003","Varicella","1 Dose (or disease history)","States","Vermont","2020-21","NReq","5535","100","*","NULL","Census"
"7004","Varicella","1 Dose (or disease history)","States","Virginia","2020-21","NReq","88273","2","†","NULL","Stratified 2-stage cluster sample"
"7005","Varicella","1 Dose (or disease history)","States","New Jersey","2020-21","94.3","100144","100",">=.*","NULL","Census"
"7006","Varicella","1 Dose (or disease history)","States","Alabama","2020-21","94.7","56974","100",">=.*","NULL","Census"
"7007","Varicella","1 Dose (or disease history)","States","Oregon","2020-21","95.1","39568","100","*.‡","NULL","Census"
"7008","Varicella","1 Dose (or disease history)","States","Arizona","2020-21","95.5","76382","92.4","NULL","NULL","Census (public). voluntary response (private)"
"7009","Varicella","1 Dose (or disease history)","States","Oklahoma","2020-21","96.1","52656","90","‡.§","NULL","Census (public). voluntary response (private)"
"7010","Varicella","1 Dose (or disease history)","States","New York","2020-21","NReq","216804","91.5","NULL","NULL","Census (public). voluntary response (private)"
"7011","Varicella","1 Dose (or disease history)","States","Florida","2021-22","NReq","229432","97.8",">=. §","NULL","Census"
"7012","Varicella","1 Dose (or disease history)","States","Missouri","2021-22","NReq","71034","100","*","NULL","Census"
"7013","Varicella","1 Dose (or disease history)","States","Nebraska","2021-22","NReq","25018","99.5","‡","NULL","Census"
"7014","Varicella","2 Doses (or disease history)","States","Nevada","2025-26","90.3","32815","93.6","NULL","NULL","Census (pub.), vol. response (prv.)"
"7015","Varicella","2 Doses (or disease history)","States","Michigan","2025-26","90.6","104614","100","NULL","NULL","Census"
"7016","Varicella","2 Doses (or disease history)","States","Kentucky","2025-26","90.7","49937","100","NULL","NULL","Census"
"7017","Varicella","2 Doses (or disease history)","States","Arkansas","2025-26","91.1","35543","96.7","NULL","NULL","Census (pub.), vol. response (prv.)"
"7018","Hepatitis B","","States","Arkansas","2010-11",NA,"NULL","NULL","NULL","NULL",NA
"7019","Hepatitis B","","States","California","2010-11",NA,"NULL","NULL","NULL","NULL",NA
"7020","Hepatitis B","","States","Colorado","2010-11",NA,"NULL","NULL","NULL","NULL",NA
"7021","Hepatitis B","","States","Connecticut","2010-11",NA,"NULL","NULL","NULL","NULL",NA
"7022","Hepatitis B","","States","Delaware","2010-11",NA,"NULL","NULL","NULL","NULL",NA
"7023","Hepatitis B","","States","District of Columbia","2010-11",NA,"NULL","NULL","NULL","NULL",NA
"7024","Hepatitis B","","States","Missouri","2009-10","97.4","75958","3","NULL","NULL","Random sample"
"7025","Hepatitis B","","States","Tennessee","2009-10","97.4","90811","88.1","≥","NULL","Voluntary response"
"7026","Hepatitis B","","States","Wisconsin","2009-10","97.4","61095","2.3","¶","NULL","Random sample"
"7027","Hepatitis B","","States","Nebraska","2009-10","97.5","29607","96.4","NULL","NULL","Census"
"7028","Hepatitis B","","States","Virginia","2009-10","97.6","100891","4.4","NULL","NULL","Random sample"
"7029","Hepatitis B","","States","Massachusetts","2009-10","97.7","74476","100","*","NULL","Census"
"7030","Hepatitis B","","States","Nevada","2009-10","98","35209","5.6","NULL","NULL","Random sample"
"7031","Hepatitis B","","States","Louisiana","2009-10","98","53846","100","*","NULL","Census"
"7032","Hepatitis B","","States","New York","2009-10","98.3","229273","100","*","NULL","Census"
"7033","Hepatitis B","","States","Connecticut","2009-10","98.4","46158","100","*","NULL","Census"
"7034","Hepatitis B","","States","Arkansas","2009-10","98.5","34733","100","*","NULL","Census"
"7035","Hepatitis B","","States","Utah","2009-10","98.6","49957","100","*","NULL","Census"
"7036","Hepatitis B","","States","Texas","2009-10","98.6","381425","98.3","NULL","NULL","Census"
"7037","Hepatitis B","","States","New Mexico","2009-10","99.1","26318","2.2","NULL","NULL","Random sample"
"7038","Hepatitis B","","States","Oklahoma","2009-10","99.5","51128","88.9","NULL","NULL","Voluntary response"
"7039","Hepatitis B","","States","Maryland","2009-10","99.7","75061","75","NULL","NULL","Voluntary response"
"7040","Hepatitis B","","States","Mississippi","2009-10","99.7","46922","100","≥. *","NULL","Census"
"7041","Hepatitis B","","States","Georgia","2009-10","100","141949","1.2","NULL","NULL","Random sample"
"7042","Hepatitis B","","States","Illinois","2009-10","NReq","165845","100","NULL","NULL","Census"
"7043","Hepatitis B","","States","Alabama","2009-10","NReq","75358","100","*. **","NULL","Census"
"7044","Hepatitis B","","States","Alaska","2009-10",NA,"9641","76.4","NULL","NULL","Voluntary response"
"7045","Hepatitis B","","States","Colorado","2009-10",NA,"NULL","NULL","NULL","NULL","Not conducted"
"7046","Hepatitis B","","States","District of Columbia","2009-10",NA,"6092","100","*","NULL","Census"
"7047","Hepatitis B","","States","Maine","2009-10","NReq","14162","75.3","NULL","NULL","Voluntary response"
"7048","Hepatitis B","","States","Hawaii","2009-10",NA,"18427","6.4","NULL","NULL","Random sample"
"7049","Hepatitis B","","States","Wyoming","2009-10",NA,"NULL","NULL","NULL","NULL","Not conducted"
"7050","Hepatitis B","","States","South Dakota","2009-10","NReq","11499","100","*","NULL","Census"
"7051","Hepatitis B","","States","North Carolina","2009-10",NA,"116087","96","NULL","NULL","Census"
"7052","Hepatitis B","","States","New Jersey","2009-10",NA,"118347","95.1","NULL","NULL","Census"
"7053","Hepatitis B","","States","Montana","2009-10","NReq","12335","98.8","NULL","NULL","Census"
"7054","Hepatitis B","","States","New Hampshire","2009-10",NA,"NULL","NULL","NULL","NULL","Not conducted"
"7055","Varicella","1 Dose (or disease history)","States","Washington","2020-21","NReq","74931","100","§","NULL","Census"
"7056","Varicella","1 Dose (or disease history)","States","West Virginia","2020-21","NR","NULL","NULL","NULL","NULL","Not Conducted"
"7057","Varicella","1 Dose (or disease history)","States","Wisconsin","2020-21","NReq","63486","84.5",">=.†.‡.§","NULL","Voluntary response"
"7058","Varicella","1 Dose (or disease history)","States","Wyoming","2020-21","NReq","6923","100",">=.*","NULL","Census"
"7059","Varicella","1 Dose (or disease history)","States","Kentucky","2021-22","NReq","59233","91.5",">=. ‡. §","NULL","Census"
"7060","Varicella","1 Dose (or disease history)","States","Kansas","2021-22","NReq","36526","29.5","†. ‡. §","NULL","Stratified 1-stage cluster sample"
"7061","Varicella","1 Dose (or disease history)","States","New Hampshire","2023-24","NReq","11871","100",">=. §. *","NULL","Census"
"7062","Varicella","1 Dose (or disease history)","States","Nevada","2023-24","NReq","31261","91.3","NULL","NULL","Census"
"7063","Varicella","1 Dose (or disease history)","States","TX-City of Houston","2023-24","NReq","37882","67.7","‡. §","NULL","Vol. response"
"7064","Varicella","1 Dose (or disease history)","States","Alaska","2023-24","NReq","8644","88.9","¶","NULL","Census (pub.), not conducted (prv.)"
"7065","Varicella","1 Dose (or disease history)","States","Arkansas","2023-24","NReq","37535","95.4","NULL","NULL","Census (pub.), vol. response (prv.)"
"7066","Varicella","1 Dose (or disease history)","States","California","2023-24","NReq","569680","100","*. ‡","NULL","Census"
"7067","Varicella","1 Dose (or disease history)","States","Oregon","2021-22","94.7","41538","100","*. ‡","NULL","Census"
"7068","Varicella","1 Dose (or disease history)","States","Arizona","2021-22","94.6","83463","97","NULL","NULL","Census"
"7069","Varicella","1 Dose (or disease history)","States","New Jersey","2021-22","94.1","104240","100",">=. §. *","NULL","Census"
"7070","Varicella","1 Dose (or disease history)","States","Michigan","2021-22","NReq","114251","100","*","NULL","Census"
"7071","Varicella","1 Dose (or disease history)","States","Minnesota","2021-22","NReq","69403","98.7","NULL","NULL","Census"
"7072","Varicella","1 Dose (or disease history)","States","Mississippi","2021-22","NReq","36524","100",">=. *","NULL","Census"
"7073","Varicella","1 Dose (or disease history)","States","North Carolina","2022-23","NReq","125679","83.1","§. ‡","NULL","Vol. response"
"7074","Varicella","1 Dose (or disease history)","States","North Dakota","2022-23","NReq","10554","99.4","NULL","NULL","Census"
"7075","Varicella","1 Dose (or disease history)","States","Ohio","2022-23","NReq","134893","93.7","NULL","NULL","Census (pub.), vol. response (pvt.)"
"7076","Varicella","1 Dose (or disease history)","States","Pennsylvania","2022-23","NReq","137259","97.2","NULL","NULL","Census (pub.), vol. response (pvt.)"
"7077","Varicella","1 Dose (or disease history)","States","Rhode Island","2022-23","NReq","10532","96.5","‡. §","NULL","Census"
"7078","Varicella","1 Dose (or disease history)","States","South Carolina","2022-23","NReq","58878","28.1","†","NULL","Stratified 1-stage cluster sample"
"7079","Varicella","1 Dose (or disease history)","States","South Dakota","2022-23","NReq","12081","100","*","NULL","Census"
"7080","Varicella","1 Dose (or disease history)","States","Tennessee","2022-23","NReq","79692","100","§. *","NULL","Census"
"7081","Varicella","1 Dose (or disease history)","States","Texas","2022-23","NReq","381680","98","‡. §","NULL","Census"
"7082","Varicella","1 Dose (or disease history)","States","Colorado","2022-23","NReq","65576","97.2","NULL","NULL","Census"
"7083","Varicella","1 Dose (or disease history)","States","Connecticut","2022-23","NReq","35580","100","*","NULL","Census"
"7084","Varicella","1 Dose (or disease history)","States","Delaware","2022-23","NReq","10674","9.7","‡","NULL","Stratified 2-stage cluster sample"
"7085","Varicella","1 Dose (or disease history)","States","District of Columbia","2022-23","NReq","8064","100","*","NULL","Census"
"7086","Varicella","2 Doses (or disease history)","States","Utah","2025-26","86.8","44001","100","NULL","NULL","Census"
"7087","Varicella","2 Doses (or disease history)","States","Ohio","2025-26","87.8","129087","95.9","NULL","NULL","Census (pub.), vol. response (prv.)"
"7088","Varicella","2 Doses (or disease history)","States","Alaska","2025-26","87.9","8253","60.9","NULL","NULL","Vol. response (public), not conducted (private)"
"7089","Varicella","2 Doses (or disease history)","States","North Dakota","2025-26","88","9344","98.6","NULL","NULL","Census"
"7090","Varicella","2 Doses (or disease history)","States","New Hampshire","2025-26","88.2","11544","100","NULL","NULL","Census"
"7091","Varicella","2 Doses (or disease history)","States","Hawaii","2025-26","88.5","13791","11.7","NULL","NULL","Stratified 2-stage cluster sample"
"7092","Varicella","2 Doses (or disease history)","States","South Dakota","2025-26","88.8","11009","100","NULL","NULL","Census"
"7093","Varicella","2 Doses (or disease history)","States","Florida","2025-26","88.9","213535","100","NULL","NULL","Census"
"7094","Varicella","2 Doses (or disease history)","States","Iowa","2025-26","88.9","37490","100","NULL","NULL","Census"
"7095","Varicella","2 Doses (or disease history)","States","Missouri","2025-26","89","66610","100","NULL","NULL","Census"
"7096","Varicella","2 Doses (or disease history)","States","Georgia","2025-26","89.1","118864","100","NULL","NULL","Census"
"7097","Varicella","2 Doses (or disease history)","States","Indiana","2025-26","89.5","70886","87.1","NULL","NULL","Vol. response"
"7098","Varicella","2 Doses (or disease history)","States","Washington","2025-26","89.6","75631","99.1","NULL","NULL","Census"
"7099","Varicella","2 Doses (or disease history)","States","Louisiana","2025-26","90","50223","100","NULL","NULL","Census"
"7100","Hepatitis B","","States","Alabama","2010-11",NA,"NULL","NULL","NULL","NULL",NA
"7101","Hepatitis B","","States","Alaska","2010-11",NA,"NULL","NULL","NULL","NULL",NA
"7102","Hepatitis B","","States","Arizona","2010-11",NA,"NULL","NULL","NULL","NULL",NA
"7103","Varicella","1 Dose (or disease history)","States","Idaho","2022-23","NReq","23721","99.3","NULL","NULL","Census"
"7104","Varicella","1 Dose (or disease history)","States","Illinois","2022-23","NReq","135332","100","*","NULL","Census"
"7105","Varicella","1 Dose (or disease history)","States","Indiana","2022-23","NReq","81307","87.5","§","NULL","Vol. response (pub.), census (pvt.)"
"7106","Varicella","1 Dose (or disease history)","States","Wyoming","2022-23","NReq","7060","100","*","NULL","Census"
"7107","Varicella","1 Dose (or disease history)","States","Wisconsin","2022-23","NReq","63593","93.9","‡","NULL","Census (pub.), vol. response (pvt.)"
"7108","Hepatitis B","","States","Florida","2010-11",NA,"NULL","NULL","NULL","NULL",NA
"7109","Hepatitis B","","States","Georgia","2010-11",NA,"NULL","NULL","NULL","NULL",NA
"7110","Hepatitis B","","States","Hawaii","2010-11",NA,"NULL","NULL","NULL","NULL",NA
"7111","Hepatitis B","","States","Wyoming","2010-11",NA,"NULL","NULL","NULL","NULL",NA
"7112","Hepatitis B","","States","Wisconsin","2010-11",NA,"NULL","NULL","NULL","NULL",NA
"7113","Hepatitis B","","States","West Virginia","2010-11",NA,"NULL","NULL","NULL","NULL",NA
"7114","Hepatitis B","","States","Washington","2010-11",NA,"NULL","NULL","NULL","NULL",NA
"7115","Hepatitis B","","States","Virginia","2010-11",NA,"NULL","NULL","NULL","NULL",NA
"7116","Hepatitis B","","States","Vermont","2010-11",NA,"NULL","NULL","NULL","NULL",NA
"7117","Hepatitis B","","States","Utah","2010-11",NA,"NULL","NULL","NULL","NULL",NA
"7118","Hepatitis B","","States","Texas","2010-11",NA,"NULL","NULL","NULL","NULL",NA
"7119","Varicella","1 Dose (or disease history)","States","Alaska","2021-22","NReq","9790","76.2","¶","NULL","Vol. response (pub.), not conducted (pvt.)"
"7120","Varicella","1 Dose (or disease history)","States","Hawaii","2021-22","NReq","13368","6.7","NULL","NULL","Stratified 2-stage cluster sample"
"7121","Varicella","1 Dose (or disease history)","States","Virginia","2021-22","NReq","95996","2.8","†","NULL","Stratified 2-stage cluster sample"
"7122","Varicella","1 Dose (or disease history)","States","Vermont","2021-22","NReq","6126","100","*","NULL","Census"
"7123","Varicella","1 Dose (or disease history)","States","Utah","2021-22","NReq","48995","100","*","NULL","Census"
"7124","Varicella","1 Dose (or disease history)","States","TX-City of Houston","2021-22","NReq","40123","99.3","‡. §","NULL","Census"
"7125","Varicella","1 Dose (or disease history)","States","Texas","2021-22","NReq","389037","99.3","‡. §","NULL","Census"
"7126","Varicella","1 Dose (or disease history)","States","Tennessee","2021-22","NReq","79120","100","§. *","NULL","Census"
"7127","Varicella","1 Dose (or disease history)","States","South Dakota","2021-22","NReq","12251","100","*","NULL","Census"
"7128","Varicella","1 Dose (or disease history)","States","South Carolina","2021-22","NReq","58276","27.2","†","NULL","1-stage cluster sample"
"7129","Varicella","1 Dose (or disease history)","States","Rhode Island","2021-22","NReq","11002","96.9","‡. §","NULL","Census"
"7130","Varicella","1 Dose (or disease history)","States","Pennsylvania","2021-22","NReq","139558","94.9","NULL","NULL","Census (pub.), vol. response (pvt.)"
"7131","Varicella","1 Dose (or disease history)","States","Idaho","2021-22","NReq","23854","99.6","NULL","NULL","Census"
"7132","Varicella","1 Dose (or disease history)","States","Illinois","2021-22","NReq","137699","100","*","NULL","Census"
"7133","Varicella","1 Dose (or disease history)","States","Indiana","2021-22","NReq","83198","75.1","§","NULL","Vol. response"
"7134","Varicella","1 Dose (or disease history)","States","Arkansas","2021-22","NReq","39358","96.3","NULL","NULL","Census (pub.), vol. response (pvt.)"
"7135","Varicella","1 Dose (or disease history)","States","Ohio","2021-22","NReq","139077","91.9","NULL","NULL","Census (pub.), vol. response (pvt.)"
"7136","Varicella","1 Dose (or disease history)","States","District of Columbia","2021-22","NReq","8959","100","*","NULL","Census"
"7137","Varicella","1 Dose (or disease history)","States","Delaware","2021-22","NReq","11181","9.5","‡","NULL","Stratified 2-stage cluster sample"
"7138","Varicella","1 Dose (or disease history)","States","Connecticut","2021-22","NReq","35451","100","*","NULL","Census"
"7139","Varicella","1 Dose (or disease history)","States","Colorado","2021-22","NReq","66900","97.5","NULL","NULL","Census"
"7140","Varicella","1 Dose (or disease history)","States","California","2021-22","NReq","512144","98.4","‡","NULL","Census"
"7141","Varicella","1 Dose (or disease history)","States","Massachusetts","2021-22","NReq","65582","100","*. ‡","NULL","Census"
"7142","Varicella","1 Dose (or disease history)","States","Maryland","2021-22","NReq","53866","98.4","‡","NULL","Census"
"7143","Varicella","1 Dose (or disease history)","States","Maine","2021-22","NReq","12881","91.6","NULL","NULL","Census"
"7144","Varicella","1 Dose (or disease history)","States","Louisiana","2021-22","NReq","66518","100","*","NULL","Census"
"7145","Varicella","1 Dose (or disease history)","States","New Mexico","2023-24","NReq","20699","100","*","NULL","Census"
"7146","Varicella","1 Dose (or disease history)","States","New York","2023-24","NReq","200894","98.8","NULL","NULL","Census"
"7147","Hepatitis B","","States","Tennessee","2011-12","97.3","83950","99.9","≥","NULL","Census"
"7148","Hepatitis B","","States","New Mexico","2011-12","97.3","29159","2","NULL","NULL","2-stage Cluster Sample"
"7149","Hepatitis B","","States","Minnesota","2011-12","97.5","71213","99.2","NULL","NULL","Census"
"7150","Hepatitis B","","States","Oklahoma","2011-12","97.7","52987","90.9","¶","NULL","Census"
"7151","Varicella","1 Dose (or disease history)","States","Colorado","2023-24","NReq","61662","100","*","NULL","Census"
"7152","Hepatitis B","","States","Iowa","2009-10","84.5","42698","100","≥","NULL","Census"
"7153","Hepatitis B","","States","South Carolina","2009-10","87.6","53725","10.2","NULL","NULL","Random sample"
"7154","Hepatitis B","","States","Delaware","2009-10","88.9","11327","9.2","NULL","NULL","Random sample"
"7155","Hepatitis B","","States","Ohio","2009-10","90.5","131137","100","*","NULL","Census"
"7156","Hepatitis B","","States","Florida","2009-10","91.3","218630","100","≥. * .§","NULL","Census"
"7157","Hepatitis B","","States","West Virginia","2009-10","92","22730","86.7","NULL","NULL","Voluntary response"
"7158","Hepatitis B","","States","North Dakota","2009-10","92.6","8323","6","¶","NULL","Random sample"
"7159","Hepatitis B","","States","Rhode Island","2009-10","92.8","11818","11.6","NULL","NULL","Random sample"
"7160","Hepatitis B","","States","Washington","2009-10","92.8","81511","93.3","NULL","NULL","Census"
"7161","Hepatitis B","","States","Kentucky","2009-10","93","56526","92.9","NULL","NULL","Census"
"7162","Hepatitis B","","States","Idaho","2009-10","93","22624","100","*","NULL","Census"
"7163","Hepatitis B","","States","Pennsylvania","2009-10","93.5","149656","100","*","NULL","Census"
"7164","Hepatitis B","","States","Vermont","2009-10","94.8","6713","100","*","NULL","Census"
"7165","Hepatitis B","","States","Oregon","2009-10","95","44676","100","*","NULL","Census"
"7166","Hepatitis B","","States","Indiana","2009-10","95.2","84390","94.7","NULL","NULL","Census"
"7167","Hepatitis B","","States","Iowa","2010-11",NA,"NULL","NULL","NULL","NULL",NA
"7168","Hepatitis B","","States","Kansas","2010-11",NA,"NULL","NULL","NULL","NULL",NA
"7169","Hepatitis B","","States","Kentucky","2010-11",NA,"NULL","NULL","NULL","NULL",NA
"7170","Hepatitis B","","States","Louisiana","2010-11",NA,"NULL","NULL","NULL","NULL",NA
"7171","Hepatitis B","","States","Maine","2010-11",NA,"NULL","NULL","NULL","NULL",NA
"7172","Hepatitis B","","States","Maryland","2010-11",NA,"NULL","NULL","NULL","NULL",NA
"7173","Hepatitis B","","States","Massachusetts","2010-11",NA,"NULL","NULL","NULL","NULL",NA
"7174","Hepatitis B","","States","Michigan","2010-11",NA,"NULL","NULL","NULL","NULL",NA
"7175","Hepatitis B","","States","Minnesota","2010-11",NA,"NULL","NULL","NULL","NULL",NA
"7176","Hepatitis B","","States","Mississippi","2010-11",NA,"NULL","NULL","NULL","NULL",NA
"7177","Hepatitis B","","States","Missouri","2010-11",NA,"NULL","NULL","NULL","NULL",NA
"7178","Hepatitis B","","States","Montana","2010-11",NA,"NULL","NULL","NULL","NULL",NA
"7179","Hepatitis B","","States","Nebraska","2010-11",NA,"NULL","NULL","NULL","NULL",NA
"7180","Hepatitis B","","States","Nevada","2010-11",NA,"NULL","NULL","NULL","NULL",NA
"7181","Hepatitis B","","States","New Hampshire","2010-11",NA,"NULL","NULL","NULL","NULL",NA
"7182","Hepatitis B","","States","New Jersey","2010-11",NA,"NULL","NULL","NULL","NULL",NA
"7183","Hepatitis B","","States","New Mexico","2010-11",NA,"NULL","NULL","NULL","NULL",NA
"7184","Hepatitis B","","States","New York","2010-11",NA,"NULL","NULL","NULL","NULL",NA
"7185","Hepatitis B","","States","North Carolina","2010-11",NA,"NULL","NULL","NULL","NULL",NA
"7186","Hepatitis B","","States","North Dakota","2010-11",NA,"NULL","NULL","NULL","NULL",NA
"7187","Hepatitis B","","States","Ohio","2010-11",NA,"NULL","NULL","NULL","NULL",NA
"7188","Hepatitis B","","States","Oklahoma","2010-11",NA,"NULL","NULL","NULL","NULL",NA
"7189","Hepatitis B","","States","Oregon","2010-11",NA,"NULL","NULL","NULL","NULL",NA
"7190","Hepatitis B","","States","Pennsylvania","2010-11",NA,"NULL","NULL","NULL","NULL",NA
"7191","Varicella","1 Dose (or disease history)","States","TX-City of Houston","2022-23","NReq","37664","98.8","‡. §","NULL","Census (pub.), vol. response (pvt.)"
"7192","Varicella","1 Dose (or disease history)","States","Hawaii","2022-23","NReq","13195","8.1","NULL","NULL","Stratified 2-stage cluster sample"
"7193","Varicella","1 Dose (or disease history)","States","Maryland","2023-24","NReq","63224","100",">=. *. ‡","NULL","Census"
"7194","Varicella","1 Dose (or disease history)","States","Massachusetts","2023-24","NReq","65424","100","*. ‡","NULL","Census"
"7195","Varicella","1 Dose (or disease history)","States","Michigan","2023-24","NReq","110156","100","*","NULL","Census"
"7196","Varicella","1 Dose (or disease history)","States","West Virginia","2022-23","NReq","19175","86.1",">=. ‡. §","NULL","Vol. response (pub.), census (pvt.)"
"7197","Varicella","1 Dose (or disease history)","States","Washington","2022-23","NReq","86284","97.9","§","NULL","Census"
"7198","Varicella","1 Dose (or disease history)","States","Virginia","2022-23","NReq","93271","1.6","†","NULL","Stratified 2-stage cluster sample"
"7199","Varicella","1 Dose (or disease history)","States","Vermont","2022-23","NReq","5816","100","*","NULL","Census"
"7200","Varicella","1 Dose (or disease history)","States","Utah","2022-23","NReq","46635","100","*","NULL","Census"
"7201","Varicella","1 Dose (or disease history)","States","NY-City of New York","2022-23","NReq","85379","97.6","NULL","NULL","Census (pub.), vol. response (pvt.)"
"7202","Varicella","1 Dose (or disease history)","States","New York","2022-23","NReq","205906","96.6","NULL","NULL","Census (pub.), vol. response (pvt.)"
"7203","Varicella","1 Dose (or disease history)","States","New Mexico","2022-23","NReq","21068","100","*","NULL","Census"
"7204","Varicella","1 Dose (or disease history)","States","New Hampshire","2022-23","NReq","11332","100",">=. §. *","NULL","Census"
"7205","Varicella","1 Dose (or disease history)","States","Nevada","2022-23","NReq","34333","89.1","NULL","NULL","Vol. response (pub.), census (pvt.)"
"7206","Varicella","1 Dose (or disease history)","States","Nebraska","2022-23","NReq","23176","100","*. ‡","NULL","Census"
"7207","Varicella","1 Dose (or disease history)","States","Missouri","2022-23","NReq","69126","100","*","NULL","Census"
"7208","Varicella","1 Dose (or disease history)","States","Alabama","2022-23","93.9","59113","100",">=. *","NULL","Census"
"7209","Varicella","1 Dose (or disease history)","States","Arizona","2022-23","94.1","80814","97.7","NULL","NULL","Census"
"7210","Varicella","1 Dose (or disease history)","States","Oregon","2022-23","94.1","40963","100","*. ‡","NULL","Census"
"7211","Varicella","1 Dose (or disease history)","States","New Jersey","2022-23","94.3","104468","100",">=. §. *","NULL","Census"
"7212","Varicella","1 Dose (or disease history)","States","Oklahoma","2022-23","94.6","52548","89.5","‡","NULL","Census (pub.), vol. response (pvt.)"
"7213","Varicella","1 Dose (or disease history)","States","California","2022-23","NReq","541132","100","‡","NULL","Census"
"7214","Varicella","1 Dose (or disease history)","States","Arkansas","2022-23","NReq","38358","95.8","NULL","NULL","Census (pub.), vol. response (pvt.)"
"7215","Varicella","1 Dose (or disease history)","States","Alaska","2022-23","NReq","9650","88.8","¶","NULL","Vol. response (pub.), not conducted (pvt.)"
"7216","Varicella","1 Dose (or disease history)","States","Mississippi","2022-23","NReq","36048","100",">=. *","NULL","Census"
"7217","Varicella","1 Dose (or disease history)","States","Minnesota","2022-23","NReq","68152","97.9","NULL","NULL","Census"
"7218","Varicella","1 Dose (or disease history)","States","Michigan","2022-23","NReq","113678","100","*","NULL","Census"
"7219","Varicella","1 Dose (or disease history)","States","Massachusetts","2022-23","NReq","66041","100","*. ‡","NULL","Census"
"7220","Varicella","1 Dose (or disease history)","States","Maryland","2022-23","NReq","59684","100","*. ‡","NULL","Census"
"7221","Varicella","1 Dose (or disease history)","States","Maine","2022-23","NReq","12403","93.9","NULL","NULL","Census"
"7222","Varicella","1 Dose (or disease history)","States","Louisiana","2022-23","NReq","54314","100","*","NULL","Census"
"7223","Varicella","1 Dose (or disease history)","States","Kentucky","2022-23","NReq","54742","96.9",">=. ‡. §","NULL","Census"
"7224","Varicella","1 Dose (or disease history)","States","Kansas","2022-23","NReq","35543","30.8","†. ‡. §","NULL","Stratified 1-stage cluster sample"
"7225","Varicella","1 Dose (or disease history)","States","Iowa","2022-23","NReq","39178","100",">=. *","NULL","Census"
"7226","Varicella","1 Dose (or disease history)","States","Rhode Island","2023-24","NReq","10539","97.8","‡. §","NULL","Census"
"7227","Varicella","1 Dose (or disease history)","States","Pennsylvania","2023-24","NReq","137593","96.5","NULL","NULL","Census"
"7228","Varicella","1 Dose (or disease history)","States","Ohio","2023-24","NReq","133716","94","NULL","NULL","Census (pub.), vol. response (prv.)"
"7229","Varicella","1 Dose (or disease history)","States","North Dakota","2023-24","NReq","9708","97.5","NULL","NULL","Census"
"7230","Varicella","1 Dose (or disease history)","States","North Carolina","2023-24","NReq","125964","90.8","§","NULL","Census (pub.), vol. response (prv.)"
"7231","Varicella","1 Dose (or disease history)","States","NY-City of New York","2023-24","NReq","85360","99.3","NULL","NULL","Census"
"7232","Hepatitis B","","States","Michigan","2011-12","96.8","124962","100","*","NULL","Census"
"7233","Hepatitis B","","States","Delaware","2011-12","96.9","11327","7.4","≥","NULL","2-stage Cluster Sample"
"7234","Hepatitis B","","States","Arkansas","2012-13","87.4","43212","96.3","‡","NULL","Census"
"7235","Hepatitis B","","States","Massachusetts","2011-12","97.8","79551","97.5","NULL","NULL","Census"
"7236","Hepatitis B","","States","Nevada","2011-12","97.8","36557","5.2","NULL","NULL","2-stage Cluster Sample"
"7237","Hepatitis B","","States","Connecticut","2011-12","98","45695","100","*","NULL","Census"
"7238","Hepatitis B","","States","Arkansas","2011-12","98.1","38754","92.2","NULL","NULL","Census"
"7239","Hepatitis B","","States","New York","2011-12","98.2","236016","100","*","NULL","Census"
"7240","Hepatitis B","","States","Ohio","2011-12","99","146144","94.5","NULL","NULL","Convenient"
"7241","Hepatitis B","","States","Utah","2011-12","99.1","53800","100","*","NULL","Census"
"7242","Hepatitis B","","States","Mississippi","2011-12","99.2","44912","100","≥. *","NULL","Census"
"7243","Hepatitis B","","States","Louisiana","2011-12","99.3","69013","100","*","NULL","Census"
"7244","Hepatitis B","","States","Nebraska","2011-12","99.3","26715","96.6","NULL","NULL","Census"
"7245","Hepatitis B","","States","Maryland","2011-12","99.6","72957","67.2","NULL","NULL","Voluntary Response"
"7246","Hepatitis B","","States","Texas","2011-12","99.7","388178","100","*","NULL","Census"
"7247","Hepatitis B","","States","Maine","2011-12","NReq","13829","97","NULL","NULL","Census"
"7248","Hepatitis B","","States","Montana","2011-12","NReq","12128","100","*","NULL","Census"
"7249","Hepatitis B","","States","New Hampshire","2011-12",NA,"13022","100","*","NULL","Census"
"7250","Hepatitis B","","States","New Jersey","2011-12",NA,"118669","96.6","NULL","NULL","Census"
"7251","Hepatitis B","","States","North Carolina","2011-12",NA,"128854","95.4","NULL","NULL","Census"
"7252","Hepatitis B","","States","Illinois","2011-12","NReq","163311","100","*","NULL","Census"
"7253","Hepatitis B","","States","Wyoming","2011-12",NA,"NULL","NULL","NULL","NULL","Not conducted"
"7254","Hepatitis B","","States","District of Columbia","2011-12",NA,"6854","100","*","NULL","Census"
"7255","Hepatitis B","","States","Hawaii","2011-12",NA,"19443","7.7","NULL","NULL","2-stage Cluster Sample"
"7256","Hepatitis B","","States","Alaska","2011-12",NA,"10286","7.3","NULL","NULL","Non-random Cluster Sample"
"7257","Hepatitis B","","States","Alabama","2011-12","NReq","73190","100","* .**","NULL","Census"
"7258","Hepatitis B","","States","Iowa","2011-12","91.1","40978","100","≥. *","NULL","Census"
"7259","Hepatitis B","","States","North Dakota","2011-12","91.4","8412","5.8","¶","NULL","Convenient"
"7260","Hepatitis B","","States","Idaho","2011-12","92.3","22762","100","*","NULL","Census"
"7261","Hepatitis B","","States","Florida","2011-12","92.6","225532","100","≥. * .§","NULL","Census"
"7262","Hepatitis B","","States","Virginia","2011-12","92.7","101121","4.3","NULL","NULL","2-stage Cluster Sample"
"7263","Hepatitis B","","States","Washington","2011-12","93","85134","89.1","NULL","NULL","Voluntary Response"
"7264","Hepatitis B","","States","Rhode Island","2011-12","93.1","12552","13.9","NULL","NULL","2-stage Cluster Sample"
"7265","Hepatitis B","","States","Colorado","2011-12","93.1","70142","0.5","NULL","NULL","Simple Random Sample"
"7266","Hepatitis B","","States","Indiana","2011-12","93.2","83416","67.5","NULL","NULL","Voluntary Response"
"7267","Hepatitis B","","States","West Virginia","2011-12","93.3","22449","94.9","NULL","NULL","Convenient"
"7268","Hepatitis B","","States","Kentucky","2011-12","93.3","58185","91.8","NULL","NULL","Census"
"7269","Hepatitis B","","States","Pennsylvania","2011-12","94.4","148042","99","NULL","NULL","Census"
"7270","Hepatitis B","","States","Oregon","2011-12","94.6","45855","100","*","NULL","Census"
"7271","Hepatitis B","","States","South Dakota","2011-12","95.4","12127","100","*.††","NULL","Census"
"7272","Varicella","1 Dose (or disease history)","States","Florida","2022-23","NReq","230309","97.7",">=","NULL","Census"
"7273","Varicella","1 Dose (or disease history)","States","Georgia","2022-23","NReq","123771","100",">=. *","NULL","Census"
"7274","Varicella","1 Dose (or disease history)","States","Kansas","2023-24","NReq","34178","37.1","†. ‡. §","NULL","Stratified 2-stage cluster sample"
"7275","Varicella","1 Dose (or disease history)","States","Kentucky","2023-24","NReq","52609","100",">=. *. ‡. §","NULL","Census"
"7276","Varicella","1 Dose (or disease history)","States","Louisiana","2023-24","NReq","51839","100","*","NULL","Census"
"7277","Varicella","1 Dose (or disease history)","States","Maine","2023-24","NReq","12087","93","NULL","NULL","Census"
"7278","Varicella","1 Dose (or disease history)","States","Minnesota","2023-24","NReq","66032","99.1","NULL","NULL","Census"
"7279","Varicella","1 Dose (or disease history)","States","Mississippi","2023-24","NReq","36105","100",">=. *","NULL","Census"
"7280","Varicella","1 Dose (or disease history)","States","Missouri","2023-24","NReq","69014","100","*","NULL","Census"
"7281","Varicella","1 Dose (or disease history)","States","Nebraska","2023-24","NReq","23118","100","*. ‡","NULL","Census"
"7282","Varicella","1 Dose (or disease history)","States","South Dakota","2023-24","NReq","11744","99.8","§","NULL","Census"
"7283","Varicella","1 Dose (or disease history)","States","Tennessee","2023-24","NReq","79323","95.8","§","NULL","Census"
"7284","Varicella","1 Dose (or disease history)","States","Texas","2023-24","NReq","381421","92.4","‡. §","NULL","Census (pub.), vol. response (prv.)"
"7285","Varicella","1 Dose (or disease history)","States","Indiana","2023-24","NReq","80639","88.5","§","NULL","Census (pub.), vol. response (prv.)"
"7286","Varicella","1 Dose (or disease history)","States","Illinois","2023-24","NReq","133578","100","*","NULL","Census"
"7287","Varicella","1 Dose (or disease history)","States","Utah","2023-24","NReq","46228","100","*","NULL","Census"
"7288","Varicella","1 Dose (or disease history)","States","Utah","2024-25","NReq","45818","100","*","NULL","Census"
"7289","Varicella","1 Dose (or disease history)","States","Ohio","2024-25","NReq","131589","93.2","NULL","NULL","Census (pub.), vol. response (prv.)"
"7290","Varicella","1 Dose (or disease history)","States","TX-City of Houston","2024-25","NReq","36981","98.8","‡. §","NULL","Census (pub.), vol. response (prv.)"
"7291","Varicella","1 Dose (or disease history)","States","Texas","2024-25","NReq","378860","97.3","‡. §","NULL","Census (pub.), vol. response (prv.)"
"7292","Varicella","1 Dose (or disease history)","States","Tennessee","2024-25","NReq","78299","96.7","§","NULL","Census"
"7293","Varicella","1 Dose (or disease history)","States","Kansas","2024-25","NReq","33892","29.2","†. ‡. §","NULL","Stratified 2-stage cluster sample"
"7294","Varicella","1 Dose (or disease history)","States","Kentucky","2024-25","NReq","51319","100","*. §","NULL","Census"
"7295","Varicella","1 Dose (or disease history)","States","Louisiana","2024-25","NReq","49229","100","*","NULL","Census"
"7296","Varicella","1 Dose (or disease history)","States","Maine","2024-25","NReq","11761","95.4","NULL","NULL","Census"
"7297","Varicella","1 Dose (or disease history)","States","Maryland","2024-25","NReq","66135","95.6","‡","NULL","Census (pub.), vol. response (prv.)"
"7298","Varicella","1 Dose (or disease history)","States","Massachusetts","2024-25","NReq","65581","100","*. ‡","NULL","Census"
"7299","Varicella","1 Dose (or disease history)","States","Michigan","2024-25","NReq","107636","100","*. ‡","NULL","Census"
"7300","Varicella","1 Dose (or disease history)","States","Minnesota","2024-25","NReq","64898","99.7","NULL","NULL","Census"
"7301","Varicella","1 Dose (or disease history)","States","Alaska","2024-25","NReq","7338","99.8","¶","NULL","Census (pub.), not conducted (prv.)"
"7302","Varicella","1 Dose (or disease history)","States","Mississippi","2024-25","NReq","35293","100",">=. *","NULL","Census"
"7303","Varicella","1 Dose (or disease history)","States","Missouri","2024-25","NReq","68163","100","*","NULL","Census"
"7304","Hepatitis B","","States","Tennessee","2010-11",NA,"NULL","NULL","NULL","NULL",NA
"7305","Hepatitis B","","States","South Dakota","2010-11",NA,"NULL","NULL","NULL","NULL",NA
"7306","Hepatitis B","","States","South Carolina","2010-11",NA,"NULL","NULL","NULL","NULL",NA
"7307","Hepatitis B","","States","Rhode Island","2010-11",NA,"NULL","NULL","NULL","NULL",NA
"7308","Hepatitis B","","States","Idaho","2010-11",NA,"NULL","NULL","NULL","NULL",NA
"7309","Hepatitis B","","States","Illinois","2010-11",NA,"NULL","NULL","NULL","NULL",NA
"7310","Hepatitis B","","States","Indiana","2010-11",NA,"NULL","NULL","NULL","NULL",NA
"7311","Hepatitis B","","States","Wisconsin","2011-12","96.2","70672","2.3","NULL","NULL","2-stage Cluster Sample"
"7312","Hepatitis B","","States","Arizona","2011-12","96.3","88293","96.9","NULL","NULL","Census"
"7313","Hepatitis B","","States","South Carolina","2011-12","96.6","59307","10.7","NULL","NULL","1-stage Cluster Sample"
"7314","Hepatitis B","","States","Georgia","2011-12","96.7","143065","1.9","NULL","NULL","2-stage Cluster Sample"
"7315","Hepatitis B","","States","District of Columbia","2012-13",NA,"7842","100","*","NULL","Census"
"7316","Hepatitis B","","States","Montana","2012-13","NReq","12516","95.8","NULL","NULL","Census"
"7317","Hepatitis B","","States","New Hampshire","2012-13",NA,"12943","99.2","NULL","NULL","Census"
"7318","Hepatitis B","","States","North Carolina","2012-13",NA,"130612","97.3","NULL","NULL","Census"
"7319","Hepatitis B","","States","Alaska","2012-13",NA,"10319","97.8","NULL","NULL","Census"
"7320","Hepatitis B","","States","Kansas","2012-13","88.1","40738","31.8","†. ‡","NULL","Stratified 1-stage sample  (Public);  Census (Private)"
"7321","Hepatitis B","","States","Iowa","2012-13","90.5","41701","99.9","≥","NULL","Census"
"7322","Hepatitis B","","States","South Carolina","2012-13","90.9","61799","17.9","≥","NULL","1-Stage Cluster Sample"
"7323","Hepatitis B","","States","Idaho","2012-13","91.7","23888","100","*","NULL","Census"
"7324","Hepatitis B","","States","Virginia","2012-13","91.7","104826","4.2","NULL","NULL","2-stage Cluster Sample"
"7325","Hepatitis B","","States","Florida","2012-13","92.1","234628","100","≥. *. §","NULL","Census"
"7326","Hepatitis B","","States","Oklahoma","2012-13","92.7","56943","95.5","NULL","NULL","Census"
"7327","Hepatitis B","","States","Washington","2012-13","93.4","87773","94.7","NULL","NULL","Census"
"7328","Hepatitis B","","States","Kentucky","2012-13","93.7","58466","97.2","‡","NULL","Census"
"7329","Hepatitis B","","States","South Dakota","2012-13","93.9","12468","100","*.††","NULL","Census"
"7330","Hepatitis B","","States","Pennsylvania","2012-13","94.1","151364","97.5","NULL","NULL","Census"
"7331","Hepatitis B","","States","Oregon","2012-13","94.3","47102","100","*. ‡","NULL","Census"
"7332","Hepatitis B","","States","Colorado","2012-13","94.3","70657","0.5","NULL","NULL","Simple Random Sample"
"7333","Hepatitis B","","States","Tennessee","2012-13","94.5","85801","97","≥","NULL","Census"
"7334","Hepatitis B","","States","Vermont","2012-13","95","6792","100","*","NULL","Census"
"7335","Hepatitis B","","States","Georgia","2012-13","95.1","142732","2.4","≥","NULL","2-stage Cluster Sample"
"7336","Hepatitis B","","States","California","2012-13","95.2","535523","99","‡","NULL","Census"
"7337","Varicella","1 Dose (or disease history)","States","Connecticut","2023-24","NReq","36184","100","*","NULL","Census"
"7338","Varicella","1 Dose (or disease history)","States","Wisconsin","2023-24","NReq","62028","98.2","‡. §","NULL","Census"
"7339","Varicella","1 Dose (or disease history)","States","West Virginia","2023-24","NReq","18261","82.8","‡. §","NULL","Vol. response"
"7340","Varicella","1 Dose (or disease history)","States","Delaware","2023-24","NReq","11043","12.1",">=. ‡","NULL","Stratified 2-stage cluster sample"
"7341","Varicella","1 Dose (or disease history)","States","District of Columbia","2023-24","NReq","7874","100","*","NULL","Census"
"7342","Varicella","1 Dose (or disease history)","States","Florida","2023-24","NReq","228213","100",">=. *","NULL","Census"
"7343","Varicella","1 Dose (or disease history)","States","Georgia","2023-24","NReq","136943","100",">=. *","NULL","Census"
"7344","Varicella","1 Dose (or disease history)","States","Hawaii","2023-24","NReq","13995","8.2","NULL","NULL","Stratified 2-stage cluster sample"
"7345","Varicella","1 Dose (or disease history)","States","Idaho","2023-24","NReq","22376","100","*","NULL","Census"
"7346","Varicella","1 Dose (or disease history)","States","Washington","2023-24","NReq","84053","97.2","§","NULL","Census"
"7347","Varicella","1 Dose (or disease history)","States","Virginia","2023-24","NReq","92633","1.9","†","NULL","Stratified 2-stage cluster sample"
"7348","Varicella","1 Dose (or disease history)","States","Vermont","2023-24","NReq","5630","100","*","NULL","Census"
"7349","Varicella","1 Dose (or disease history)","States","Arizona","2023-24","94.1","74834","99.6","NULL","NULL","Census"
"7350","Varicella","1 Dose (or disease history)","States","Oregon","2023-24","93.9","39568","100","*. ‡","NULL","Census"
"7351","Varicella","1 Dose (or disease history)","States","Alabama","2023-24","93.8","54565","100",">=. *","NULL","Census"
"7352","Varicella","1 Dose (or disease history)","States","Oklahoma","2023-24","93.7","49979","93.8","‡","NULL","Census (pub.), vol. response (prv.)"
"7353","Varicella","1 Dose (or disease history)","States","Wyoming","2023-24","93.5","6754","100","*","NULL","Census"
"7354","Varicella","1 Dose (or disease history)","States","New Jersey","2023-24","93.2","105408","100",">=. §. *","NULL","Census"
"7355","Varicella","1 Dose (or disease history)","States","South Carolina","2023-24","NReq","58069","26.7","†","NULL","Stratified 1-stage cluster sample"
"7356","Varicella","1 Dose (or disease history)","States","Iowa","2023-24","NReq","38611","100",">=. *","NULL","Census"
"7357","Hepatitis B","","States","Pennsylvania","2013-14","92.2","151253","100","*. ‡","NULL","Census"
"7358","Hepatitis B","","States","South Dakota","2013-14","92.8","12566","100","*.††","NULL","Census"
"7359","Hepatitis B","","States","Florida","2013-14","93.2","233797","100","≥. *. §","NULL","Census"
"7360","Hepatitis B","","States","Virginia","2013-14","93.2","105692","4.1","NULL","NULL","2-stage cluster  sample"
"7361","Hepatitis B","","States","Oregon","2013-14","93.5","47649","100","*. ‡","NULL","Census"
"7362","Hepatitis B","","States","Vermont","2013-14","93.8","6771","100","*","NULL","Census"
"7363","Hepatitis B","","States","North Dakota","2013-14","94.6","9780","96.1","NULL","NULL","Census (Public); Stratified  2-stage cluster sample(Private)"
"7364","Hepatitis B","","States","New Hampshire","2013-14","94.7","13240","100","≥. *","NULL","Census"
"7365","Hepatitis B","","States","California","2013-14","94.8","548606","97.3","‡","NULL","Census"
"7366","Hepatitis B","","States","Tennessee","2013-14","94.9","80212","99.8","≥","NULL","Census"
"7367","Hepatitis B","","States","Kansas","2013-14","95.3","41107","29","†. ‡","NULL","Stratified 1-stage sample  (Public);  Census (Private)"
"7368","Hepatitis B","","States","Wisconsin","2013-14","95.4","71363","2.8","‡","NULL","Stratified  2-stage cluster sample"
"7369","Hepatitis B","","States","Nebraska","2013-14","95.7","27000","97.3","‡","NULL","Census"
"7370","Hepatitis B","","States","Vermont","2011-12","95.6","6548","100","*","NULL","Census"
"7371","Hepatitis B","","States","California","2011-12","95.7","542544","97.6","NULL","NULL","Census"
"7372","Hepatitis B","","States","Kansas","2011-12","95.8","38402","52.7","†","NULL","Stratified 1-stage sample  (Public);  Census (Private)"
"7373","Hepatitis B","","States","Missouri","2011-12","96","75240","4.7","NULL","NULL","2-stage Cluster Sample"
"7374","Hepatitis B","","States","Delaware","2012-13","95.7","11997","7.8","≥","NULL","2-stage Cluster Sample"
"7375","Hepatitis B","","States","Arizona","2012-13","95.9","90054","97.6","NULL","NULL","Census"
"7376","Hepatitis B","","States","Missouri","2012-13","96.2","78416","5.9","NULL","NULL","2-stage Cluster Sample"
"7377","Hepatitis B","","States","Nebraska","2012-13","96.2","24999","96.6","‡","NULL","Census"
"7378","Hepatitis B","","States","New Mexico","2012-13","96.2","29279","3.3","‡","NULL","2-stage Cluster Sample"
"7379","Hepatitis B","","States","Michigan","2012-13","96.3","124662","100","*","NULL","Census"
"7380","Hepatitis B","","States","North Dakota","2012-13","96.6","9503","4.9","NULL","NULL","2-stage Cluster Sample"
"7381","Hepatitis B","","States","Nevada","2012-13","96.8","36070","4.3","NULL","NULL","2-stage Cluster Sample"
"7382","Hepatitis B","","States","Minnesota","2012-13","96.8","73310","100","*. ‡","NULL","Census"
"7383","Hepatitis B","","States","New Jersey","2012-13","97","122516","96.7","≥. ‡","NULL","Census"
"7384","Hepatitis B","","States","Wisconsin","2012-13","97.3","72416","1.8","‡","NULL","2-stage Cluster Sample"
"7385","Hepatitis B","","States","Connecticut","2012-13","97.4","41604","100","*","NULL","Census"
"7386","Hepatitis B","","States","Massachusetts","2012-13","97.8","79661","97.6","‡","NULL","Census"
"7387","Hepatitis B","","States","Wyoming","2012-13","97.8","8133","100","* .¶","NULL","Census"
"7388","Hepatitis B","","States","Rhode Island","2012-13","98","12552","75.2","‡","NULL","Voluntary Response"
"7389","Hepatitis B","","States","New York","2012-13","98.2","239484","100","*. ‡","NULL","Census"
"7390","Hepatitis B","","States","Texas","2012-13","98.2","414688","96.6","‡","NULL","Census"
"7391","Hepatitis B","","States","Louisiana","2012-13","98.8","68874","100","*","NULL","Census"
"7392","Hepatitis B","","States","Ohio","2012-13","99","163687","86.9","NULL","NULL","Census"
"7393","Hepatitis B","","States","Utah","2012-13","99.1","54605","100","*","NULL","Census"
"7394","Hepatitis B","","States","Maryland","2012-13","99.4","75007","84.3","‡","NULL","Voluntary Response"
"7395","Hepatitis B","","States","Mississippi","2012-13","99.9","46595","100","≥. *","NULL","Census"
"7396","Hepatitis B","","States","Hawaii","2012-13",NA,"20104","6.7","NULL","NULL","2-stage Cluster Sample"
"7397","Hepatitis B","","States","Illinois","2012-13","NReq","166884","100","*","NULL","Census"
"7398","Hepatitis B","","States","Maine","2012-13","NReq","14313","94.6","‡","NULL","Census"
"7399","Hepatitis B","","States","California","2014-15","94.9","552583","96.9","‡","NULL","Census"
"7400","Hepatitis B","","States","Tennessee","2014-15","95.1","78276","100","≥. *","NULL","Census"
"7401","Hepatitis B","","States","Ohio","2014-15","95.2","149080","91","NULL","NULL","Census (public); Voluntary response (private)"
"7402","Hepatitis B","","States","Utah","2014-15","95.4","50916","100","*","NULL","Census"
"7403","Hepatitis B","","States","California","2015-16","95.8","593788","92.8","‡","NULL","Census"
"7404","Hepatitis B","","States","Alabama","2012-13","NReq","72929","100","* . ‡. **","NULL","Census"
"7405","Hepatitis B","","States","Michigan","2013-14","95.8","120297","100","*","NULL","Census"
"7406","Hepatitis B","","States","Nevada","2013-14","95.9","35782","3.1","NULL","NULL","Stratified  2-stage cluster sample"
"7407","Hepatitis B","","States","Arizona","2013-14","95.9","89606","95.8","NULL","NULL","Census"
"7408","Hepatitis B","","States","Delaware","2013-14","96.4","11997","12.2","≥","NULL","Stratified  2-stage cluster sample"
"7409","Hepatitis B","","States","South Carolina","2013-14","96.5","61661","11","NULL","NULL","1-stage stratified sample"
"7410","Hepatitis B","","States","Missouri","2013-14","96.5","78140","100","*","NULL","Census"
"7411","Hepatitis B","","States","Minnesota","2013-14","96.6","72087","98.5","‡","NULL","Census"
"7412","Hepatitis B","","States","New Jersey","2013-14","96.8","123085","95.4","≥. ‡","NULL","Census"
"7413","Hepatitis B","","States","West Virginia","2013-14","96.8","22814","84.7","NULL","NULL","Voluntary response"
"7414","Hepatitis B","","States","Indiana","2013-14","97.1","87193","70.3","NULL","NULL","Voluntary response"
"7415","Hepatitis B","","States","New Mexico","2013-14","97.2","30725","2.7","‡","NULL","Stratified  2-stage cluster sample"
"7416","Hepatitis B","","States","Alaska","2013-14","97.2","10222","9.3","†","NULL","Stratified  2-stage cluster sample"
"7417","Hepatitis B","","States","Massachusetts","2013-14","97.2","79894","97.9","‡","NULL","Census"
"7418","Hepatitis B","","States","Oklahoma","2013-14","97.7","57377","71.3","NULL","NULL","Voluntary response"
"7419","Hepatitis B","","States","New York","2013-14","97.9","240318","100","*. ‡","NULL","Census"
"7420","Hepatitis B","","States","Texas","2013-14","98.1","409255","97.1","‡","NULL","Census"
"7421","Hepatitis B","","States","Rhode Island","2013-14","98.1","11521","99.1","‡","NULL","Census"
"7422","Hepatitis B","","States","Louisiana","2013-14","98.8","63976","100","*","NULL","Census"
"7423","Hepatitis B","","States","Connecticut","2013-14","98.9","40978","100","*","NULL","Census"
"7424","Hepatitis B","","States","Maryland","2013-14","99","75659","96.9","‡","NULL","Census"
"7425","Hepatitis B","","States","Ohio","2013-14","99","150000","92.5","NULL","NULL","Census"
"7426","Hepatitis B","","States","Utah","2013-14","99.3","54779","100","*","NULL","Census"
"7427","Hepatitis B","","States","Mississippi","2013-14","99.7","45719","100","≥. *","NULL","Census"
"7428","Hepatitis B","","States","Wyoming","2013-14",NA,"NULL","NULL","NULL","NULL","Not conducted"
"7429","Hepatitis B","","States","North Carolina","2013-14",NA,"126084","97.7","NULL","NULL","Census"
"7430","Hepatitis B","","States","Maine","2013-14","NReq","15441","82.4","‡","NULL","Voluntary response"
"7431","Hepatitis B","","States","Illinois","2013-14","NReq","163316","100","*","NULL","Census"
"7432","Hepatitis B","","States","Hawaii","2013-14",NA,"20056","5.4","NULL","NULL","Stratified  2-stage cluster sample"
"7433","Hepatitis B","","States","District of Columbia","2013-14",NA,"7856","100","*","NULL","Census"
"7434","Hepatitis B","","States","Alabama","2013-14","NReq","76927","100","*. **","NULL","Census"
"7435","Hepatitis B","","States","Montana","2013-14","NReq","12855","95.4","NULL","NULL","Census"
"7436","Hepatitis B","","States","Colorado","2013-14","79.4","69904","0.5","NULL","NULL","Random Sample"
"7437","Hepatitis B","","States","Arkansas","2013-14","88.4","42649","96.3","NULL","NULL","Census"
"7438","Hepatitis B","","States","Iowa","2013-14","91","43728","94.6","≥","NULL","Census"
"7439","Hepatitis B","","States","Idaho","2013-14","91.2","23934","100","*","NULL","Census"
"7440","Hepatitis B","","States","Washington","2013-14","91.8","89165","88.5","NULL","NULL","Voluntary response"
"7441","Hepatitis B","","States","Michigan","2014-15","95.8","117963","100","*","NULL","Census"
"7442","Hepatitis B","","States","Wisconsin","2014-15","95.9","69335","2.5","‡","NULL","Stratified 2-stage cluster sample"
"7443","Hepatitis B","","States","Pennsylvania","2014-15","96.2","146378","98.3","‡","NULL","Census"
"7444","Hepatitis B","","States","Nevada","2014-15","96.7","36755","2.8","NULL","NULL","Stratified 2-stage cluster sample"
"7445","Hepatitis B","","States","Georgia","2013-14","94","143988","100","≥. *","NULL","Census"
"7446","Hepatitis B","","States","Kentucky","2013-14","94.1","57857","100","*","NULL","Census"
"7447","Hepatitis B","","States","New York","2014-15","97.3","237045","100","*.‡","NULL","Census"
"7448","Hepatitis B","","States","Wyoming","2014-15","97.3","7983","97.9","¶","NULL","Census"
"7449","Hepatitis B","","States","North Carolina","2014-15","97.5","129792","95","NULL","NULL","Census (public). Voluntary response (private)"
"7450","Hepatitis B","","States","Delaware","2014-15","97.5","11476","7.9","NULL","NULL","Stratified 2-stage cluster sample"
"7451","Hepatitis B","","States","Kansas","2014-15","97.6","39685","24.5","†.‡","NULL","Stratified 2-stage cluster sample"
"7452","Hepatitis B","","States","Rhode Island","2014-15","97.7","11163","98.9","‡","NULL","Census"
"7453","Hepatitis B","","States","South Carolina","2014-15","97.7","62864","12.2","NULL","NULL","Stratified 1-stage cluster sample"
"7454","Hepatitis B","","States","Texas","2014-15","98","406099","98.3","‡","NULL","Census (public); Voluntary response (private)"
"7455","Hepatitis B","","States","West Virginia","2014-15","98.7","22016","81.3","NULL","NULL","Voluntary response"
"7456","Hepatitis B","","States","New Mexico","2014-15","98.7","29918","3.3","†","NULL","Stratified 2-stage cluster sample"
"7457","Hepatitis B","","States","Louisiana","2014-15","98.8","60377","100","*","NULL","Census"
"7458","Hepatitis B","","States","Mississippi","2014-15","99.2","44129","100","≥. *","NULL","Census"
"7459","Hepatitis B","","States","Maryland","2014-15","99.5","75391","90.2","‡","NULL","Census (public); Voluntary response (private)"
"7460","Hepatitis B","","States","Alabama","2014-15","NReq","59660","100","*","NULL","Census"
"7461","Hepatitis B","","States","Montana","2014-15","NReq","12501","95.7","NULL","NULL","Census (public); Voluntary response (private)"
"7462","Hepatitis B","","States","Maine","2014-15","NReq","13704","88.9","‡","NULL","Voluntary response (public); Census (private)"
"7463","Hepatitis B","","States","Illinois","2014-15","NReq","156942","100","*","NULL","Census"
"7464","Hepatitis B","","States","Hawaii","2014-15",NA,"20085","5.6","NULL","NULL","Stratified 2-stage cluster sample"
"7465","Hepatitis B","","States","Colorado","2014-15","86.9","70597","0.5","NULL","NULL","Simple random sample"
"7466","Hepatitis B","","States","Arkansas","2014-15","90.2","41252","95.9","‡","NULL","Census (public); Voluntary response (private)"
"7467","Hepatitis B","","States","Indiana","2014-15","90.3","85477","70.1","NULL","NULL","Voluntary response"
"7468","Hepatitis B","","States","New Hampshire","2014-15","91.4","12422","98.9","≥","NULL","Census (public); Voluntary response (private)"
"7469","Hepatitis B","","States","Iowa","2014-15","91.9","43239","96.3","≥","NULL","Census"
"7470","Hepatitis B","","States","Washington","2014-15","91.9","88809","96.7","NULL","NULL","Census (public); Voluntary response (private)"
"7471","Hepatitis B","","States","South Dakota","2014-15","92.2","12008","100","*.††","NULL","Census"
"7472","Hepatitis B","","States","New Jersey","2014-15","92.3","120471","93.9","≥. ‡","NULL","Census (public); Voluntary response (private)"
"7473","Hepatitis B","","States","Idaho","2014-15","92.5","22968","100","*","NULL","Census"
"7474","Hepatitis B","","States","Oklahoma","2014-15","92.5","56967","95.9","‡","NULL","Census"
"7475","Hepatitis B","","States","Virginia","2014-15","92.8","103821","4.1","NULL","NULL","Stratified 2-stage cluster sample"
"7476","Hepatitis B","","States","North Dakota","2014-15","92.8","10017","99.9","NULL","NULL","Census"
"7477","Hepatitis B","","States","Florida","2014-15","93.3","228982","100","≥. *. §","NULL","Census"
"7478","Hepatitis B","","States","Oregon","2014-15","93.9","46229","100","*.‡","NULL","Census"
"7479","Hepatitis B","","States","Georgia","2014-15","94","139471","100","≥. *","NULL","Census"
"7480","Hepatitis B","","States","Kentucky","2014-15","94.1","57884","97.2","‡","NULL","Census"
"7481","Hepatitis B","","States","Vermont","2014-15","94.4","6277","100","*","NULL","Census"
"7482","Hepatitis B","","States","Alaska","2014-15","94.5","10129","7.8","†","NULL","Stratified 2-stage cluster sample"
"7483","Hepatitis B","","States","South Carolina","2015-16","97.2","59240","8.9","NULL","NULL","Stratified 1-stage cluster sample"
"7484","Hepatitis B","","States","Pennsylvania","2015-16","97.2","143298","93.2","NULL","NULL","Census (public); Voluntary response (private)"
"7485","Hepatitis B","","States","Wyoming","2015-16","97.3","7825","74","§.¶","NULL","Voluntary response"
"7486","Hepatitis B","","States","Connecticut","2015-16","97.4","39533","100","*","NULL","Census"
"7487","Hepatitis B","","States","Massachusetts","2015-16","97.6","72897","100","*.‡","NULL","Census"
"7488","Hepatitis B","","States","West Virginia","2012-13","95.6","22588","86.5","NULL","NULL","Voluntary Response"
"7489","Hepatitis B","","States","Indiana","2012-13","95.6","86983","83.4","NULL","NULL","Voluntary Response"
"7490","Hepatitis B","","States","Maryland","2015-16","99.6","72012","94.3","‡","NULL","Census (public); Voluntary response (private)"
"7491","Hepatitis B","","States","Illinois","2015-16","NReq","151309","100","*","NULL","Census"
"7492","Hepatitis B","","States","Maine","2015-16","NReq","13526","90.5","NULL","NULL","Census"
"7493","Hepatitis B","","States","Alabama","2015-16","NReq","60392","100","≥.*","NULL","Census"
"7494","Hepatitis B","","States","Montana","2015-16","NReq","11484","100","*","NULL","Census"
"7495","Hepatitis B","","States","Indiana","2015-16","90.3","83525","69.5","NULL","NULL","Voluntary response"
"7496","Hepatitis B","","States","Colorado","2015-16","90.3","69137","0.5","NULL","NULL","Simple random sample"
"7497","Hepatitis B","","States","Iowa","2015-16","91.8","41215","100","≥.*","NULL","Census"
"7498","Hepatitis B","","States","New Hampshire","2015-16","91.9","11852","99.8","≥","NULL","Census"
"7499","Hepatitis B","","States","Arkansas","2015-16","92.4","40258","95.6","‡","NULL","Census (public); Voluntary response (private)"
"7500","Hepatitis B","","States","Idaho","2015-16","92.5","22686","100","*","NULL","Census"
"7501","Hepatitis B","","States","District of Columbia","2015-16","92.5","8080","100","*","NULL","Census"
"7502","Hepatitis B","","States","Washington","2015-16","92.7","86492","97.3","§","NULL","Census"
"7503","Hepatitis B","","States","Kentucky","2015-16","93.5","54353","99.5","‡.§","NULL","Census"
"7504","Hepatitis B","","States","Florida","2015-16","93.7","224430","100","≥.*.§","NULL","Census"
"7505","Hepatitis B","","States","Oregon","2015-16","93.7","45531","100","*.‡","NULL","Census"
"7506","Hepatitis B","","States","North Dakota","2015-16","93.8","9875","97.1","NULL","NULL","Census"
"7507","Hepatitis B","","States","Tennessee","2015-16","94.1","79233","100","*.§","NULL","Census"
"7508","Hepatitis B","","States","Vermont","2015-16","94.3","6366","100","*","NULL","Census"
"7509","Hepatitis B","","States","South Dakota","2015-16","94.3","12181","100","*.††","NULL","Census"
"7510","Hepatitis B","","States","Hawaii","2015-16","94.4","16325","6.7","NULL","NULL","Stratified 2-stage cluster sample"
"7511","Hepatitis B","","States","Georgia","2015-16","94.6","131403","100","≥.*","NULL","Census"
"7512","Hepatitis B","","States","Virginia","2015-16","94.6","100074","4.3","†.§","NULL","Stratified 2-stage cluster sample"
"7513","Hepatitis B","","States","Ohio","2015-16","95.1","144604","93.7","NULL","NULL","Census (public); Voluntary response (private)"
"7514","Hepatitis B","","States","Utah","2015-16","95.1","50114","100","*","NULL","Census"
"7515","Hepatitis B","","States","Minnesota","2015-16","95.2","69710","97.8","§","NULL","Census"
"7516","Hepatitis B","","States","Alaska","2015-16","95.2","9937","7.8","†.§","NULL","Stratified 2-stage cluster sample"
"7517","Hepatitis B","","States","Arizona","2015-16","95.5","83088","100","*","NULL","Census"
"7518","Hepatitis B","","States","Mississippi","2016-17","99.4","40509","100","≥.*","NULL","Census"
"7519","Hepatitis B","","States","Delaware","2016-17","98.9","11490","9.3","NULL","NULL","Stratified 2-stage cluster sample"
"7520","Hepatitis B","","States","Louisiana","2016-17","98.7","55257","100","*","NULL","Census"
"7521","Hepatitis B","","States","West Virginia","2016-17","98.3","28666","66.5","§","NULL","Census (public). voluntary response (private)"
"7522","Hepatitis B","","States","District of Columbia","2014-15","95.4","7840","100","*","NULL","Census"
"7523","Hepatitis B","","States","Minnesota","2014-15","95.4","70896","97.8","NULL","NULL","Census"
"7524","Hepatitis B","","States","Arizona","2014-15","95.7","86153","98.3","NULL","NULL","Census"
"7525","Varicella","2 Doses (or disease history)","States","Idaho","2020-21","86.2","22677","98.3","NULL","NULL","Census"
"7526","Varicella","2 Doses (or disease history)","States","Wisconsin","2020-21","87.2","63486","84.5",">=.†.‡.§","NULL","Voluntary response"
"7527","Varicella","2 Doses (or disease history)","States","Hawaii","2020-21","87.2","13074","9.3","NULL","NULL","Stratified 2-stage cluster sample"
"7528","Polio","","States","Indiana","2025-26","90.4","70886","87.1","�","NULL","Vol. response"
"7529","Hepatitis B","","States","Massachusetts","2014-15","96.9","74869","100","*. ‡","NULL","Census"
"7530","Hepatitis B","","States","Missouri","2014-15","96.9","75900","100","*","NULL","Census"
"7531","Hepatitis B","","States","Nebraska","2014-15","96.9","26665","100","*. ‡","NULL","Census"
"7532","Hepatitis B","","States","Connecticut","2014-15","97","39948","100","*","NULL","Census"
"7533","Polio","","States","Florida","2025-26","88.9","213535","100",">=. *","NULL","Census"
"7534","Polio","","States","Oklahoma","2025-26","88.9","47844","90.7","NULL","NULL","Census (pub.), vol. response (prv.)"
"7535","Polio","","States","Iowa","2025-26","88.9","37490","100",">=. *","NULL","Census"
"7536","Polio","","States","North Dakota","2025-26","88.7","9344","98.6","NULL","NULL","Census"
"7537","Polio","","States","South Dakota","2025-26","88.6","11009","100","*. �","NULL","Census"
"7538","Polio","","States","Ohio","2025-26","88.4","129087","95.9","NULL","NULL","Census (pub.), vol. response (prv.)"
"7539","Polio","","States","Arizona","2025-26","88.3","73907","92.5","NULL","NULL","Census (pub.), vol. response (prv.)"
"7540","Polio","","States","New Hampshire","2025-26","88.2","11544","100",">=. *. �","NULL","Census"
"7541","Polio","","States","Colorado","2025-26","87.3","60049","100","*. �","NULL","Census"
"7542","Polio","","States","Utah","2025-26","87","44001","100","*","NULL","Census"
"7543","Polio","","States","Minnesota","2025-26","86.7","63451","99.9","NULL","NULL","Census"
"7544","Polio","","States","Wisconsin","2025-26","86.3","59360","96.6","�. �","NULL","Census (pub.), vol. response (prv.)"
"7545","Polio","","States","Idaho","2025-26","75.5","21728","100","*","NULL","Census"
"7546","Polio","","States","Kansas","2025-26",NA,"NULL","NULL","NULL","NULL","Stratified 2-stage cluster sample"
"7547","Exemption","Medical Exemption","States","Alaska","2009-10","1.7","9641","NULL","NULL","161","Voluntary response"
"7548","Exemption","Medical Exemption","States","West Virginia","2009-10","1.3","22730","NULL","NULL","303","Voluntary response"
"7549","Exemption","Medical Exemption","States","Pennsylvania","2009-10","1.2","149656","NULL","NULL","1777","Census"
"7550","Exemption","Medical Exemption","States","Nevada","2009-10","1","35209","NULL","NULL","357","Random sample"
"7551","Exemption","Medical Exemption","States","Nebraska","2009-10","1","29607","NULL","NULL","274","Census"
"7552","Exemption","Medical Exemption","States","Montana","2009-10","1","12335","NULL","NULL","118","Census"
"7553","Exemption","Medical Exemption","States","District of Columbia","2009-10","0.8","6092","NULL","NULL","46","Census"
"7554","Exemption","Medical Exemption","States","Michigan","2009-10","0.7","129810","NULL","NULL","858","Census"
"7555","Exemption","Medical Exemption","States","Wisconsin","2009-10","0.6","61095","NULL","NULL","391","Random sample"
"7556","Hepatitis B","","States","New Jersey","2015-16","96.3","110116","100","≥.*","NULL","Census"
"7557","Hepatitis B","","States","West Virginia","2015-16","96.4","21333","87.6","NULL","NULL","Voluntary response"
"7558","Hepatitis B","","States","Oklahoma","2015-16","96.4","54335","96.1","‡","NULL","Census"
"7559","Hepatitis B","","States","Wisconsin","2015-16","96.5","70220","2","‡.§","NULL","Stratified 2-stage cluster sample"
"7560","Hepatitis B","","States","Michigan","2015-16","96.6","116299","100","*","NULL","Census"
"7561","Hepatitis B","","States","Nebraska","2015-16","96.8","30409","100","*.‡","NULL","Census"
"7562","Hepatitis B","","States","Kansas","2015-16","96.8","39555","21","†.‡.§","NULL","Stratified 2-stage cluster sample"
"7563","Hepatitis B","","States","Missouri","2015-16","96.9","74413","100","*.§","NULL","Census"
"7564","Hepatitis B","","States","New York","2015-16","97","232521","100","*","NULL","Census"
"7565","Hepatitis B","","States","New Mexico","2015-16","97","29049","2.7","†","NULL","Stratified 2-stage cluster sample"
"7566","Hepatitis B","","States","Nevada","2015-16","97","37118","3.3","NULL","NULL","Stratified 2-stage cluster sample"
"7567","Exemption","Medical Exemption","States","Mississippi","2009-10","0.1","46922","NULL","<","12","Census"
"7568","Exemption","Medical Exemption","States","Kansas","2009-10","0.2","39073","NULL","NULL","89","Census"
"7569","Hepatitis B","","States","North Carolina","2015-16","97.8","128290","92","‡.§","NULL","Census (public). Voluntary response (private)"
"7570","Hepatitis B","","States","Texas","2015-16","98.1","394801","98.7","‡.§","NULL","Census (public); Voluntary response (private)"
"7571","Hepatitis B","","States","Rhode Island","2015-16","98.1","11165","100","*.‡.§","NULL","Census"
"7572","Hepatitis B","","States","Louisiana","2015-16","98.9","59159","100","*","NULL","Census"
"7573","Hepatitis B","","States","Delaware","2015-16","99","11589","9.5","NULL","NULL","Stratified 2-stage cluster sample"
"7574","Hepatitis B","","States","Mississippi","2015-16","99.4","41042","100","≥.*","NULL","Census"
"7575","Exemption","Medical Exemption","States","Arizona","2010-11",NA,"NULL","NULL","NULL","NULL",NA
"7576","Exemption","Medical Exemption","States","Arkansas","2010-11",NA,"NULL","NULL","NULL","NULL",NA
"7577","Exemption","Medical Exemption","States","California","2010-11",NA,"NULL","NULL","NULL","NULL",NA
"7578","Exemption","Medical Exemption","States","Colorado","2010-11",NA,"NULL","NULL","NULL","NULL",NA
"7579","Exemption","Medical Exemption","States","Connecticut","2010-11",NA,"NULL","NULL","NULL","NULL",NA
"7580","Exemption","Medical Exemption","States","Delaware","2010-11",NA,"NULL","NULL","NULL","NULL",NA
"7581","Exemption","Medical Exemption","States","District of Columbia","2010-11",NA,"NULL","NULL","NULL","NULL",NA
"7582","Exemption","Medical Exemption","States","Florida","2010-11",NA,"NULL","NULL","NULL","NULL",NA
"7583","Exemption","Medical Exemption","States","Georgia","2010-11",NA,"NULL","NULL","NULL","NULL",NA
"7584","Exemption","Medical Exemption","States","Hawaii","2010-11",NA,"NULL","NULL","NULL","NULL",NA
"7585","Exemption","Medical Exemption","States","Idaho","2010-11",NA,"NULL","NULL","NULL","NULL",NA
"7586","Exemption","Medical Exemption","States","Illinois","2010-11",NA,"NULL","NULL","NULL","NULL",NA
"7587","Exemption","Medical Exemption","States","Maryland","2010-11",NA,"NULL","NULL","NULL","NULL",NA
"7588","Exemption","Medical Exemption","States","Maine","2010-11",NA,"NULL","NULL","NULL","NULL",NA
"7589","Exemption","Medical Exemption","States","Louisiana","2010-11",NA,"NULL","NULL","NULL","NULL",NA
"7590","Exemption","Medical Exemption","States","Kentucky","2010-11",NA,"NULL","NULL","NULL","NULL",NA
"7591","Exemption","Medical Exemption","States","Kansas","2010-11",NA,"NULL","NULL","NULL","NULL",NA
"7592","Exemption","Medical Exemption","States","Iowa","2010-11",NA,"NULL","NULL","NULL","NULL",NA
"7593","Exemption","Medical Exemption","States","Indiana","2010-11",NA,"NULL","NULL","NULL","NULL",NA
"7594","Varicella","2 Doses (or disease history)","States","Mississippi","2020-21","98.9","34028","100",">=.*","NULL","Census"
"7595","Varicella","2 Doses (or disease history)","States","New York","2020-21","98.1","216804","91.5","NULL","NULL","Census (public). voluntary response (private)"
"7596","Varicella","2 Doses (or disease history)","States","NY-City of New York","2020-21","97.1","91920","94.2","NULL","NULL","Census (public). voluntary response (private)"
"7597","Varicella","2 Doses (or disease history)","States","New Mexico","2020-21","95.3","20589","100","*","NULL","Census"
"7598","Varicella","2 Doses (or disease history)","States","Pennsylvania","2020-21","95.3","129307","95","NULL","NULL","Census (public). voluntary response (private)"
"7599","Varicella","2 Doses (or disease history)","States","Nebraska","2020-21","95.1","25681","94.8","‡","NULL","Census (public). voluntary response (private)"
"7600","Varicella","2 Doses (or disease history)","States","Connecticut","2020-21","95.1","34396","100","*","NULL","Census"
"7601","Varicella","2 Doses (or disease history)","States","North Carolina","2020-21","95.1","120995","89","‡.§","NULL","Census (public). voluntary response (private)"
"7602","Varicella","2 Doses (or disease history)","States","Texas","2020-21","95","377840","98.9","‡.§","NULL","Census"
"7603","Varicella","2 Doses (or disease history)","States","California","2020-21","94.8","498214","97.5","‡","NULL","Census"
"7604","Varicella","2 Doses (or disease history)","States","Michigan","2020-21","94.2","106657","100","*","NULL","Census"
"7605","Varicella","2 Doses (or disease history)","States","New Jersey","2020-21","NReq","100144","100",">=.*","NULL","Census"
"7606","Varicella","2 Doses (or disease history)","States","Illinois","2020-21","NR","NULL","NULL","NULL","NULL","Not Conducted"
"7607","Varicella","2 Doses (or disease history)","States","Maine","2020-21","NReq","13477","85","NULL","NULL","Voluntary response (public). census (private)"
"7608","Varicella","2 Doses (or disease history)","States","Alabama","2020-21","NReq","56974","100",">=.*","NULL","Census"
"7609","Varicella","2 Doses (or disease history)","States","Arizona","2020-21","NReq","76382","92.4","NULL","NULL","Census (public). voluntary response (private)"
"7610","Varicella","2 Doses (or disease history)","States","Oregon","2020-21","NReq","39568","100","*.‡","NULL","Census"
"7611","Varicella","2 Doses (or disease history)","States","Oklahoma","2020-21","NReq","52656","90","‡.§","NULL","Census (public). voluntary response (private)"
"7612","Varicella","2 Doses (or disease history)","States","West Virginia","2020-21","NR","NULL","NULL","NULL","NULL","Not Conducted"
"7613","Varicella","2 Doses (or disease history)","States","District of Columbia","2020-21","78","8262","100","*","NULL","Census"
"7614","Varicella","2 Doses (or disease history)","States","TX-City of Houston","2020-21","83.1","39627","94.9","‡.§","NULL","Census (public). voluntary response (private)"
"7615","Exemption","Medical Exemption","States","Missouri","2011-12","0.6","75240","NULL","§","19","2-stage Cluster Sample"
"7616","Exemption","Medical Exemption","States","Illinois","2011-12","1.1","163311","NULL","§","1745","Census"
"7617","Polio","","States","Arkansas","2025-26","90.3","35543","96.7","NULL","NULL","Census (pub.), vol. response (prv.)"
"7618","Polio","","States","Alaska","2025-26","90","8253","60.9","�","NULL","Vol. response (public), not conducted (private)"
"7619","Polio","","States","Missouri","2025-26","89.6","66610","100","*","NULL","Census"
"7620","Polio","","States","Oregon","2025-26","89.6","37309","100","*. �","NULL","Census"
"7621","Polio","","States","Hawaii","2025-26","89.5","13791","11.7","NULL","NULL","Stratified 2-stage cluster sample"
"7622","Polio","","States","Georgia","2025-26","89.1","118864","100",">=. *","NULL","Census"
"7623","Polio","","States","Washington","2025-26","89","75631","99.1","�","NULL","Census"
"7624","Exemption","Medical Exemption","States","California","2011-12","0.2","542544","NULL","NULL","871","Census"
"7625","Exemption","Medical Exemption","States","Vermont","2009-10","0.5","6713","NULL","NULL","35","Census"
"7626","Exemption","Medical Exemption","States","Iowa","2009-10","0.5","42698","NULL","NULL","218","Census"
"7627","Exemption","Medical Exemption","States","Washington","2009-10","0.4","81511","NULL","NULL","331","Census"
"7628","Exemption","Medical Exemption","States","Massachusetts","2009-10","0.4","74476","NULL","NULL","298","Census"
"7629","Exemption","Medical Exemption","States","Indiana","2009-10","0.3","84390","NULL","NULL","236","Census"
"7630","Exemption","Medical Exemption","States","Kentucky","2009-10","0.3","56526","NULL","NULL","170","Census"
"7631","Exemption","Medical Exemption","States","Louisiana","2009-10","0.3","53846","NULL","NULL","151","Census"
"7632","Exemption","Medical Exemption","States","Maine","2009-10","0.3","14162","NULL","NULL","48","Voluntary response"
"7633","Exemption","Medical Exemption","States","Idaho","2009-10","0.3","22624","NULL","NULL","66","Census"
"7634","Exemption","Medical Exemption","States","Florida","2009-10","0.3","218630","NULL","NULL","697","Census"
"7635","Exemption","Medical Exemption","States","Rhode Island","2009-10","0.3","11818","NULL","NULL","34","Random sample"
"7636","Exemption","Medical Exemption","States","South Carolina","2009-10","0.3","53725","NULL","NULL","147","Random sample"
"7637","Exemption","Medical Exemption","States","South Dakota","2009-10","0.3","11499","NULL","NULL","38","Census"
"7638","Exemption","Medical Exemption","States","Maryland","2009-10","0.3","75061","NULL","NULL","236","Voluntary response"
"7639","Exemption","Medical Exemption","States","Oregon","2009-10","0.2","44676","NULL","NULL","86","Census"
"7640","Exemption","Medical Exemption","States","New Mexico","2009-10",NA,"26318","NULL","††","NULL","Random sample"
"7641","Exemption","Medical Exemption","States","New Hampshire","2009-10",NA,"NULL","NULL","NULL","NULL","Not conducted"
"7642","Exemption","Medical Exemption","States","Missouri","2009-10",NA,"75958","NULL","§","NULL","Random sample"
"7643","Exemption","Medical Exemption","States","Minnesota","2009-10",NA,"70653","NULL","NULL","NULL","Not conducted"
"7644","Exemption","Medical Exemption","States","Texas","2009-10",NA,"381425","NULL","§","NULL","Census"
"7645","Exemption","Medical Exemption","States","Tennessee","2009-10",NA,"90811","NULL","††","NULL","Voluntary response"
"7646","Exemption","Medical Exemption","States","North Dakota","2009-10",NA,"8323","NULL","††","NULL","Random sample"
"7647","Exemption","Medical Exemption","States","Wyoming","2009-10",NA,"NULL","NULL","NULL","NULL","Not conducted"
"7648","Exemption","Medical Exemption","States","Colorado","2009-10",NA,"NULL","NULL","NULL","NULL","Not conducted"
"7649","Exemption","Medical Exemption","States","Illinois","2009-10",NA,"165845","NULL","§","NULL","Census"
"7650","Exemption","Medical Exemption","States","Hawaii","2009-10","0.1","18427","NULL","NULL","16","Random sample"
"7651","Exemption","Medical Exemption","States","Georgia","2009-10","0.1","141949","NULL","NULL","87","Random sample"
"7652","Exemption","Medical Exemption","States","North Carolina","2009-10","0.1","116087","NULL","NULL","158","Census"
"7653","Exemption","Medical Exemption","States","New York","2009-10","0.1","229273","NULL","NULL","309","Census"
"7654","Exemption","Medical Exemption","States","New Jersey","2009-10","0.1","118347","NULL","NULL","167","Census"
"7655","Exemption","Medical Exemption","States","Arkansas","2009-10","0.1","34733","NULL","NULL","28","Census"
"7656","Exemption","Medical Exemption","States","Alabama","2009-10","0.1","75358","NULL","¶","91","Census"
"7657","Exemption","Medical Exemption","States","New Jersey","2012-13","0.2","122516","NULL","NULL","261","Census"
"7658","Exemption","Medical Exemption","States","Virginia","2009-10","0.2","100891","NULL","NULL","159","Random sample"
"7659","Exemption","Medical Exemption","States","Utah","2009-10","0.2","49957","NULL","NULL","89","Census"
"7660","Exemption","Medical Exemption","States","Delaware","2009-10","0.2","11327","NULL","NULL","22","Random sample"
"7661","Exemption","Medical Exemption","States","Connecticut","2009-10","0.2","46158","NULL","NULL","108","Census"
"7662","Exemption","Medical Exemption","States","California","2009-10","0.2","507191","NULL","NULL","998","Census"
"7663","Exemption","Medical Exemption","States","Arizona","2009-10","0.2","89287","NULL","NULL","185","Census"
"7664","Exemption","Medical Exemption","States","Ohio","2009-10","0.2","131137","NULL","NULL","284","Census"
"7665","Exemption","Medical Exemption","States","Oklahoma","2009-10","0.2","51128","NULL","NULL","119","Voluntary response"
"7666","Exemption","Medical Exemption","States","Alaska","2010-11",NA,"NULL","NULL","NULL","NULL",NA
"7667","Exemption","Medical Exemption","States","Mississippi","2010-11",NA,"NULL","NULL","NULL","NULL",NA
"7668","Exemption","Medical Exemption","States","Missouri","2010-11",NA,"NULL","NULL","NULL","NULL",NA
"7669","Exemption","Medical Exemption","States","Utah","2010-11",NA,"NULL","NULL","NULL","NULL",NA
"7670","Exemption","Medical Exemption","States","Oklahoma","2010-11",NA,"NULL","NULL","NULL","NULL",NA
"7671","Exemption","Medical Exemption","States","Ohio","2010-11",NA,"NULL","NULL","NULL","NULL",NA
"7672","Exemption","Medical Exemption","States","Vermont","2010-11",NA,"NULL","NULL","NULL","NULL",NA
"7673","Exemption","Medical Exemption","States","Virginia","2010-11",NA,"NULL","NULL","NULL","NULL",NA
"7674","Exemption","Medical Exemption","States","Washington","2010-11",NA,"NULL","NULL","NULL","NULL",NA
"7675","Exemption","Medical Exemption","States","West Virginia","2010-11",NA,"NULL","NULL","NULL","NULL",NA
"7676","Exemption","Medical Exemption","States","North Dakota","2010-11",NA,"NULL","NULL","NULL","NULL",NA
"7677","Exemption","Medical Exemption","States","Wisconsin","2010-11",NA,"NULL","NULL","NULL","NULL",NA
"7678","Exemption","Medical Exemption","States","North Carolina","2010-11",NA,"NULL","NULL","NULL","NULL",NA
"7679","Exemption","Medical Exemption","States","Wyoming","2010-11",NA,"NULL","NULL","NULL","NULL",NA
"7680","Exemption","Medical Exemption","States","Alabama","2010-11",NA,"NULL","NULL","NULL","NULL",NA
"7681","Exemption","Medical Exemption","States","Tennessee","2011-12","0.2","83950","NULL","NULL","153","Census"
"7682","Exemption","Medical Exemption","States","West Virginia","2011-12","0.2","22449","NULL","NULL","44","Convenient"
"7683","Exemption","Medical Exemption","States","New Hampshire","2011-12","0.3","13022","NULL","NULL","34","Census"
"7684","Exemption","Medical Exemption","States","Arizona","2011-12","0.3","88293","NULL","NULL","239","Census"
"7685","Exemption","Medical Exemption","States","Maryland","2011-12","0.3","72957","NULL","NULL","161","Voluntary Response"
"7686","Exemption","Medical Exemption","States","Connecticut","2011-12","0.3","45695","NULL","NULL","137","Census"
"7687","Exemption","Medical Exemption","States","Rhode Island","2011-12","0.3","12552","NULL","NULL","5","2-stage Cluster Sample"
"7688","Exemption","Medical Exemption","States","Florida","2011-12","0.3","225532","NULL","NULL","724","Census"
"7689","Exemption","Medical Exemption","States","Idaho","2011-12","0.3","22762","NULL","NULL","61","Census"
"7690","Exemption","Medical Exemption","States","Kansas","2011-12","0.3","38402","NULL","NULL","130","Census"
"7691","Exemption","Medical Exemption","States","Vermont","2011-12","0.3","6548","NULL","NULL","21","Census"
"7692","Exemption","Medical Exemption","States","Virginia","2011-12","0.3","101121","NULL","NULL","15","2-stage Cluster Sample"
"7693","Exemption","Medical Exemption","States","Montana","2011-12","0.4","12128","NULL","NULL","52","Census"
"7694","Exemption","Medical Exemption","States","Massachusetts","2011-12","0.4","79551","NULL","NULL","325","Census"
"7695","Exemption","Medical Exemption","States","Pennsylvania","2011-12","0.4","148042","NULL","NULL","598","Census"
"7696","Exemption","Medical Exemption","States","Maine","2011-12","0.4","13829","NULL","NULL","47","Census"
"7697","Exemption","Medical Exemption","States","Wisconsin","2011-12","0.4","70672","NULL","NULL","7","2-stage Cluster Sample"
"7698","Exemption","Medical Exemption","States","Texas","2011-12","0.5","388178","NULL","§","2058","Census"
"7699","Exemption","Medical Exemption","States","Washington","2011-12","0.5","85134","NULL","NULL","376","Voluntary Response"
"7700","Exemption","Medical Exemption","States","Iowa","2011-12","0.5","40978","NULL","NULL","195","Census"
"7701","Exemption","Medical Exemption","States","Nebraska","2011-12","0.5","26715","NULL","NULL","126","Census"
"7702","Exemption","Medical Exemption","States","Michigan","2011-12","0.6","124962","NULL","NULL","767","Census"
"7703","Exemption","Medical Exemption","States","Minnesota","2011-12","0.1","71213","NULL","§","59","Census"
"7704","Exemption","Medical Exemption","States","Alaska","2011-12","1.3","10286","NULL","NULL","10","Non-random Cluster Sample"
"7705","Exemption","Medical Exemption","States","District of Columbia","2011-12","1.3","6854","NULL","NULL","91","Census"
"7706","Exemption","Medical Exemption","States","South Dakota","2011-12","0.2","12127","NULL","NULL","30","Census"
"7707","Exemption","Medical Exemption","States","Oregon","2011-12","0.2","45855","NULL","NULL","80","Census"
"7708","Exemption","Medical Exemption","States","Oklahoma","2011-12","0.2","52987","NULL","NULL","74","Census"
"7709","Exemption","Medical Exemption","States","Ohio","2011-12","0.2","146144","NULL","NULL","275","Convenient"
"7710","Exemption","Medical Exemption","States","North Carolina","2011-12","0.2","128854","NULL","NULL","186","Census"
"7711","Exemption","Medical Exemption","States","New Jersey","2011-12","0.2","118669","NULL","NULL","226","Census"
"7712","Exemption","Medical Exemption","States","Nevada","2011-12","0.2","36557","NULL","NULL","4","2-stage Cluster Sample"
"7713","Exemption","Medical Exemption","States","Kansas","2012-13","0.3","40738","NULL","NULL","118","Census"
"7714","Exemption","Medical Exemption","States","Indiana","2012-13","0.4","86983","NULL","NULL","326","Voluntary Response"
"7715","Exemption","Medical Exemption","States","Pennsylvania","2012-13","0.4","151364","NULL","NULL","643","Census"
"7716","Exemption","Medical Exemption","States","Florida","2012-13","0.4","234628","NULL","NULL","905","Census"
"7717","Exemption","Medical Exemption","States","Ohio","2012-13","0.4","163687","NULL","NULL","650","Census"
"7718","Exemption","Medical Exemption","States","Montana","2012-13","0.4","12516","NULL","NULL","49","Census"
"7719","Exemption","Medical Exemption","States","Rhode Island","2012-13","0.4","12552","NULL","NULL","45","Voluntary Response"
"7720","Exemption","Medical Exemption","States","Idaho","2012-13","0.4","23888","NULL","NULL","90","Census"
"7721","Exemption","Medical Exemption","States","Maine","2012-13","0.4","14313","NULL","NULL","61","Census"
"7722","Exemption","Medical Exemption","States","Vermont","2012-13","0.4","6792","NULL","NULL","30","Census"
"7723","Exemption","Medical Exemption","States","Massachusetts","2012-13","0.5","79661","NULL","NULL","373","Census"
"7724","Exemption","Medical Exemption","States","Wisconsin","2012-13","0.5","72416","NULL","NULL","472","2-stage Cluster Sample"
"7725","Exemption","Medical Exemption","States","Iowa","2012-13","0.5","41701","NULL","NULL","188","Census"
"7726","Exemption","Medical Exemption","States","Michigan","2012-13","0.6","124662","NULL","NULL","699","Census"
"7727","Exemption","Medical Exemption","States","Nebraska","2012-13","0.6","24999","NULL","NULL","149","Census"
"7728","Exemption","Medical Exemption","States","Nevada","2012-13","0.7","36070","NULL","NULL","85","2-stage Cluster Sample"
"7729","Exemption","Medical Exemption","States","Washington","2012-13","1.2","87773","NULL","*","1092","Census"
"7730","Exemption","Medical Exemption","States","West Virginia","2012-13","1.2","22588","NULL","NULL","262","Voluntary Response"
"7731","Exemption","Medical Exemption","States","Illinois","2012-13","1.2","166884","NULL","§","2017","Census"
"7732","Exemption","Medical Exemption","States","District of Columbia","2012-13","1.3","7842","NULL","NULL","101","Census"
"7733","Exemption","Medical Exemption","States","Alaska","2012-13","1.6","10319","NULL","NULL","162","Census"
"7734","Exemption","Medical Exemption","States","Hawaii","2012-13","0.3","20104","NULL","*","17","2-stage Cluster Sample"
"7735","Exemption","Medical Exemption","States","Wyoming","2012-13","0.3","8133","NULL","‡‡","28","Census"
"7736","Exemption","Medical Exemption","States","Maryland","2012-13","0.3","75007","NULL","NULL","237","Voluntary Response"
"7737","Exemption","Medical Exemption","States","South Dakota","2012-13","0.3","12468","NULL","NULL","41","Census"
"7738","Exemption","Medical Exemption","States","Kentucky","2012-13","0.2","58466","NULL","NULL","128","Census"
"7739","Exemption","Medical Exemption","States","California","2012-13","0.2","535523","NULL","NULL","923","Census"
"7740","Exemption","Medical Exemption","States","Louisiana","2012-13","0.2","68874","NULL","NULL","109","Census"
"7741","Exemption","Medical Exemption","States","Delaware","2012-13","0.2","11997","NULL","NULL","2","2-stage Cluster Sample"
"7742","Exemption","Medical Exemption","States","Utah","2012-13","0.2","54605","NULL","NULL","83","Census"
"7743","Exemption","Medical Exemption","States","Tennessee","2012-13","0.2","85801","NULL","NULL","162","Census"
"7744","Exemption","Medical Exemption","States","New Hampshire","2012-13","0.2","12943","NULL","NULL","30","Census"
"7745","Exemption","Medical Exemption","States","New Mexico","2013-14","0.2","30725","NULL","NULL","72","Stratified  2-stage cluster sample"
"7746","Exemption","Medical Exemption","States","New York","2010-11",NA,"NULL","NULL","NULL","NULL",NA
"7747","Exemption","Medical Exemption","States","New Mexico","2010-11",NA,"NULL","NULL","NULL","NULL",NA
"7748","Exemption","Medical Exemption","States","New Jersey","2010-11",NA,"NULL","NULL","NULL","NULL",NA
"7749","Exemption","Medical Exemption","States","New Hampshire","2010-11",NA,"NULL","NULL","NULL","NULL",NA
"7750","Exemption","Medical Exemption","States","Nevada","2010-11",NA,"NULL","NULL","NULL","NULL",NA
"7751","Exemption","Medical Exemption","States","Nebraska","2010-11",NA,"NULL","NULL","NULL","NULL",NA
"7752","Exemption","Medical Exemption","States","Montana","2010-11",NA,"NULL","NULL","NULL","NULL",NA
"7753","Exemption","Medical Exemption","States","Oregon","2010-11",NA,"NULL","NULL","NULL","NULL",NA
"7754","Exemption","Medical Exemption","States","Massachusetts","2010-11",NA,"NULL","NULL","NULL","NULL",NA
"7755","Exemption","Medical Exemption","States","Michigan","2010-11",NA,"NULL","NULL","NULL","NULL",NA
"7756","Exemption","Medical Exemption","States","Pennsylvania","2010-11",NA,"NULL","NULL","NULL","NULL",NA
"7757","Exemption","Medical Exemption","States","Minnesota","2010-11",NA,"NULL","NULL","NULL","NULL",NA
"7758","Exemption","Medical Exemption","States","Rhode Island","2010-11",NA,"NULL","NULL","NULL","NULL",NA
"7759","Exemption","Medical Exemption","States","South Carolina","2010-11",NA,"NULL","NULL","NULL","NULL",NA
"7760","Exemption","Medical Exemption","States","South Dakota","2010-11",NA,"NULL","NULL","NULL","NULL",NA
"7761","Exemption","Medical Exemption","States","Tennessee","2010-11",NA,"NULL","NULL","NULL","NULL",NA
"7762","Exemption","Medical Exemption","States","Texas","2010-11",NA,"NULL","NULL","NULL","NULL",NA
"7763","Exemption","Medical Exemption","States","Indiana","2013-14","0.4","87193","NULL","NULL","348","Voluntary response"
"7764","Exemption","Medical Exemption","States","Maine","2013-14","0.4","15441","NULL","NULL","56","Voluntary response"
"7765","Exemption","Medical Exemption","States","Iowa","2013-14","0.5","43728","NULL","NULL","205","Census"
"7766","Exemption","Medical Exemption","States","Michigan","2013-14","0.5","120297","NULL","NULL","573","Census"
"7767","Exemption","Medical Exemption","States","Nebraska","2013-14","0.6","27000","NULL","NULL","158","Census"
"7768","Exemption","Medical Exemption","States","Kansas","2013-14","0.8","41107","NULL","NULL","213","Census"
"7769","Exemption","Medical Exemption","States","District of Columbia","2013-14","1.1","7856","NULL","NULL","85","Census"
"7770","Exemption","Medical Exemption","States","Alaska","2013-14","1.2","10222","NULL","NULL","119","Census"
"7771","Exemption","Medical Exemption","States","Washington","2013-14","1.2","89165","NULL","*","1035","Voluntary response"
"7772","Exemption","Medical Exemption","States","New Jersey","2013-14","0.2","123085","NULL","NULL","262","Census"
"7773","Exemption","Medical Exemption","States","Tennessee","2013-14","0.2","80212","NULL","NULL","132","Census"
"7774","Exemption","Medical Exemption","States","South Dakota","2013-14","0.2","12566","NULL","*","21","Census"
"7775","Exemption","Medical Exemption","States","Ohio","2013-14","0.2","150000","NULL","NULL","369","Census"
"7776","Exemption","Medical Exemption","States","Missouri","2013-14","0.2","78140","NULL","§","156","Census"
"7777","Exemption","Medical Exemption","States","Arizona","2013-14","0.2","89606","NULL","NULL","175","Census"
"7778","Exemption","Medical Exemption","States","California","2013-14","0.2","548606","NULL","NULL","1017","Census"
"7779","Exemption","Medical Exemption","States","Nevada","2013-14","0.1","35782","NULL","<","7","Stratified  2-stage cluster sample"
"7780","Exemption","Medical Exemption","States","Mississippi","2013-14","0.1","45719","NULL","<","17","Census"
"7781","Exemption","Medical Exemption","States","New York","2013-14","0.1","240318","NULL","NULL","302","Census"
"7782","Exemption","Medical Exemption","States","Minnesota","2013-14","0.1","72087","NULL","§","72","Census"
"7783","Exemption","Medical Exemption","States","Alabama","2013-14","0.1","76927","NULL","<. ¶","70","Census"
"7784","Exemption","Medical Exemption","States","Arkansas","2013-14","0.1","42649","NULL","<","24","Census"
"7785","Exemption","Medical Exemption","States","Delaware","2011-12","0.2","11327","NULL","NULL","1","2-stage Cluster Sample"
"7786","Exemption","Medical Exemption","States","Louisiana","2011-12","0.2","69013","NULL","NULL","166","Census"
"7787","Exemption","Medical Exemption","States","Indiana","2011-12","0.2","83416","NULL","NULL","137","Voluntary Response"
"7788","Exemption","Medical Exemption","States","Kentucky","2011-12","0.2","58185","NULL","NULL","104","Census"
"7789","Exemption","Medical Exemption","States","New Mexico","2011-12","0.1","29159","NULL","<","0","2-stage Cluster Sample"
"7790","Exemption","Medical Exemption","States","New York","2011-12","0.1","236016","NULL","NULL","331","Census"
"7791","Exemption","Medical Exemption","States","Mississippi","2011-12","0.1","44912","NULL","<","16","Census"
"7792","Exemption","Medical Exemption","States","Montana","2014-15","0.3","12501","NULL","NULL","34","Census (public); Voluntary response (private)"
"7793","Exemption","Medical Exemption","States","Nevada","2014-15","0.3","36755","NULL","NULL","92","Stratified 2-stage cluster sample"
"7794","Exemption","Medical Exemption","States","Alabama","2011-12","0.1","73190","NULL","¶","109","Census"
"7795","Exemption","Medical Exemption","States","North Dakota","2011-12","0.1","8412","NULL","<","0","Convenient"
"7796","Exemption","Medical Exemption","States","Arkansas","2011-12","0.1","38754","NULL","NULL","20","Census"
"7797","Exemption","Medical Exemption","States","South Carolina","2011-12","0.1","59307","NULL","NULL","5","1-stage Cluster Sample"
"7798","Exemption","Medical Exemption","States","Georgia","2011-12","0.1","143065","NULL","NULL","2","2-stage Cluster Sample"
"7799","Exemption","Medical Exemption","States","Hawaii","2011-12","0.1","19443","NULL","NULL","2","2-stage Cluster Sample"
"7800","Exemption","Medical Exemption","States","Utah","2011-12","0.1","53800","NULL","NULL","79","Census"
"7801","Exemption","Medical Exemption","States","Colorado","2011-12",NA,"70142","NULL","**","NULL","Simple Random Sample"
"7802","Exemption","Medical Exemption","States","Wyoming","2011-12",NA,"NULL","NULL","NULL","NULL","Not conducted"
"7803","Exemption","Medical Exemption","States","Connecticut","2012-13","0.3","41604","NULL","NULL","124","Census"
"7804","Exemption","Medical Exemption","States","Colorado","2012-13","0.3","70657","NULL","NULL","191","Simple Random Sample"
"7805","Exemption","Medical Exemption","States","Missouri","2012-13","0.3","78416","NULL","§","377","2-stage Cluster Sample"
"7806","Exemption","Medical Exemption","States","Arizona","2012-13","0.3","90054","NULL","NULL","315","Census"
"7807","Exemption","Medical Exemption","States","Minnesota","2014-15","0.2","70896","NULL","§","142","Census"
"7808","Exemption","Medical Exemption","States","Tennessee","2014-15","0.2","78276","NULL","NULL","140","Census"
"7809","Exemption","Medical Exemption","States","South Dakota","2014-15","0.2","12008","NULL","*","21","Census"
"7810","Exemption","Medical Exemption","States","Rhode Island","2014-15","0.2","11163","NULL","NULL","27","Census"
"7811","Exemption","Medical Exemption","States","Oregon","2014-15","0.2","46229","NULL","NULL","78","Census"
"7812","Exemption","Medical Exemption","States","Kentucky","2014-15","0.2","57884","NULL","NULL","116","Census"
"7813","Exemption","Medical Exemption","States","New Jersey","2014-15","0.2","120471","NULL","*","241","Census (public); Voluntary response (private)"
"7814","Exemption","Medical Exemption","States","New Hampshire","2014-15","0.2","12422","NULL","NULL","25","Census (public); Voluntary response (private)"
"7815","Exemption","Medical Exemption","States","California","2014-15","0.2","552583","NULL","NULL","1066","Census"
"7816","Exemption","Medical Exemption","States","Texas","2014-15","0.1","406099","NULL","§","406","Census (public); Voluntary response (private)"
"7817","Exemption","Medical Exemption","States","South Carolina","2014-15","0.1","62864","NULL","*","74","Stratified 1-stage cluster sample"
"7818","Exemption","Medical Exemption","States","Mississippi","2014-15","0.1","44129","NULL","<. *","17","Census"
"7819","Exemption","Medical Exemption","States","New Mexico","2012-13","0.2","29279","NULL","NULL","20","2-stage Cluster Sample"
"7820","Exemption","Medical Exemption","States","Oregon","2012-13","0.2","47102","NULL","NULL","72","Census"
"7821","Exemption","Medical Exemption","States","Virginia","2012-13","0.1","104826","NULL","<","48","2-stage Cluster Sample"
"7822","Exemption","Medical Exemption","States","Mississippi","2012-13","0.1","46595","NULL","<","23","Census"
"7823","Exemption","Medical Exemption","States","Arkansas","2012-13","0.1","43212","NULL","<","17","Census"
"7824","Exemption","Medical Exemption","States","New York","2012-13","0.1","239484","NULL","*","331","Census"
"7825","Exemption","Medical Exemption","States","North Carolina","2012-13","0.1","130612","NULL","*","162","Census"
"7826","Exemption","Medical Exemption","States","North Dakota","2012-13","0.1","9503","NULL","<","0","2-stage Cluster Sample"
"7827","Exemption","Medical Exemption","States","Alabama","2012-13","0.1","72929","NULL","¶","64","Census"
"7828","Exemption","Medical Exemption","States","Oklahoma","2012-13","0.1","56943","NULL","NULL","66","Census"
"7829","Exemption","Medical Exemption","States","Georgia","2012-13","0.1","142732","NULL","NULL","4","2-stage Cluster Sample"
"7830","Exemption","Medical Exemption","States","Minnesota","2012-13","0","73310","NULL","§","32","Census"
"7831","Exemption","Medical Exemption","States","Texas","2012-13",NA,"414688","NULL","§","NULL","Census"
"7832","Exemption","Medical Exemption","States","South Carolina","2012-13",NA,"61799","NULL","NULL","NULL","Not conducted"
"7833","Exemption","Medical Exemption","States","West Virginia","2013-14","0.2","22814","NULL","NULL","35","Voluntary response"
"7834","Exemption","Medical Exemption","States","Virginia","2013-14","0.2","105692","NULL","NULL","173","2-stage cluster  sample"
"7835","Exemption","Medical Exemption","States","Vermont","2013-14","0.2","6771","NULL","NULL","11","Census"
"7836","Exemption","Medical Exemption","States","Utah","2013-14","0.2","54779","NULL","NULL","94","Census"
"7837","Exemption","Medical Exemption","States","Rhode Island","2013-14","0.3","11521","NULL","NULL","33","Census"
"7838","Exemption","Medical Exemption","States","Pennsylvania","2013-14","0.3","151253","NULL","NULL","510","Census"
"7839","Exemption","Medical Exemption","States","North Dakota","2013-14","0.3","9780","NULL","NULL","32","Census (Public); Stratified  2-stage cluster sample(Private)"
"7840","Exemption","Medical Exemption","States","Montana","2013-14","0.3","12855","NULL","NULL","36","Census"
"7841","Exemption","Medical Exemption","States","Kentucky","2013-14","0.3","57857","NULL","NULL","148","Census"
"7842","Exemption","Medical Exemption","States","Maryland","2013-14","0.3","75659","NULL","NULL","244","Census"
"7843","Exemption","Medical Exemption","States","Illinois","2013-14","0.3","163316","NULL","§","490","Census"
"7844","Exemption","Medical Exemption","States","Connecticut","2013-14","0.3","40978","NULL","NULL","128","Census"
"7845","Exemption","Medical Exemption","States","Florida","2013-14","0.3","233797","NULL","NULL","772","Census"
"7846","Exemption","Medical Exemption","States","New Hampshire","2013-14","0.4","13240","NULL","NULL","49","Census"
"7847","Exemption","Medical Exemption","States","Massachusetts","2013-14","0.4","79894","NULL","NULL","332","Census"
"7848","Exemption","Medical Exemption","States","Idaho","2013-14","0.4","23934","NULL","NULL","89","Census"
"7849","Exemption","Medical Exemption","States","Delaware","2015-16","0.1","11589","NULL","<","5","Stratified 2-stage cluster sample"
"7850","Exemption","Medical Exemption","States","Georgia","2015-16","0.1","131403","NULL","NULL","145","Census"
"7851","Exemption","Medical Exemption","States","Louisiana","2015-16","0.1","59159","NULL","NULL","75","Census"
"7852","Exemption","Medical Exemption","States","Colorado","2013-14","0.1","69904","NULL","<","0","Random Sample"
"7853","Exemption","Medical Exemption","States","Delaware","2013-14","0.1","11997","NULL","<","9","Stratified  2-stage cluster sample"
"7854","Exemption","Medical Exemption","States","Georgia","2013-14","0.1","143988","NULL","<","143","Census"
"7855","Exemption","Medical Exemption","States","Hawaii","2013-14","0.1","20056","NULL","<","0","Stratified  2-stage cluster sample"
"7856","Exemption","Medical Exemption","States","Louisiana","2013-14","0.1","63976","NULL","NULL","83","Census"
"7857","Exemption","Medical Exemption","States","North Carolina","2013-14","0.1","126084","NULL","NULL","161","Census"
"7858","Exemption","Medical Exemption","States","Oklahoma","2013-14","0.1","57377","NULL","NULL","73","Voluntary response"
"7859","Exemption","Medical Exemption","States","Oregon","2013-14","0.1","47649","NULL","NULL","62","Census"
"7860","Exemption","Medical Exemption","States","South Carolina","2013-14","0.1","61661","NULL","*","83","1-stage stratified sample"
"7861","Exemption","Medical Exemption","States","Wisconsin","2013-14","0.1","71363","NULL","NULL","103","Stratified  2-stage cluster sample"
"7862","Exemption","Medical Exemption","States","Texas","2013-14",NA,"409255","NULL","§","NULL","Census"
"7863","Exemption","Medical Exemption","States","Wyoming","2013-14",NA,"NULL","NULL","NULL","NULL","Not conducted"
"7864","Exemption","Medical Exemption","States","Utah","2014-15","0.2","50916","NULL","*","90","Census"
"7865","Exemption","Medical Exemption","States","Vermont","2014-15","0.2","6277","NULL","NULL","13","Census"
"7866","Exemption","Medical Exemption","States","West Virginia","2014-15","0.2","22016","NULL","NULL","38","Voluntary response"
"7867","Exemption","Medical Exemption","States","Michigan","2014-15","0.3","117963","NULL","NULL","389","Census"
"7868","Exemption","Medical Exemption","States","Massachusetts","2014-15","0.3","74869","NULL","NULL","261","Census"
"7869","Exemption","Medical Exemption","States","Kansas","2014-15","0.3","39685","NULL","NULL","114","Census"
"7870","Exemption","Medical Exemption","States","Iowa","2014-15","0.3","43239","NULL","NULL","143","Census"
"7871","Exemption","Medical Exemption","States","Illinois","2014-15","0.3","156942","NULL","§","471","Census"
"7872","Exemption","Medical Exemption","States","Idaho","2014-15","0.3","22968","NULL","NULL","68","Census"
"7873","Exemption","Medical Exemption","States","Florida","2014-15","0.3","228982","NULL","NULL","745","Census"
"7874","Exemption","Medical Exemption","States","Connecticut","2014-15","0.3","39948","NULL","NULL","114","Census"
"7875","Exemption","Medical Exemption","States","North Dakota","2014-15","0.3","10017","NULL","*","28","Census"
"7876","Exemption","Medical Exemption","States","Ohio","2014-15","0.3","149080","NULL","NULL","384","Census (public); Voluntary response (private)"
"7877","Exemption","Medical Exemption","States","Wyoming","2014-15","0.3","7983","NULL","§.‡‡","24","Census"
"7878","Exemption","Medical Exemption","States","Pennsylvania","2014-15","0.3","146378","NULL","NULL","470","Census"
"7879","Exemption","Medical Exemption","States","Virginia","2014-15","0.3","103821","NULL","*","305","Stratified 2-stage cluster sample"
"7880","Exemption","Medical Exemption","States","Wisconsin","2014-15","0.4","69335","NULL","NULL","301","Stratified 2-stage cluster sample"
"7881","Exemption","Medical Exemption","States","Maryland","2014-15","0.4","75391","NULL","NULL","336","Census (public); Voluntary response (private)"
"7882","Exemption","Medical Exemption","States","Delaware","2014-15","0.4","11476","NULL","NULL","46","Stratified 2-stage cluster sample"
"7883","Exemption","Medical Exemption","States","Indiana","2014-15","0.5","85477","NULL","NULL","406","Voluntary response"
"7884","Exemption","Medical Exemption","States","Maine","2014-15","0.5","13704","NULL","NULL","63","Voluntary response (public); Census (private)"
"7885","Exemption","Medical Exemption","States","Nebraska","2014-15","0.6","26665","NULL","NULL","150","Census"
"7886","Exemption","Medical Exemption","States","District of Columbia","2014-15","0.6","7840","NULL","NULL","46","Census"
"7887","Exemption","Medical Exemption","States","Washington","2014-15","1.2","88809","NULL","*","1055","Census (public); Voluntary response (private)"
"7888","Exemption","Medical Exemption","States","Alaska","2014-15","1.3","10129","NULL","NULL","135","Census"
"7889","Exemption","Medical Exemption","States","Missouri","2014-15","0.2","75900","NULL","§","152","Census"
"7890","Exemption","Medical Exemption","States","Alabama","2014-15","0.1","59660","NULL","*","59","Census"
"7891","Exemption","Medical Exemption","States","Arizona","2014-15","0.1","86153","NULL","NULL","126","Census"
"7892","Exemption","Medical Exemption","States","Arkansas","2014-15","0.1","41252","NULL","<","18","Census (public); Voluntary response (private)"
"7893","Exemption","Medical Exemption","States","Colorado","2014-15","0.1","70597","NULL","<","0","Simple random sample"
"7894","Exemption","Medical Exemption","States","Michigan","2015-16","0.2","116299","NULL","NULL","246","Census"
"7895","Exemption","Medical Exemption","States","Utah","2015-16","0.2","50114","NULL","NULL","88","Census"
"7896","Exemption","Medical Exemption","States","West Virginia","2015-16","0.2","21333","NULL","NULL","35","Voluntary response"
"7897","Exemption","Medical Exemption","States","California","2015-16","0.2","593788","NULL","NULL","993","Census"
"7898","Exemption","Medical Exemption","States","Kentucky","2015-16","0.2","54353","NULL","NULL","129","Census"
"7899","Exemption","Medical Exemption","States","Kansas","2015-16","0.2","39555","NULL","NULL","97","Census"
"7900","Exemption","Medical Exemption","States","Illinois","2015-16","0.2","151309","NULL","§","303","Census"
"7901","Exemption","Medical Exemption","States","Wyoming","2015-16","0.2","7825","NULL","§.‡‡","16","Voluntary response"
"7902","Exemption","Medical Exemption","States","North Dakota","2015-16","0.3","9875","NULL","NULL","30","Census"
"7903","Exemption","Medical Exemption","States","Massachusetts","2015-16","0.3","72897","NULL","NULL","216","Census"
"7904","Exemption","Medical Exemption","States","Virginia","2015-16","0.3","100074","NULL","NULL","254","Stratified 2-stage cluster sample"
"7905","Exemption","Medical Exemption","States","Iowa","2015-16","0.3","41215","NULL","NULL","119","Census"
"7906","Exemption","Medical Exemption","States","Wisconsin","2015-16","0.3","70220","NULL","NULL","244","Stratified 2-stage cluster sample"
"7907","Exemption","Medical Exemption","States","Idaho","2015-16","0.3","22686","NULL","NULL","69","Census"
"7908","Exemption","Medical Exemption","States","Florida","2015-16","0.3","224430","NULL","NULL","699","Census"
"7909","Exemption","Medical Exemption","States","Connecticut","2015-16","0.3","39533","NULL","NULL","110","Census"
"7910","Exemption","Medical Exemption","States","Hawaii","2015-16","0.4","16325","NULL","NULL","70","Stratified 2-stage cluster sample"
"7911","Exemption","Medical Exemption","States","Montana","2015-16","0.4","11484","NULL","NULL","49","Census"
"7912","Exemption","Medical Exemption","States","Pennsylvania","2015-16","0.4","143298","NULL","NULL","511","Census (public); Voluntary response (private)"
"7913","Exemption","Medical Exemption","States","Maryland","2015-16","0.5","72012","NULL","NULL","348","Census (public); Voluntary response (private)"
"7914","Exemption","Medical Exemption","States","Maine","2015-16","0.5","13526","NULL","NULL","69","Census"
"7915","Exemption","Medical Exemption","States","Indiana","2015-16","0.5","83525","NULL","NULL","395","Voluntary response"
"7916","Exemption","Medical Exemption","States","District of Columbia","2015-16","0.5","8080","NULL","NULL","44","Census"
"7917","Exemption","Medical Exemption","States","Nebraska","2015-16","0.6","30409","NULL","NULL","186","Census"
"7918","Exemption","Medical Exemption","States","Washington","2015-16","1","86492","NULL","NULL","862","Census"
"7919","Exemption","Medical Exemption","States","Alaska","2015-16","1.2","9937","NULL","NULL","103","Census"
"7920","Exemption","Medical Exemption","States","Minnesota","2015-16","0.2","69710","NULL","§","139","Census"
"7921","Exemption","Medical Exemption","States","Texas","2015-16","0.2","394801","NULL","NULL","821","Census (public); Voluntary response (private)"
"7922","Exemption","Medical Exemption","States","Missouri","2015-16","0.2","74413","NULL","§","149","Census"
"7923","Exemption","Medical Exemption","States","South Dakota","2015-16","0.2","12181","NULL","NULL","22","Census"
"7924","Exemption","Medical Exemption","States","Rhode Island","2015-16","0.2","11165","NULL","NULL","21","Census"
"7925","Exemption","Medical Exemption","States","Arizona","2015-16","0.2","83088","NULL","NULL","189","Census"
"7926","Exemption","Medical Exemption","States","New Hampshire","2015-16","0.2","11852","NULL","NULL","21","Census"
"7927","Exemption","Medical Exemption","States","New Jersey","2015-16","0.2","110116","NULL","NULL","211","Census"
"7928","Exemption","Medical Exemption","States","Ohio","2015-16","0.2","144604","NULL","NULL","358","Census (public); Voluntary response (private)"
"7929","Exemption","Medical Exemption","States","Alabama","2015-16","0.1","60392","NULL","NULL","40","Census"
"7930","Exemption","Medical Exemption","States","Arkansas","2015-16","0.1","40258","NULL","NULL","21","Census (public); Voluntary response (private)"
"7931","Exemption","Medical Exemption","States","Colorado","2015-16","0.1","69137","NULL","<","0","Simple random sample"
"7932","Exemption","Medical Exemption","States","North Dakota","2016-17","0.2","9799","NULL","NULL","24","Census"
"7933","Exemption","Medical Exemption","States","Rhode Island","2016-17","0.2","11100","NULL","NULL","22","Census"
"7934","Exemption","Medical Exemption","States","Connecticut","2016-17","0.3","39002","NULL","NULL","107","Census"
"7935","Exemption","Medical Exemption","States","Kansas","2016-17","0.3","38298","NULL","NULL","115","Census"
"7936","Exemption","Medical Exemption","States","Ohio","2016-17","0.3","137542","NULL","NULL","414","Census"
"7937","Exemption","Medical Exemption","States","Massachusetts","2016-17","0.3","70109","NULL","NULL","191","Census"
"7938","Exemption","Medical Exemption","States","Wisconsin","2016-17","0.3","67607","NULL","NULL","194","Census"
"7939","Exemption","Medical Exemption","States","West Virginia","2016-17","0.3","28666","NULL","NULL","75","Census (public). voluntary response (private)"
"7940","Exemption","Medical Exemption","States","Pennsylvania","2016-17","0.4","143888","NULL","NULL","537","Voluntary response"
"7941","Exemption","Medical Exemption","States","Kentucky","2016-17","0.4","51487","NULL","NULL","217","Census"
"7942","Exemption","Medical Exemption","States","Montana","2016-17","0.4","11956","NULL","NULL","53","Census"
"7943","Exemption","Medical Exemption","States","Idaho","2016-17","0.4","22589","NULL","NULL","86","Census"
"7944","Exemption","Medical Exemption","States","Florida","2016-17","0.4","224463","NULL","NULL","841","Census"
"7945","Exemption","Medical Exemption","States","Maryland","2016-17","0.5","71467","NULL","NULL","391","Census"
"7946","Exemption","Medical Exemption","States","California","2016-17","0.5","575305","NULL","NULL","2928","Census"
"7947","Exemption","Medical Exemption","States","District of Columbia","2016-17","0.6","8522","NULL","NULL","47","Census"
"7948","Exemption","Medical Exemption","States","Nebraska","2016-17","0.7","27117","NULL","§§","186","Census"
"7949","Exemption","Medical Exemption","States","Washington","2016-17","0.9","87142","NULL","NULL","805","Census"
"7950","Exemption","Medical Exemption","States","Alaska","2016-17","1.5","9815","NULL","NULL","149","Census"
"7951","Exemption","Medical Exemption","States","Utah","2016-17","0.2","49073","NULL","NULL","88","Census"
"7952","Exemption","Medical Exemption","States","Vermont","2016-17","0.2","6344","NULL","NULL","15","Census"
"7953","Exemption","Medical Exemption","States","Virginia","2016-17","0.2","102357","NULL","NULL","225","Census"
"7954","Exemption","Medical Exemption","States","Colorado","2016-17","0.2","64440","NULL","§","129","Census"
"7955","Exemption","Medical Exemption","States","Illinois","2016-17","0.2","151309","NULL","§","303","Census"
"7956","Exemption","Medical Exemption","States","Iowa","2016-17","0.2","39587","NULL","NULL","79","Census"
"7957","Exemption","Medical Exemption","States","Michigan","2016-17","0.2","118777","NULL","NULL","213","Census"
"7958","Exemption","Medical Exemption","States","Maine","2016-17","0.2","13834","NULL","NULL","32","Voluntary response (public). census (private)"
"7959","Exemption","Medical Exemption","States","Oklahoma","2016-17","0.2","52184","NULL","‡‡","79","Census"
"7960","Exemption","Medical Exemption","States","Tennessee","2016-17","0.1","78169","NULL","NULL","103","Census"
"7961","Exemption","Medical Exemption","States","Nevada","2016-17","0.1","36885","NULL","NULL","53","Stratified 2-stage cluster sample"
"7962","Exemption","Medical Exemption","States","Alabama","2016-17","0.1","58394","NULL","NULL","62","Census"
"7963","Exemption","Medical Exemption","States","New Mexico","2016-17","0.1","27119","NULL","<","6","Stratified 2-stage cluster sample"
"7964","Exemption","Medical Exemption","States","Arkansas","2016-17","0.1","39666","NULL","NULL","24","Voluntary response"
"7965","Exemption","Medical Exemption","States","Delaware","2016-17","0.1","11490","NULL","<","7","Stratified 2-stage cluster sample"
"7966","Exemption","Medical Exemption","States","Louisiana","2014-15","0.1","60377","NULL","NULL","53","Census"
"7967","Exemption","Medical Exemption","States","Oklahoma","2014-15","0.1","56967","NULL","NULL","76","Census"
"7968","Exemption","Medical Exemption","States","Hawaii","2014-15","0.1","20085","NULL","<","0","Stratified 2-stage cluster sample"
"7969","Exemption","Medical Exemption","States","North Carolina","2014-15","0.1","129792","NULL","*","178","Census (public); Voluntary response (private)"
"7970","Exemption","Medical Exemption","States","New York","2014-15","0.1","237045","NULL","NULL","309","Census"
"7971","Exemption","Medical Exemption","States","New Mexico","2014-15","0.1","29918","NULL","NULL","18","Census"
"7972","Exemption","Medical Exemption","States","Georgia","2014-15","0.1","139471","NULL","NULL","138","Census"
"7973","Exemption","Medical Exemption","States","Idaho","2017-18","0.4","22553","NULL","NULL","93","Census"
"7974","Exemption","Medical Exemption","States","Pennsylvania","2017-18","0.5","141571","NULL","NULL","638","Voluntary response"
"7975","Exemption","Medical Exemption","States","Arizona","2017-18","0.5","81710","NULL","NULL","400","Census"
"7976","Exemption","Medical Exemption","States","Florida","2017-18","0.5","222397","NULL","NULL","1051","Census"
"7977","Exemption","Medical Exemption","States","Maryland","2017-18","0.6","68528","NULL","NULL","390","Census"
"7978","Exemption","Medical Exemption","States","Washington","2017-18","0.7","85118","NULL","NULL","621","Census"
"7979","Exemption","Medical Exemption","States","Nebraska","2017-18","0.7","26313","NULL","NULL","192","Census"
"7980","Exemption","Medical Exemption","States","California","2017-18","0.7","574702","NULL","NULL","4190","Census"
"7981","Exemption","Medical Exemption","States","Alaska","2017-18","0.8","9692","NULL","NULL","75","Stratified 2-stage cluster sample"
"7982","Exemption","Medical Exemption","States","Wyoming","2017-18",NA,"NULL","NULL","NULL","NULL","Not conducted"
"7983","Exemption","Medical Exemption","States","District of Columbia","2017-18",NA,"NULL","NULL","NULL","NULL","Census"
"7984","Exemption","Medical Exemption","States","Nevada","2017-18","0.1","37178","NULL","NULL","26","Stratified 2-stage cluster sample"
"7985","Exemption","Medical Exemption","States","Oregon","2017-18","0.1","45818","NULL","NULL","62","Census"
"7986","Exemption","Medical Exemption","States","Rhode Island","2017-18","0.1","11025","NULL","NULL","10","Census"
"7987","Exemption","Medical Exemption","States","Tennessee","2017-18","0.1","78743","NULL","NULL","114","Census"
"7988","Exemption","Medical Exemption","States","Mississippi","2017-18","0.1","39284","NULL","NULL","38","Census"
"7989","Exemption","Medical Exemption","States","Louisiana","2017-18","0.1","58277","NULL","NULL","61","Census"
"7990","Exemption","Medical Exemption","States","Hawaii","2017-18","0.1","16325","NULL","<","4","Stratified 2-stage cluster sample"
"7991","Exemption","Medical Exemption","States","Georgia","2017-18","0.1","131459","NULL","NULL","102","Census"
"7992","Exemption","Medical Exemption","States","Delaware","2017-18","0.1","10988","NULL","NULL","3","Stratified 2-stage cluster sample"
"7993","Exemption","Medical Exemption","States","Arkansas","2017-18","0.1","39630","NULL","NULL","14","Census"
"7994","Exemption","Medical Exemption","States","Alabama","2017-18","0.1","57245","NULL","NULL","59","Census"
"7995","Exemption","Medical Exemption","States","New Hampshire","2017-18","0.2","12165","NULL","NULL","22","Census"
"7996","Exemption","Medical Exemption","States","New Jersey","2017-18","0.2","107630","NULL","NULL","171","Census"
"7997","Exemption","Medical Exemption","States","New Mexico","2017-18","0.2","26896","NULL","NULL","51","Stratified 2-stage cluster sample"
"7998","Exemption","Medical Exemption","States","North Carolina","2017-18","0.2","127197","NULL","NULL","284","Census"
"7999","Exemption","Medical Exemption","States","Mississippi","2015-16","0.1","41042","NULL","<","18","Census"
"8000","Exemption","Medical Exemption","States","Vermont","2015-16","0.1","6366","NULL","NULL","9","Census"
"8001","Exemption","Medical Exemption","States","Nevada","2015-16","0.1","37118","NULL","NULL","37","Stratified 2-stage cluster sample"
"8002","Exemption","Medical Exemption","States","New Mexico","2015-16","0.1","29049","NULL","NULL","19","Census"
"8003","Exemption","Medical Exemption","States","Tennessee","2015-16","0.1","79233","NULL","NULL","111","Census"
"8004","Exemption","Medical Exemption","States","South Carolina","2015-16","0.1","59240","NULL","<","23","Stratified 1-stage cluster sample"
"8005","Exemption","Medical Exemption","States","New York","2015-16","0.1","232521","NULL","NULL","323","Census"
"8006","Exemption","Medical Exemption","States","North Carolina","2015-16","0.1","128290","NULL","NULL","141","Census (public); Voluntary response (private)"
"8007","Exemption","Medical Exemption","States","Oklahoma","2015-16","0.1","54335","NULL","NULL","79","Census"
"8008","Exemption","Medical Exemption","States","Oregon","2015-16","0.1","45531","NULL","NULL","61","Census"
"8009","Exemption","Medical Exemption","States","Texas","2016-17","0.2","389999","NULL","NULL","822","Census"
"8010","Exemption","Medical Exemption","States","Arizona","2016-17","0.2","83627","NULL","NULL","134","Census"
"8011","Exemption","Medical Exemption","States","New Hampshire","2016-17","0.2","12145","NULL","NULL","29","Census"
"8012","Exemption","Medical Exemption","States","New Jersey","2016-17","0.2","109577","NULL","NULL","196","Census"
"8013","Exemption","Medical Exemption","States","South Dakota","2016-17","0.2","12106","NULL","NULL","21","Census"
"8014","Exemption","Medical Exemption","States","New York","2016-17","0.2","227050","NULL","NULL","345","Census"
"8015","Exemption","Medical Exemption","States","New Jersey","2018-19","0.2","109161","NULL","†","183","Census"
"8016","Exemption","Medical Exemption","States","Ohio","2018-19","0.2","139679","NULL","||","334","Census (public). voluntary response (private)"
"8017","Exemption","Medical Exemption","States","South Carolina","2018-19","0.2","58442","NULL","†","92","Stratified 1-stage cluster sample"
"8018","Exemption","Medical Exemption","States","South Dakota","2018-19","0.2","12062","NULL","†","22","Census"
"8019","MMR (PAC)","MMR (PAC)","States","Colorado","2025-26","95.5","60049","100","NULL","NULL","Census"
"8020","Exemption","Medical Exemption","States","Tennessee","2018-19","0.2","78630","NULL","†","129","Census"
"8021","Exemption","Medical Exemption","States","Texas","2018-19","0.2","390034","NULL","||","972","Census"
"8022","Exemption","Medical Exemption","States","Utah","2018-19","0.2","50179","NULL","NULL","77","Census"
"8023","Exemption","Medical Exemption","States","Wisconsin","2018-19","0.2","66344","NULL","NULL","160","Stratified 2-stage cluster sample"
"8024","Exemption","Medical Exemption","States","Wyoming","2018-19","0.2","7734","NULL","†","15","Census"
"8025","Exemption","Medical Exemption","States","New York","2018-19","0.1","220495","NULL","†","315","Census"
"8026","Exemption","Medical Exemption","States","North Carolina","2018-19","0.1","124343","NULL","†","167","Census (public). voluntary response (private)"
"8027","Exemption","Medical Exemption","States","Oklahoma","2018-19","0.1","54806","NULL","NULL","79","Census (public). voluntary response (private)"
"8028","Exemption","Medical Exemption","States","Oregon","2018-19","0.1","45870","NULL","||","56","Census"
"8029","Exemption","Medical Exemption","States","Mississippi","2018-19","0.1","37775","NULL","‡.†","47","Census"
"8030","Exemption","Medical Exemption","States","Rhode Island","2018-19","0.1","10964","NULL","†","16","Census"
"8031","Exemption","Medical Exemption","States","Alabama","2018-19","0.1","77739","NULL","†","62","Census"
"8032","Exemption","Medical Exemption","States","Georgia","2016-17","0.1","136165","NULL","NULL","198","Census"
"8033","Exemption","Medical Exemption","States","North Carolina","2016-17","0.1","126454","NULL","NULL","174","Voluntary response"
"8034","Exemption","Medical Exemption","States","Mississippi","2016-17","0.1","40509","NULL","NULL","31","Census"
"8035","Exemption","Medical Exemption","States","Hawaii","2016-17","0.1","16325","NULL","NULL","20","Stratified 2-stage cluster sample"
"8036","Exemption","Medical Exemption","States","Indiana","2016-17","0.1","83263","NULL","NULL","112","Voluntary response"
"8037","Exemption","Medical Exemption","States","South Carolina","2016-17","0.1","59177","NULL","NULL","55","Stratified 1-stage cluster sample"
"8038","Exemption","Medical Exemption","States","Missouri","2016-17","0.2","73355","NULL","§","147","Census"
"8039","Exemption","Medical Exemption","States","Minnesota","2016-17","0.2","69140","NULL","§","138","Census"
"8040","Exemption","Medical Exemption","States","Wyoming","2016-17",NA,"NULL","NULL","NULL","NULL","Not conducted"
"8041","Exemption","Medical Exemption","States","West Virginia","2017-18","0.2","19519","NULL","‡‡","32","Voluntary response"
"8042","Exemption","Medical Exemption","States","Wisconsin","2017-18","0.2","66178","NULL","NULL","164","Stratified 2-stage cluster sample"
"8043","Exemption","Medical Exemption","States","Missouri","2017-18","0.2","73113","NULL","§","146","Census"
"8044","Exemption","Medical Exemption","States","Minnesota","2017-18","0.2","69807","NULL","§","140","Census"
"8045","Exemption","Medical Exemption","States","Michigan","2017-18","0.2","119028","NULL","NULL","251","Census"
"8046","Exemption","Medical Exemption","States","Iowa","2017-18","0.2","39632","NULL","NULL","93","Census"
"8047","Exemption","Medical Exemption","States","Indiana","2017-18","0.2","84296","NULL","NULL","156","Voluntary Response"
"8048","Exemption","Medical Exemption","States","Illinois","2017-18","0.2","144858","NULL","§","290","Census"
"8049","Exemption","Medical Exemption","States","Colorado","2017-18","0.2","65718","NULL","§","131","Census"
"8050","Exemption","Medical Exemption","States","North Dakota","2017-18","0.3","10365","NULL","NULL","31","Census"
"8051","Exemption","Medical Exemption","States","Massachusetts","2017-18","0.3","63377","NULL","NULL","166","Census"
"8052","MMR (PAC)","MMR (PAC)","States","Utah","2025-26","88.1","44001","100","NULL","NULL","Census"
"8053","Exemption","Medical Exemption","States","Maine","2017-18","0.3","13255","NULL","NULL","34","Census"
"8054","Exemption","Medical Exemption","States","Kentucky","2017-18","0.3","55152","NULL","NULL","174","Census"
"8055","Exemption","Medical Exemption","States","Kansas","2017-18","0.3","38484","NULL","NULL","125","Stratified 2-stage cluster sample"
"8056","Exemption","Medical Exemption","States","Connecticut","2017-18","0.3","39174","NULL","NULL","126","Census"
"8057","Exemption","Medical Exemption","States","Virginia","2017-18","0.4","100581","NULL","NULL","384","Stratified 2-stage cluster sample"
"8058","Exemption","Medical Exemption","States","Montana","2017-18","0.4","12188","NULL","NULL","48","Census"
"8059","Exemption","Medical Exemption","States","South Dakota","2019-20","0.1","12367","NULL","†","18","Census"
"8060","Exemption","Medical Exemption","States","Tennessee","2019-20","0.1","80595","NULL","†","101","Census"
"8061","Exemption","Medical Exemption","States","Utah","2019-20","0.1","49208","NULL","NULL","59","Census"
"8062","Exemption","Medical Exemption","States","Vermont","2019-20","0.1","6293","NULL","†","9","Census"
"8063","Exemption","Medical Exemption","States","West Virginia","2019-20","0.1","17114","NULL","†.‡.‡‡","21","Voluntary response"
"8064","Exemption","Medical Exemption","States","Georgia","2019-20","0.1","130102","NULL","†","158","Census"
"8065","Exemption","Medical Exemption","States","Arkansas","2019-20","0.1","39510","NULL","<","15","Census (public). voluntary response (private)"
"8066","Exemption","Medical Exemption","States","Ohio","2017-18","0.2","138753","NULL","NULL","336","Census"
"8067","MMR (PAC)","MMR (PAC)","States","South Carolina","2025-26","94.3","57542","26.2","NULL","NULL","Stratified 1-stage cluster sample"
"8068","Exemption","Medical Exemption","States","Oklahoma","2017-18","0.2","53898","NULL","NULL","91","Census (public). voluntary response (private)"
"8069","Exemption","Medical Exemption","States","South Carolina","2017-18","0.2","58458","NULL","NULL","119","Stratified 1-stage cluster sample"
"8070","Exemption","Medical Exemption","States","South Dakota","2017-18","0.2","12125","NULL","NULL","23","Census"
"8071","Exemption","Medical Exemption","States","Texas","2017-18","0.2","387981","NULL","NULL","780","Census"
"8072","Exemption","Medical Exemption","States","Utah","2017-18","0.2","48827","NULL","NULL","80","Census"
"8073","Exemption","Medical Exemption","States","Vermont","2017-18","0.2","6255","NULL","NULL","13","Census"
"8074","Exemption","Medical Exemption","States","West Virginia","2018-19","0.8","19442","NULL","†.‡.‡‡","161","Voluntary response"
"8075","Exemption","Medical Exemption","States","Washington","2018-19","0.8","87510","NULL","NULL","673","Census"
"8076","Exemption","Medical Exemption","States","Maine","2018-19","0.6","13419","NULL","NULL","79","Census"
"8077","Exemption","Medical Exemption","States","California","2018-19","0.6","568947","NULL","‡.†","3434","Census"
"8078","Exemption","Medical Exemption","States","Alaska","2018-19","0.5","10316","NULL","†","51","Voluntary response"
"8079","Exemption","Medical Exemption","States","Nebraska","2018-19","0.5","26925","NULL","†.§§","127","Census"
"8080","Exemption","Medical Exemption","States","Idaho","2018-19","0.4","22995","NULL","||","82","Census"
"8081","Exemption","Medical Exemption","States","New York","2017-18","0.2","226456","NULL","NULL","349","Census"
"8082","Exemption","Medical Exemption","States","Maryland","2018-19","0.4","71431","NULL","†","299","Census"
"8083","Exemption","Medical Exemption","States","Pennsylvania","2018-19","0.4","143560","NULL","NULL","547","Census (public). voluntary response (private)"
"8084","Exemption","Medical Exemption","States","Kentucky","2018-19","0.3","55587","NULL","†","140","Census"
"8085","Exemption","Medical Exemption","States","Kansas","2018-19","0.3","37838","NULL","†","122","Stratified 2-stage cluster sample"
"8086","Exemption","Medical Exemption","States","Indiana","2018-19","0.3","82324","NULL","†","252","Census"
"8087","Exemption","Medical Exemption","States","Virginia","2018-19","0.3","100394","NULL","†","317","Stratified 2-stage cluster sample"
"8088","Exemption","Medical Exemption","States","Vermont","2018-19","0.3","6126","NULL","†","19","Census"
"8089","Exemption","Medical Exemption","States","Delaware","2018-19","0.3","10798","NULL","†","28","Stratified 2-stage cluster sample"
"8090","Exemption","Medical Exemption","States","Massachusetts","2018-19","0.3","65279","NULL","†","171","Census"
"8091","Exemption","Medical Exemption","States","North Dakota","2018-19","0.3","10382","NULL","NULL","36","Census"
"8092","Exemption","Medical Exemption","States","New Mexico","2018-19","0.3","25269","NULL","†","84","Census"
"8093","Exemption","Medical Exemption","States","Iowa","2018-19","0.2","40624","NULL","†","87","Census"
"8094","Exemption","Medical Exemption","States","Illinois","2018-19","0.2","143876","NULL","§. †","346","Census"
"8095","Exemption","Medical Exemption","States","Connecticut","2018-19","0.2","38230","NULL","†","86","Census"
"8096","Exemption","Medical Exemption","States","Colorado","2018-19","0.2","64191","NULL","§","115","Census"
"8097","Exemption","Medical Exemption","States","Michigan","2018-19","0.2","118632","NULL","NULL","296","Census"
"8098","Exemption","Medical Exemption","States","Minnesota","2018-19","0.2","70085","NULL","§. ||","163","Census"
"8099","Exemption","Medical Exemption","States","Missouri","2018-19","0.2","72687","NULL","§. †","129","Census"
"8100","Exemption","Medical Exemption","States","Montana","2018-19","0.2","12480","NULL","†","27","Census"
"8101","Exemption","Medical Exemption","States","Nevada","2018-19","0.2","37971","NULL","†","70","Stratified 2-stage cluster sample"
"8102","Exemption","Medical Exemption","States","New Hampshire","2018-19","0.2","12421","NULL","†","29","Census"
"8103","Exemption","Medical Exemption","States","Louisiana","2018-19","0.1","56203","NULL","NULL","53","Census"
"8104","Exemption","Medical Exemption","States","District of Columbia","2018-19",NA,"NULL","NULL","NULL","NULL","Census"
"8105","Exemption","Medical Exemption","States","Missouri","2019-20","0.2","72324","NULL","†.§","150","Census"
"8106","Exemption","Medical Exemption","States","Montana","2019-20","0.2","12501","NULL","†","30","Census"
"8107","Exemption","Medical Exemption","States","Wisconsin","2019-20","0.2","67391","NULL","NULL","168","Census"
"8108","Exemption","Medical Exemption","States","Ohio","2019-20","0.2","139103","NULL","||","346","Census"
"8109","Exemption","Medical Exemption","States","Oregon","2019-20","0.2","45959","NULL","||","73","Census"
"8110","Exemption","Medical Exemption","States","Texas","2019-20","0.2","398680","NULL","||","929","Census"
"8111","Exemption","Medical Exemption","States","Rhode Island","2019-20","0.2","11219","NULL","†","24","Census"
"8112","Exemption","Medical Exemption","States","South Carolina","2019-20","0.2","65938","NULL","†","115","Stratified 1-stage cluster sample"
"8113","Exemption","Medical Exemption","States","Wyoming","2019-20","0.3","7913","NULL","†","24","Census"
"8114","Exemption","Medical Exemption","States","Virginia","2019-20","0.3","99399","NULL","†","333","Census"
"8115","Exemption","Medical Exemption","States","Maine","2019-20","0.3","13450","NULL","NULL","40","Census"
"8116","Exemption","Medical Exemption","States","Kansas","2019-20","0.3","37865","NULL","†","99","Stratified 2-stage cluster sample"
"8117","Exemption","Medical Exemption","States","Illinois","2019-20","0.3","145891","NULL","†","407","Census"
"8118","Exemption","Medical Exemption","States","Idaho","2019-20","0.3","23301","NULL","||","75","Census"
"8119","Exemption","Medical Exemption","States","North Dakota","2019-20","0.3","10587","NULL","NULL","32","Census"
"8120","Exemption","Medical Exemption","States","Nebraska","2019-20","0.4","26893","NULL","†","106","Census"
"8121","Exemption","Medical Exemption","States","Florida","2019-20","0.4","228298","NULL","†","855","Census"
"8122","Exemption","Medical Exemption","States","Louisiana","2016-17","0.1","55257","NULL","NULL","54","Census"
"8123","Exemption","Medical Exemption","States","Oregon","2016-17","0.1","45705","NULL","NULL","55","Census"
"8124","Exemption","Medical Exemption","States","Maryland","2019-20","0.4","72443","NULL","†","273","Census (public). voluntary response (private)"
"8125","Exemption","Medical Exemption","States","Kentucky","2019-20","0.5","59233","NULL","†","274","Census"
"8126","Exemption","Medical Exemption","States","Alaska","2019-20","0.5","10381","NULL","†","51","Voluntary response"
"8127","Exemption","Medical Exemption","States","Nevada","2019-20","0.5","37724","NULL","†","170","Census"
"8128","Exemption","Medical Exemption","States","Washington","2019-20","0.7","87757","NULL","NULL","647","Census"
"8129","Exemption","Medical Exemption","States","California","2019-20","0.8","566155","NULL","†.‡","4249","Census"
"8130","Exemption","Medical Exemption","States","Mississippi","2019-20","0.2","37870","NULL","†. ‡","62","Census"
"8131","Exemption","Medical Exemption","States","Minnesota","2019-20","0.2","71223","NULL","§.||","133","Census"
"8132","Exemption","Medical Exemption","States","Michigan","2019-20","0.2","120565","NULL","NULL","290","Census"
"8133","Exemption","Medical Exemption","States","Massachusetts","2019-20","0.2","66756","NULL","†","153","Census"
"8134","Exemption","Medical Exemption","States","Louisiana","2019-20","0.2","59685","NULL","NULL","92","Census"
"8135","Exemption","Medical Exemption","States","Iowa","2019-20","0.2","40812","NULL","†","68","Census"
"8136","Exemption","Medical Exemption","States","Indiana","2019-20","0.2","88253","NULL","†","199","Voluntary response"
"8137","Exemption","Medical Exemption","States","Hawaii","2019-20","0.2","15695","NULL","†","29","Stratified 2-stage cluster sample"
"8138","Exemption","Medical Exemption","States","New Mexico","2019-20","0.2","23087","NULL","†","46","Census"
"8139","Exemption","Medical Exemption","States","Connecticut","2019-20","0.2","38888","NULL","†","84","Census"
"8140","Exemption","Medical Exemption","States","Colorado","2019-20","0.2","69088","NULL","§","121","Census"
"8141","Exemption","Medical Exemption","States","New Jersey","2019-20","0.2","107900","NULL","†","188","Census"
"8142","Exemption","Medical Exemption","States","Arizona","2019-20","0.2","83976","NULL","‡","144","Census (public). voluntary response (private)"
"8143","Exemption","Medical Exemption","States","New Hampshire","2019-20","0.2","12447","NULL","†","29","Census"
"8144","Exemption","Medical Exemption","States","New York","2019-20","0.1","234165","NULL","†.‡","320","Census"
"8145","Exemption","Medical Exemption","States","North Carolina","2019-20","0.1","124548","NULL","†","158","Census"
"8146","Exemption","Medical Exemption","States","Oklahoma","2019-20","0.1","55348","NULL","NULL","73","Voluntary response"
"8147","Exemption","Medical Exemption","States","Indiana","2020-21","0.2","78694","71.4","†","131","Voluntary response"
"8148","Exemption","Medical Exemption","States","Hawaii","2020-21","0.2","13074","93","†","27","Census"
"8149","Exemption","Medical Exemption","States","Connecticut","2020-21","0.2","34396","100","†","83","Census"
"8150","Exemption","Medical Exemption","States","Colorado","2020-21","0.2","63619","97.3",">=. §","98","Census"
"8151","Exemption","Medical Exemption","States","Virginia","2020-21","0.2","88273","2","†","214","Stratified 2-stage cluster sample"
"8152","Exemption","Medical Exemption","States","Alaska","2020-21","0.2","9461","92.5","†","21","Census"
"8153","Exemption","Medical Exemption","States","Wisconsin","2020-21","0.2","63486","84.5","NULL","154","Voluntary response"
"8154","Exemption","Medical Exemption","States","Idaho","2020-21","0.3","22677","98.3","||","64","Census"
"8155","Exemption","Medical Exemption","States","Pennsylvania","2020-21","0.3","129307","95","NULL","356","Census (public). voluntary response (private)"
"8156","Exemption","Medical Exemption","States","Florida","2020-21","0.4","207026","100","†","790","Census"
"8157","Exemption","Medical Exemption","States","Maine","2020-21","0.5","13477","85","NULL","64","Voluntary response (public). census (private)"
"8158","Exemption","Medical Exemption","States","California","2020-21","0.5","498214","97.5","†.‡","2391","Census"
"8159","Exemption","Medical Exemption","States","Washington","2020-21","0.5","74931","100","NULL","389","Census"
"8160","Exemption","Medical Exemption","States","Nebraska","2020-21","0.6","25681","94.8","†","143","Census (public). voluntary response (private)"
"8161","Exemption","Medical Exemption","States","Nevada","2020-21","0.8","34171","94.7","†","278","Census (public). voluntary response (private)"
"8162","Exemption","Medical Exemption","States","Wyoming","2020-21","NR","6923","100","†","NULL","Census"
"8163","Exemption","Medical Exemption","States","West Virginia","2020-21","NR","NULL","NULL","†.‡.‡‡","NULL","Not Conducted"
"8164","Exemption","Medical Exemption","States","Illinois","2020-21","NR","NULL","NULL","†","NULL","Not Conducted"
"8165","Exemption","Medical Exemption","States","Florida","2018-19","0.4","224641","NULL","†","828","Census"
"8166","Exemption","Medical Exemption","States","New Jersey","2020-21","0.1","100144","100","†","135","Census"
"8167","Exemption","Medical Exemption","States","New Mexico","2020-21","0.1","20589","100","†","23","Census"
"8168","Exemption","Medical Exemption","States","Georgia","2020-21","0.1","83191","100","†","61","Census"
"8169","Exemption","Medical Exemption","States","Delaware","2020-21","0.1","10587","9.2","<. †","4","Stratified 2-stage cluster sample"
"8170","Exemption","Medical Exemption","States","New York","2020-21","0.1","216804","91.5","†.‡","264","Census (public). voluntary response (private)"
"8171","Exemption","Medical Exemption","States","NY-City of New York","2020-21","0.1","91920","94.2","†.‡","56","Census (public). voluntary response (private)"
"8172","Exemption","Medical Exemption","States","North Carolina","2020-21","0.1","120995","89","†","127","Census (public). voluntary response (private)"
"8173","Exemption","Medical Exemption","States","Utah","2020-21","0.1","46247","100","NULL","58","Census"
"8174","Exemption","Medical Exemption","States","Louisiana","2020-21","0.1","61912","100","NULL","48","Census"
"8175","Exemption","Medical Exemption","States","Vermont","2020-21","0.1","5535","100","†","6","Census"
"8176","Exemption","Medical Exemption","States","Oregon","2020-21","0.1","39568","100","||","39","Census"
"8177","Exemption","Medical Exemption","States","Arkansas","2020-21","0.1","37540","95.6","<","14","Census (public). voluntary response (private)"
"8178","Exemption","Medical Exemption","States","Arizona","2020-21","0.1","76382","93.4","‡","72","Census (public). voluntary response (private)"
"8179","Exemption","Medical Exemption","States","Rhode Island","2020-21","0.1","10402","93","†","10","Census"
"8180","Exemption","Medical Exemption","States","Minnesota","2020-21","0.1","66007","95.2",">=. §. ‡","82","Census"
"8181","Exemption","Medical Exemption","States","Mississippi","2020-21","0.1","34028","100","†. ‡","39","Census"
"8182","Exemption","Medical Exemption","States","Alabama","2020-21","0.1","56974","100","†","66","Census"
"8183","Exemption","Medical Exemption","States","South Dakota","2020-21","0.1","11512","99.9","†","16","Census"
"8184","Exemption","Medical Exemption","States","Tennessee","2020-21","0.1","73819","100","†","87","Census"
"8185","Exemption","Medical Exemption","States","New Hampshire","2020-21","0.2","10242","57","†","25","Voluntary response"
"8186","Exemption","Medical Exemption","States","North Dakota","2020-21","0.2","10116","99.1","NULL","21","Census"
"8187","Exemption","Medical Exemption","States","Arizona","2018-19","0.1","79981","NULL","<. ‡","26","Census"
"8188","Exemption","Medical Exemption","States","Georgia","2018-19","0.1","131275","NULL","†","124","Census"
"8189","Exemption","Medical Exemption","States","Hawaii","2018-19","0.1","16051","NULL","†","10","Stratified 2-stage cluster sample"
"8190","Polio","","States","Michigan","2012-13","95.5","124662","100","*","NULL","Census"
"8191","Polio","","States","Maine","2012-13","95.2","14313","94.6","‡","NULL","Census"
"8192","Polio","","States","Georgia","2012-13","95.1","142732","2.4","≥","NULL","2-stage Cluster Sample"
"8193","Polio","","States","Montana","2012-13","95","12516","95.8","NULL","NULL","Census"
"8194","Polio","","States","Pennsylvania","2012-13","94.9","151364","97.5","||","NULL","Census"
"8195","Polio","","States","Arizona","2012-13","94.7","90054","97.6","NULL","NULL","Census"
"8196","Polio","","States","Tennessee","2012-13","94.5","85801","97","≥","NULL","Census"
"8197","Polio","","States","Illinois","2012-13","94.4","166884","100","*","NULL","Census"
"8198","Polio","","States","Kentucky","2012-13","94.3","58466","97.2","‡","NULL","Census"
"8199","Polio","","States","Massachusetts","2012-13","94.2","79661","97.6","‡","NULL","Census"
"8200","Polio","","States","Virginia","2012-13","94.1","104826","4.2","NULL","NULL","2-stage Cluster Sample"
"8201","Polio","","States","Oregon","2012-13","93.6","47102","100","*. ‡","NULL","Census"
"8202","Polio","","States","Indiana","2012-13","93.4","86983","83.4","NULL","NULL","Voluntary Response"
"8203","Polio","","States","Alabama","2012-13","92.8","72929","100","≥. * . ‡. **","NULL","Census"
"8204","Polio","","States","North Dakota","2012-13","92.7","9503","4.9","NULL","NULL","2-stage Cluster Sample"
"8205","Polio","","States","Vermont","2012-13","92.6","6792","100","*","NULL","Census"
"8206","Exemption","Medical Exemption","States","Pennsylvania","2019-20","0.4","140197","NULL","NULL","507","Census"
"8207","Polio","","States","South Carolina","2012-13","90.9","61799","17.9","≥","NULL","1-Stage Cluster Sample"
"8208","Polio","","States","Oklahoma","2012-13","90.6","56943","95.5","NULL","NULL","Census"
"8209","Polio","","States","Iowa","2012-13","90.5","41701","99.9","≥","NULL","Census"
"8210","Polio","","States","Colorado","2012-13","88.6","70657","0.5","NULL","NULL","Simple Random Sample"
"8211","Polio","","States","Idaho","2012-13","88.5","23888","100","*","NULL","Census"
"8212","Polio","","States","Kansas","2012-13","86.7","40738","31.8","†. ‡","NULL","Stratified 1-stage sample  (Public);  Census (Private)"
"8213","Polio","","States","Arkansas","2012-13","81.1","43212","96.3","‡","NULL","Census"
"8214","Polio","","States","Hawaii","2012-13",NA,"20104","6.7","NULL","NULL","2-stage Cluster Sample"
"8215","Polio","","States","Alaska","2012-13",NA,"10319","97.8","NULL","NULL","Census"
"8216","Polio","","States","District of Columbia","2012-13",NA,"7842","100","*","NULL","Census"
"8217","Polio","","States","North Carolina","2012-13",NA,"130612","97.3","NULL","NULL","Census"
"8218","Polio","","States","New Hampshire","2012-13",NA,"12943","99.2","NULL","NULL","Census"
"8219","Exemption","Medical Exemption","States","Alabama","2019-20","0.1","59477","NULL","†","63","Census"
"8220","Exemption","Medical Exemption","States","District of Columbia","2019-20",NA,"NULL","NULL","†","NULL","Not Conducted"
"8221","Exemption","Medical Exemption","States","Delaware","2019-20","NR","NULL","NULL","†","NULL","Not Conducted"
"8222","Exemption","Medical Exemption","States","Texas","2020-21","0.2","377840","98.9","||","699","Census"
"8223","Exemption","Medical Exemption","States","Montana","2020-21","0.2","11279","100","†","24","Census"
"8224","Exemption","Medical Exemption","States","Missouri","2020-21","0.2","63093","100",">=. †.§","102","Census"
"8225","Exemption","Medical Exemption","States","Michigan","2020-21","0.2","106657","100","NULL","217","Census"
"8226","Exemption","Medical Exemption","States","Massachusetts","2020-21","0.2","60724","100","†","127","Census"
"8227","Exemption","Medical Exemption","States","Maryland","2020-21","0.2","65764","75.6","†","109","Census (public). voluntary response (private)"
"8228","Exemption","Medical Exemption","States","Kentucky","2020-21","0.2","59233","86.4","†","92","Census (public). voluntary response (private)"
"8229","Exemption","Medical Exemption","States","Kansas","2020-21","0.2","34687","32.7","†","71","Stratified 2-stage cluster sample"
"8230","Exemption","Medical Exemption","States","Iowa","2020-21","0.2","39141","100","†","64","Census"
"8231","Exemption","Any Exemption","States","Idaho","2013-14","6.4","23934","NULL","NULL","1540","Census"
"8232","Varicella","UTD (or disease history)","","","","","","","","",""
"8233","Varicella","UTD (or disease history)","","","","","","","","",""
"8234","Varicella","UTD (or disease history)","","","","","","","","",""
"8235","Varicella","UTD (or disease history)","","","","","","","","",""
"8236","Varicella","UTD (or disease history)","","","","","","","","",""
"8237","Varicella","UTD (or disease history)","","","","","","","","",""
"8238","Varicella","UTD (or disease history)","","","","","","","","",""
"8239","Varicella","UTD (or disease history)","","","","","","","","",""
"8240","Varicella","UTD (or disease history)","","","","","","","","",""
"8241","Varicella","UTD (or disease history)","","","","","","","","",""
"8242","Varicella","UTD (or disease history)","","","","","","","","",""
"8243","Varicella","UTD (or disease history)","","","","","","","","",""
"8244","Varicella","UTD (or disease history)","","","","","","","","",""
"8245","Varicella","UTD (or disease history)","","","","","","","","",""
"8246","Varicella","UTD (or disease history)","","","","","","","","",""
"8247","Exemption","Medical Exemption","States","TX-City of Houston","2020-21","0.1","39627","94.9","||","59","Census (public). voluntary response (private)"
"8248","Varicella","UTD (or disease history)","","","","","","","","",""
"8249","Varicella","UTD (or disease history)","","","","","","","","",""
"8250","Varicella","UTD (or disease history)","","","","","","","","",""
"8251","Varicella","UTD (or disease history)","","","","","","","","",""
"8252","Varicella","UTD (or disease history)","","","","","","","","",""
"8253","Varicella","UTD (or disease history)","","","","","","","","",""
"8254","Varicella","UTD (or disease history)","","","","","","","","",""
"8255","Varicella","UTD (or disease history)","","","","","","","","",""
"8256","Varicella","UTD (or disease history)","","","","","","","","",""
"8257","Varicella","UTD (or disease history)","","","","","","","","",""
"8258","Varicella","UTD (or disease history)","","","","","","","","",""
"8259","Varicella","UTD (or disease history)","","","","","","","","",""
"8260","Varicella","UTD (or disease history)","","","","","","","","",""
"8261","Varicella","UTD (or disease history)","","","","","","","","",""
"8262","Varicella","UTD (or disease history)","","","","","","","","",""
"8263","Varicella","UTD (or disease history)","","","","","","","","",""
"8264","Varicella","UTD (or disease history)","","","","","","","","",""
"8265","Varicella","UTD (or disease history)","","","","","","","","",""
"8266","Varicella","UTD (or disease history)","","","","","","","","",""
"8267","Polio","","States","Illinois","2025-26","92.1","128598","99.8","NULL","NULL","Census"
"8268","Polio","","States","New Jersey","2025-26","92.5","101602","92.3",">=. �","NULL","Census"
"8269","Polio","","States","Pennsylvania","2025-26","92.6","134313","95.7","NULL","NULL","Census (pub.), vol. response (prv.)"
"8270","Polio","","States","Vermont","2025-26","93","5298","100","*","NULL","Census"
"8271","Polio","","States","Texas","2025-26","93.1","358586","98.3","�. �","NULL","Census (pub.), vol. response (prv.)"
"8272","Exemption","Medical Exemption","States","Oregon","2021-22","0.1","41538","100","||","43","Census"
"8273","Exemption","Medical Exemption","States","Arkansas","2021-22","0","39358","96.3","NULL","12","Census (pub.), vol. response (pvt.)"
"8274","Exemption","Medical Exemption","States","District of Columbia","2021-22","0","8959","100","†","4","Census"
"8275","Exemption","Medical Exemption","States","Oklahoma","2021-22","0.2","54042","84.3","NULL","86","Vol. response"
"8276","Exemption","Medical Exemption","States","Ohio","2021-22","0.2","139077","91.9","||","279","Census (pub.), vol. response (pvt.)"
"8277","MMR (PAC)","MMR (PAC)","States","Alabama","2023-24","97.8","NULL","NULL","NULL","NULL","NULL"
"8278","MMR (PAC)","MMR (PAC)","States","Maryland","2023-24","97.8","NULL","NULL","NULL","NULL","NULL"
"8279","MMR (PAC)","MMR (PAC)","States","District of Columbia","2023-24","97.9","NULL","NULL","NULL","NULL","NULL"
"8280","MMR (PAC)","MMR (PAC)","States","Vermont","2024-25","96.6","5432","100","NULL","NULL","Census"
"8281","MMR (PAC)","MMR (PAC)","States","Nebraska","2024-25","96.8","24102","100","NULL","NULL","Census"
"8282","MMR (PAC)","MMR (PAC)","States","Louisiana","2024-25","96.9","49229","100","NULL","NULL","Census"
"8283","MMR (PAC)","MMR (PAC)","States","North Carolina","2024-25","96.9","124028","91","NULL","NULL","Census (pub.), vol. response (prv.)"
"8284","MMR (PAC)","MMR (PAC)","States","Illinois","2024-25","97.3","132769","99.5","NULL","NULL","Census"
"8285","Polio","","States","California","2012-13","92.6","535523","99","‡","NULL","Census"
"8286","Polio","","States","Florida","2012-13","92.1","234628","100","≥. *. §","NULL","Census"
"8287","Polio","","States","Washington","2012-13","91.4","87773","94.7","NULL","NULL","Census"
"8288","MMR (PAC)","MMR (PAC)","States","Delaware","2024-25","97.4","10393","14.2","NULL","NULL","2-stage cluster sample (pub.), nonrandom 2-stage cluster sample (prv.)"
"8289","MMR (PAC)","MMR (PAC)","States","Hawaii","2024-25","94.5","13804","10.5","NULL","NULL","Stratified 2-stage cluster sample"
"8290","MMR (PAC)","MMR (PAC)","States","Minnesota","2024-25","94.1","64898","99.7","NULL","NULL","Census"
"8291","MMR (PAC)","MMR (PAC)","States","Pennsylvania","2024-25","94","140160","95.3","NULL","NULL","Census (pub.), vol. response (prv.)"
"8292","MMR (PAC)","MMR (PAC)","States","Arkansas","2024-25","96.5","37570","96.4","NULL","NULL","Census (pub.), vol. response (prv.)"
"8293","MMR (PAC)","MMR (PAC)","States","Kansas","2024-25","96.4","33892","29.2","NULL","NULL","Stratified 2-stage cluster sample"
"8294","MMR (PAC)","MMR (PAC)","States","Tennessee","2024-25","96.2","78299","96.7","NULL","NULL","Census"
"8295","MMR (PAC)","MMR (PAC)","States","Iowa","2024-25","96.1","38268","100","NULL","NULL","Census"
"8296","MMR (PAC)","MMR (PAC)","States","Washington","2024-25","96","76756","97.9","NULL","NULL","Census"
"8297","MMR (PAC)","MMR (PAC)","States","California","2024-25","99.9","590849","100","NULL","NULL","Census"
"8298","MMR (PAC)","MMR (PAC)","States","New York","2024-25","99.9","234054","85.1","NULL","NULL","Vol. response"
"8299","MMR (PAC)","MMR (PAC)","States","NY-City of New York","2024-25","99.9","85986","96.9","NULL","NULL","Census (pub.), vol. response (prv.)"
"8300","MMR (PAC)","MMR (PAC)","States","Connecticut","2024-25","99.6","30112","100","NULL","NULL","Census"
"8301","MMR (PAC)","MMR (PAC)","States","Maine","2024-25","99.4","11761","95.4","NULL","NULL","Census"
"8302","MMR (PAC)","MMR (PAC)","States","Mississippi","2024-25","98.8","35293","100","NULL","NULL","Census"
"8303","MMR (PAC)","MMR (PAC)","States","Massachusetts","2024-25","98.7","65581","100","NULL","NULL","Census"
"8304","MMR (PAC)","MMR (PAC)","States","Rhode Island","2024-25","98.2","10088","96.7","NULL","NULL","Census"
"8305","MMR (PAC)","MMR (PAC)","States","New Mexico","2024-25","98","20180","100","NULL","NULL","Census"
"8306","MMR (PAC)","MMR (PAC)","States","Kentucky","2024-25","98","51319","100","NULL","NULL","Census"
"8307","MMR (PAC)","MMR (PAC)","States","TX-City of Houston","2024-25","97.9","36981","98.8","NULL","NULL","Census (pub.), vol. response (prv.)"
"8308","MMR (PAC)","MMR (PAC)","States","Maryland","2024-25","97.8","66135","95.6","NULL","NULL","Census (pub.), vol. response (prv.)"
"8309","MMR (PAC)","MMR (PAC)","States","Alabama","2024-25","97.7","53589","99.9","NULL","NULL","Census"
"8310","MMR (PAC)","MMR (PAC)","States","District of Columbia","2024-25","97.6","7997","100","NULL","NULL","Census"
"8311","MMR (PAC)","MMR (PAC)","States","Indiana","2024-25","97.4","73744","92.7","NULL","NULL","Census (pub.), vol. response (prv.)"
"8312","Exemption","Any Exemption","States","New Jersey","2013-14","1.6","123085","NULL","†","2003","Census"
"8313","Exemption","Any Exemption","States","Oregon","2013-14","7.1","47649","NULL","†","3393","Census"
"8314","Hepatitis B","","States","Nevada","2016-17","95.7","36885","3.7","NULL","NULL","Stratified 2-stage cluster sample"
"8315","Hepatitis B","","States","North Dakota","2016-17","95.6","9799","98.7","NULL","NULL","Census"
"8316","Hepatitis B","","States","Wisconsin","2016-17","95.5","67607","2.2","†.‡.§","NULL","Stratified 2-stage cluster sample"
"8317","Hepatitis B","","States","Minnesota","2016-17","95.4","69140","96.7","§","NULL","Census"
"8318","Hepatitis B","","States","New Mexico","2016-17","95.4","27119","4.5","NULL","NULL","Stratified 2-stage cluster sample"
"8319","Hepatitis B","","States","Arizona","2016-17","95.3","83627","100","*","NULL","Census"
"8320","Hepatitis B","","States","Ohio","2016-17","95.2","137542","95.5","NULL","NULL","Census"
"8321","Hepatitis B","","States","Utah","2016-17","94.8","49073","100","*","NULL","Census"
"8322","Hepatitis B","","States","South Dakota","2016-17","94.5","12106","99.8","††","NULL","Census"
"8323","Hepatitis B","","States","Vermont","2016-17","94.4","6344","100","*","NULL","Census"
"8324","Hepatitis B","","States","Florida","2016-17","94.1","224463","100","≥.*.§","NULL","Census"
"8325","Hepatitis B","","States","Virginia","2016-17","93.9","102357","4","†","NULL","Stratified 2-stage cluster sample"
"8326","Hepatitis B","","States","Arkansas","2016-17","93.8","39666","75.9","‡","NULL","Voluntary response"
"8327","Varicella","UTD (or disease history)","","","","","","","","",""
"8328","Varicella","UTD (or disease history)","","","","","","","","",""
"8329","Hepatitis B","","States","Oregon","2016-17","93.7","45705","100","*.‡","NULL","Census"
"8330","Exemption","Medical Exemption","States","Ohio","2020-21","0.2","128535","91.1","||","253","Census (public). voluntary response (private)"
"8331","Exemption","Medical Exemption","States","Oklahoma","2020-21","0.2","52656","90","NULL","87","Census (public). voluntary response (private)"
"8332","Exemption","Medical Exemption","States","South Carolina","2020-21","0.2","56330","26.5","†","92","Stratified 1-stage cluster sample"
"8333","Exemption","Medical Exemption","States","Wyoming","2021-22","0.2","7382","100","†","15","Census"
"8334","Exemption","Medical Exemption","States","Texas","2021-22","0.2","389037","99.3","||","849","Census"
"8335","Exemption","Medical Exemption","States","South Carolina","2021-22","0.2","58276","100","†","124","Census"
"8336","Exemption","Medical Exemption","States","Indiana","2021-22","0.2","83198","75.1","†","141","Vol. response"
"8337","Exemption","Medical Exemption","States","Kentucky","2021-22","0.2","59233","91.5","†","95","Census"
"8338","Exemption","Medical Exemption","States","Kansas","2021-22","0.2","36526","79.4","†","80","Census"
"8339","Exemption","Medical Exemption","States","Alabama","2021-22","0.2","60332","100","†","93","Census"
"8340","Exemption","Medical Exemption","States","Georgia","2021-22","0.2","118742","100","†","204","Census"
"8341","Exemption","Medical Exemption","States","Massachusetts","2021-22","0.2","65582","100","†","116","Census"
"8342","Exemption","Medical Exemption","States","Hawaii","2021-22","0.1","13368","6.7","†","7","Stratified 2-stage cluster sample"
"8343","Exemption","Medical Exemption","States","Iowa","2021-22","0.1","40111","100","†","49","Census"
"8344","Exemption","Medical Exemption","States","Delaware","2021-22","0.1","11181","9.5","†","9","Stratified 2-stage cluster sample"
"8345","Exemption","Medical Exemption","States","Colorado","2021-22","0.1","66900","97.5",">=. §. ||","87","Census"
"8346","Exemption","Medical Exemption","States","Vermont","2021-22","0.1","6126","100","†","6","Census"
"8347","Exemption","Medical Exemption","States","TX-City of Houston","2021-22","0.1","40123","99.3","||","54","Census"
"8348","Exemption","Medical Exemption","States","Rhode Island","2021-22","0.1","11002","96.9","†","10","Census"
"8349","Exemption","Medical Exemption","States","South Dakota","2021-22","0.1","12251","100","†","18","Census"
"8350","Exemption","Medical Exemption","States","Tennessee","2021-22","0.1","79120","100","†","93","Census"
"8351","Exemption","Medical Exemption","States","West Virginia","2021-22","0.1","18070","85.5","†. ‡","17","Vol. response"
"8352","Exemption","Medical Exemption","States","Minnesota","2021-22","0.1","69403","98.7",">=. §. ||","93","Census"
"8353","Exemption","Medical Exemption","States","Mississippi","2021-22","0.1","36524","100","†. ‡","52","Census"
"8354","Exemption","Medical Exemption","States","New Jersey","2021-22","0.1","104240","100","†","146","Census"
"8355","Exemption","Medical Exemption","States","New York","2021-22","0.1","195377","99.3","†. ‡","241","Census"
"8356","Exemption","Medical Exemption","States","NY-City of New York","2021-22","0.1","82938","99.8","†. ‡","47","Census"
"8357","Exemption","Medical Exemption","States","North Carolina","2021-22","0.1","118191","78.5","†","99","Vol. response"
"8358","MMR (PAC)","MMR (PAC)","States","Oregon","2025-26","90.6","37309","100","NULL","NULL","Census"
"8359","MMR (PAC)","MMR (PAC)","States","Alaska","2025-26","91.8","8253","60.9","NULL","NULL","Vol. response (public), not conducted (private)"
"8360","MMR (PAC)","MMR (PAC)","States","Nevada","2025-26","92.1","32815","93.6","NULL","NULL","Census (pub.), vol. response (prv.)"
"8361","MMR (PAC)","MMR (PAC)","States","Wisconsin","2025-26","92.3","59360","96.6","NULL","NULL","Census (pub.), vol. response (prv.)"
"8362","MMR (PAC)","MMR (PAC)","States","North Dakota","2025-26","92.5","9344","98.6","NULL","NULL","Census"
"8363","MMR (PAC)","MMR (PAC)","States","NY-City of New York","2025-26","100","82534","98.1","NULL","NULL","Census"
"8364","MMR (PAC)","MMR (PAC)","States","New York","2025-26","99.9","203514","95.8","NULL","NULL","Census (pub.), vol. response (prv.)"
"8365","MMR (PAC)","MMR (PAC)","States","California","2025-26","99.9","614405","100","NULL","NULL","Census"
"8366","Varicella","1 Dose (or disease history)","States","Nebraska","2024-25","NReq","24102","100","*. ‡","NULL","Census"
"8367","Varicella","1 Dose (or disease history)","States","Nevada","2024-25","NReq","33272","92.6","NULL","NULL","Census (pub.), vol. response (prv.)"
"8368","MMR (PAC)","MMR (PAC)","States","Oklahoma","2025-26","93","47844","90.7","NULL","NULL","Census (pub.), vol. response (prv.)"
"8369","Exemption","Medical Exemption","National","U.S. Median","2010-11",NA,"NULL","NULL","NULL","NULL","NaN"
"8370","Varicella","1 Dose (or disease history)","States","New Hampshire","2024-25","NReq","11713","100",">=. *. §","NULL","Census"
"8371","Varicella","1 Dose (or disease history)","States","New Mexico","2024-25","NReq","20180","100","*","NULL","Census"
"8372","MMR (PAC)","MMR (PAC)","States","Virginia","2024-25","97.3","91453","1.7","NULL","NULL","Stratified 2-stage cluster sample"
"8373","MMR (PAC)","MMR (PAC)","States","Idaho","2025-26","83.4","21728","100","NULL","NULL","Census"
"8374","Varicella","1 Dose (or disease history)","States","New York","2024-25","NReq","234054","85.1","NULL","NULL","Vol. response"
"8375","Varicella","1 Dose (or disease history)","States","NY-City of New York","2024-25","NReq","85986","96.9","NULL","NULL","Census (pub.), vol. response (prv.)"
"8376","Varicella","1 Dose (or disease history)","States","North Carolina","2024-25","NReq","124028","91","§","NULL","Census (pub.), vol. response (prv.)"
"8377","Varicella","1 Dose (or disease history)","States","North Dakota","2024-25","NReq","9659","98.8","NULL","NULL","Census"
"8378","Varicella","1 Dose (or disease history)","States","Connecticut","2024-25","NReq","30112","100","*","NULL","Census"
"8379","Varicella","1 Dose (or disease history)","States","Colorado","2024-25","NReq","60055","100","*. §","NULL","Census"
"8380","Varicella","1 Dose (or disease history)","States","California","2024-25","NReq","590849","100","*. ‡","NULL","Census"
"8381","Varicella","1 Dose (or disease history)","States","Wisconsin","2024-25","NReq","61120","95.7","‡. §","NULL","Census (pub.), vol. response (prv.)"
"8382","Varicella","1 Dose (or disease history)","States","Washington","2024-25","NReq","76756","97.9","NULL","NULL","Census"
"8383","Varicella","1 Dose (or disease history)","States","Virginia","2024-25","NReq","91453","1.7","†","NULL","Stratified 2-stage cluster sample"
"8384","Varicella","1 Dose (or disease history)","States","Vermont","2024-25","NReq","5432","100","*","NULL","Census"
"8385","Varicella","1 Dose (or disease history)","States","Pennsylvania","2024-25","NReq","140160","95.3","NULL","NULL","Census (pub.), vol. response (prv.)"
"8386","Varicella","1 Dose (or disease history)","States","Rhode Island","2024-25","NReq","10088","96.7","‡. §","NULL","Census"
"8387","Varicella","1 Dose (or disease history)","States","South Carolina","2024-25","NReq","57718","34.3","†","NULL","Stratified 1-stage cluster sample"
"8388","Varicella","1 Dose (or disease history)","States","South Dakota","2024-25","NReq","11367","99.3","§","NULL","Census"
"8389","Hepatitis B","","States","Maryland","2016-17","98.1","71467","98.1","‡","NULL","Census"
"8390","Hepatitis B","","States","New York","2016-17","98","227050","100","*","NULL","Census"
"8391","Hepatitis B","","States","Texas","2016-17","97.9","389999","99","‡.§","NULL","Census"
"8392","Hepatitis B","","States","California","2016-17","97.8","575305","97.8","‡","NULL","Census"
"8393","Hepatitis B","","States","Rhode Island","2016-17","97.6","11100","98.4","‡.§","NULL","Census"
"8394","Hepatitis B","","States","Massachusetts","2016-17","97.5","70109","100","*.‡","NULL","Census"
"8395","Hepatitis B","","States","Nebraska","2016-17","97.4","27117","100","*.‡.‡‡","NULL","Census"
"8396","Hepatitis B","","States","Tennessee","2016-17","97.3","78169","100","*.§","NULL","Census"
"8397","Hepatitis B","","States","Connecticut","2016-17","97.1","39002","100","*","NULL","Census"
"8398","Hepatitis B","","States","Pennsylvania","2016-17","96.7","143888","84.4","NULL","NULL","Voluntary response"
"8399","Hepatitis B","","States","Kansas","2016-17","96.7","38298","22.9","†.‡.§","NULL","Stratified 2-stage cluster sample"
"8400","Hepatitis B","","States","Michigan","2016-17","96.7","118777","100","*","NULL","Census"
"8401","Hepatitis B","","States","North Carolina","2016-17","96.6","126454","88.2","‡.§","NULL","Voluntary response"
"8402","Hepatitis B","","States","New Jersey","2016-17","96.5","109577","100","≥.*","NULL","Census"
"8403","Hepatitis B","","States","South Carolina","2016-17","96.4","59177","8.9","NULL","NULL","Stratified 1-stage cluster sample"
"8404","Hepatitis B","","States","Missouri","2016-17","96.4","73355","100","*","NULL","Census"
"8405","MMR (PAC)","MMR (PAC)","States","Washington","2025-26","95.5","75631","99.1","NULL","NULL","Census"
"8406","MMR (PAC)","MMR (PAC)","States","Arkansas","2025-26","95.6","35543","96.7","NULL","NULL","Census (pub.), vol. response (prv.)"
"8407","MMR (PAC)","MMR (PAC)","States","Nebraska","2025-26","95.9","23807","100","NULL","NULL","Census"
"8408","MMR (PAC)","MMR (PAC)","States","Louisiana","2025-26","96","50223","100","NULL","NULL","Census"
"8409","MMR (PAC)","MMR (PAC)","States","North Carolina","2025-26","96.2","120045","90.1","NULL","NULL","Census (pub.), vol. response (prv.)"
"8410","MMR (PAC)","MMR (PAC)","States","Indiana","2025-26","96.2","70886","87.1","NULL","NULL","Vol. response"
"8411","MMR (PAC)","MMR (PAC)","States","Illinois","2025-26","96.7","128598","99.8","NULL","NULL","Census"
"8412","MMR (PAC)","MMR (PAC)","States","Georgia","2025-26","94.9","118864","100","NULL","NULL","Census"
"8413","MMR (PAC)","MMR (PAC)","States","New Hampshire","2025-26","94.6","11544","100","NULL","NULL","Census"
"8414","MMR (PAC)","MMR (PAC)","States","Florida","2025-26","94.1","213535","100","NULL","NULL","Census"
"8415","MMR (PAC)","MMR (PAC)","States","Hawaii","2025-26","94","13791","11.7","NULL","NULL","Stratified 2-stage cluster sample"
"8416","MMR (PAC)","MMR (PAC)","States","Pennsylvania","2025-26","94","134313","95.7","NULL","NULL","Census (pub.), vol. response (prv.)"
"8417","MMR (PAC)","MMR (PAC)","States","Missouri","2025-26","93.7","66610","100","NULL","NULL","Census"
"8418","MMR (PAC)","MMR (PAC)","States","Michigan","2025-26","93.1","104614","100","NULL","NULL","Census"
"8419","MMR (PAC)","MMR (PAC)","States","Minnesota","2025-26","93.1","63451","99.9","NULL","NULL","Census"
"8420","MMR (PAC)","MMR (PAC)","States","South Dakota","2025-26","93.1","11009","100","NULL","NULL","Census"
"8421","MMR (PAC)","MMR (PAC)","States","Wyoming","2025-26","93.1","6146","100","NULL","NULL","Census"
"8422","Hepatitis B","","National","United States","2012-13","95.7","NULL","NULL","NULL","NULL","NaN"
"8423","Hepatitis B","","National","U.S. Median","2012-13","95.8","NULL","NULL","NULL","NULL","NaN"
"8424","Varicella","1 Dose (or disease history)","National","U.S. Median","2025-26","92.7","3692432","96","NULL","NULL","NULL"
"8425","Varicella","1 Dose (or disease history)","National","U.S. Median","2024-25","93.4","51319","99.5","NULL","NULL","NULL"
"8426","Varicella","1 Dose (or disease history)","National","United States","2024-25","94","3785644","92.7","NULL","NULL","NULL"
"8427","Varicella","2 Doses (or disease history)","National","United States","2012-13","93.2","NULL","NULL","NULL","NULL","NaN"
"8428","Varicella","2 Doses (or disease history)","National","U.S. Median","2012-13","93.9","NULL","NULL","NULL","NULL","NaN"
"8429","Varicella","2 Doses (or disease history)","National","U.S. Median","2010-11",NA,"NULL","NULL","NULL","NULL","NaN"
"8430","Varicella","2 Doses (or disease history)","National","United States","2010-11",NA,"NULL","NULL","NULL","NULL","NaN"
"8431","Varicella","2 Doses (or disease history)","National","U.S. Median","2011-12","92.7","NULL","NULL","NULL","NULL","NaN"
"8432","Varicella","2 Doses (or disease history)","National","United States","2011-12","93.7","NULL","NULL","NULL","NULL","NaN"
"8433","Varicella","2 Doses (or disease history)","National","U.S. Median","2009-10","90.3","NULL","NULL","NULL","NULL","NaN"
"8434","Varicella","2 Doses (or disease history)","National","United States","2009-10","93.9","NULL","NULL","NULL","NULL","NaN"
"8435","Varicella","1 Dose (or disease history)","National","United States","2025-26","93.4","3692432","96","NULL","NULL","NULL"
"8436","DTP, DTaP, or DT","","National","United States","2014-15","94.3","NULL","NULL","NULL","NULL","NaN"
"8437","DTP, DTaP, or DT","","National","U.S. Median","2013-14","95","NULL","NULL","NULL","NULL","NaN"
"8438","DTP, DTaP, or DT","","National","U.S. Median","2014-15","94.3","NULL","NULL","NULL","NULL","NaN"
"8439","Varicella","2 Doses (or disease history)","National","U.S. Median","2020-21","93.3","3158469","90.6","NULL","NULL","NULL"
"8440","Varicella","2 Doses (or disease history)","National","United States","2020-21","93.5","3158469","90.6","NULL","NULL","NULL"
"8441","Varicella","2 Doses (or disease history)","National","U.S. Median","2019-20","94.3","NULL","NULL","NULL","NULL","NaN"
"8442","Varicella","2 Doses (or disease history)","National","United States","2019-20","94.8","NULL","NULL","NULL","NULL","NaN"
"8443","Varicella","2 Doses (or disease history)","National","United States","2018-19","94.3","NULL","NULL","NULL","NULL","NaN"
"8444","Varicella","2 Doses (or disease history)","National","U.S. Median","2018-19","93.8","NULL","NULL","NULL","NULL","NaN"
"8445","Varicella","2 Doses (or disease history)","National","United States","2017-18","94.4","NULL","NULL","NULL","NULL","NaN"
"8446","Varicella","2 Doses (or disease history)","National","U.S. Median","2017-18","93.9","NULL","NULL","NULL","NULL","NaN"
"8447","Varicella","2 Doses (or disease history)","National","United States","2016-17","94.2","NULL","NULL","NULL","NULL","NaN"
"8448","Varicella","2 Doses (or disease history)","National","U.S. Median","2016-17","94.1","NULL","NULL","NULL","NULL","NaN"
"8449","Varicella","2 Doses (or disease history)","National","United States","2015-16","94.3","NULL","NULL","NULL","NULL","NaN"
"8450","Varicella","2 Doses (or disease history)","National","U.S. Median","2015-16","94.4","NULL","NULL","NULL","NULL","NaN"
"8451","Varicella","2 Doses (or disease history)","National","United States","2013-14","92.8","NULL","NULL","NULL","NULL","NaN"
"8452","Varicella","2 Doses (or disease history)","National","U.S. Median","2013-14","93.3","NULL","NULL","NULL","NULL","NaN"
"8453","Varicella","2 Doses (or disease history)","National","United States","2014-15","93.8","NULL","NULL","NULL","NULL","NaN"
"8454","Varicella","2 Doses (or disease history)","National","U.S. Median","2014-15","93.9","NULL","NULL","NULL","NULL","NaN"
"8455","Polio","","National","United States","2013-14","94.4","NULL","NULL","NULL","NULL","NaN"
"8456","MMR","","National","U.S. Median","2017-18","94.3","NULL","NULL","NULL","NULL","NaN"
"8457","MMR","","National","U.S. Median","2015-16","94.6","NULL","NULL","NULL","NULL","NaN"
"8458","MMR","","National","United States","2015-16","94.7","NULL","NULL","NULL","NULL","NaN"
"8459","MMR","","National","U.S. Median","2016-17","94.1","NULL","NULL","NULL","NULL","NaN"
"8460","MMR","","National","United States","2011-12","94.7","NULL","NULL","NULL","NULL","NaN"
"8461","MMR","","National","U.S. Median","2014-15","94","NULL","NULL","NULL","NULL","NaN"
"8462","MMR","","National","United States","2014-15","94","NULL","NULL","NULL","NULL","NaN"
"8463","MMR","","National","U.S. Median","2012-13","94.5","NULL","NULL","NULL","NULL","NaN"
"8464","MMR","","National","U.S. Median","2013-14","94.7","NULL","NULL","NULL","NULL","NaN"
"8465","MMR","","National","United States","2012-13","94.1","NULL","NULL","NULL","NULL","NaN"
"8466","MMR","","National","United States","2013-14","94","NULL","NULL","NULL","NULL","NaN"
"8467","MMR","","National","U.S. Median","2011-12","94.8","NULL","NULL","NULL","NULL","NaN"
"8468","MMR","","National","United States","2009-10","94.4","NULL","NULL","NULL","NULL","NaN"
"8469","MMR","","National","United States","2010-11",NA,"NULL","NULL","NULL","NULL","NaN"
"8470","MMR","","National","U.S. Median","2010-11",NA,"NULL","NULL","NULL","NULL","NaN"
"8471","MMR","","National","U.S. Median","2009-10","94.5","NULL","NULL","NULL","NULL","NaN"
"8472","Varicella","1 Dose (or disease history)","National","United States","2009-10","96.4","NULL","NULL","NULL","NULL","NaN"
"8473","Varicella","1 Dose (or disease history)","National","U.S. Median","2009-10","97.4","NULL","NULL","NULL","NULL","NaN"
"8474","DTP, DTaP, or DT","","National","U.S. Median","2025-26","90.8","3692432","96","NULL","NULL","NULL"
"8475","DTP, DTaP, or DT","","National","United States","2025-26","92","3692432","96","NULL","NULL","NULL"
"8476","DTP, DTaP, or DT","","National","United States","2024-25","92.1","3785644","92.7","NULL","NULL","NULL"
"8477","DTP, DTaP, or DT","","National","U.S. Median","2024-25","91.2","51319","99.5","NULL","NULL","NULL"
"8478","DTP, DTaP, or DT","","National","United States","2023-24","92.3","3823506","93.1","NULL","NULL","NULL"
"8479","DTP, DTaP, or DT","","National","U.S. Median","2023-24","91.7","3823506","93.1","NULL","NULL","NULL"
"8480","DTP, DTaP, or DT","","National","U.S. Median","2022-23","91.9","3832381","92.9","NULL","NULL","NULL"
"8481","DTP, DTaP, or DT","","National","United States","2021-22","92.7","3835130","92.2","NULL","NULL","NULL"
"8482","DTP, DTaP, or DT","","National","U.S. Median","2021-22","92","3835130","92.2","NULL","NULL","NULL"
"8483","DTP, DTaP, or DT","","National","United States","2022-23","92.7","3832381","92.9","NULL","NULL","NULL"
"8484","DTP, DTaP, or DT","","National","United States","2020-21","93.6","3510744","90.8","NULL","NULL","NULL"
"8485","DTP, DTaP, or DT","","National","U.S. Median","2020-21","93.4","3510744","90.8","NULL","NULL","NULL"
"8486","DTP, DTaP, or DT","","National","U.S. Median","2019-20","94.4","NULL","NULL","NULL","NULL","NaN"
"8487","DTP, DTaP, or DT","","National","United States","2019-20","94.9","NULL","NULL","NULL","NULL","NaN"
"8488","DTP, DTaP, or DT","","National","U.S. Median","2018-19","94.6","NULL","NULL","NULL","NULL","NaN"
"8489","DTP, DTaP, or DT","","National","United States","2017-18","95.2","NULL","NULL","NULL","NULL","NaN"
"8490","DTP, DTaP, or DT","","National","United States","2018-19","94.9","NULL","NULL","NULL","NULL","NaN"
"8491","DTP, DTaP, or DT","","National","U.S. Median","2017-18","95.3","NULL","NULL","NULL","NULL","NaN"
"8492","DTP, DTaP, or DT","","National","United States","2015-16","94.7","NULL","NULL","NULL","NULL","NaN"
"8493","DTP, DTaP, or DT","","National","U.S. Median","2015-16","94.2","NULL","NULL","NULL","NULL","NaN"
"8494","DTP, DTaP, or DT","","National","U.S. Median","2016-17","94.8","NULL","NULL","NULL","NULL","NaN"
"8495","DTP, DTaP, or DT","","National","United States","2016-17","95.2","NULL","NULL","NULL","NULL","NaN"
"8496","MMR","","National","U.S. Median","2023-24","92","3823506","93.1","NULL","NULL","NULL"
"8497","MMR","","National","U.S. Median","2024-25","91.3","51319","99.5","NULL","NULL","NULL"
"8498","MMR","","National","United States","2022-23","93.1","3832381","92.9","NULL","NULL","NULL"
"8499","MMR","","National","U.S. Median","2022-23","92.1","3832381","92.9","NULL","NULL","NULL"
"8500","MMR","","National","United States","2021-22","93","3835130","92.2","NULL","NULL","NULL"
"8501","MMR","","National","U.S. Median","2021-22","92.9","3835130","92.2","NULL","NULL","NULL"
"8502","MMR","","National","United States","2019-20","95.2","NULL","NULL","NULL","NULL","NaN"
"8503","MMR","","National","U.S. Median","2019-20","94.6","NULL","NULL","NULL","NULL","NaN"
"8504","MMR","","National","U.S. Median","2018-19","94.2","NULL","NULL","NULL","NULL","NaN"
"8505","MMR","","National","United States","2018-19","94.7","NULL","NULL","NULL","NULL","NaN"
"8506","MMR","","National","United States","2017-18","95","NULL","NULL","NULL","NULL","NaN"
"8507","MMR","","National","United States","2020-21","93.9","3510744","90.8","NULL","NULL","NULL"
"8508","MMR","","National","U.S. Median","2020-21","93.7","3510744","90","NULL","NULL","NULL"
"8509","Exemption","Non-Medical Exemption","National","U.S. Median","2016-17","1.9","NULL","NULL","NULL","NULL","NaN"
"8510","Exemption","Non-Medical Exemption","National","United States","2016-17","1.8","NULL","NULL","NULL","NULL","NaN"
"8511","Exemption","Non-Medical Exemption","National","U.S. Median","2017-18","2","NULL","NULL","NULL","NULL","NaN"
"8512","Exemption","Non-Medical Exemption","National","United States","2017-18","1.9","NULL","NULL","NULL","NULL","NaN"
"8513","Exemption","Non-Medical Exemption","National","U.S. Median","2015-16","1.7","NULL","NULL","NULL","NULL","NaN"
"8514","Exemption","Non-Medical Exemption","National","United States","2015-16","1.9","NULL","NULL","NULL","NULL","NaN"
"8515","Exemption","Non-Medical Exemption","National","United States","2014-15","2","NULL","NULL","NULL","NULL","NaN"
"8516","Exemption","Non-Medical Exemption","National","U.S. Median","2014-15","1.6","NULL","NULL","NULL","NULL","NaN"
"8517","Exemption","Non-Medical Exemption","National","United States","2012-13","1.7","NULL","NULL","NULL","NULL","NaN"
"8518","Exemption","Non-Medical Exemption","National","U.S. Median","2012-13","1.5","NULL","NULL","NULL","NULL","NaN"
"8519","Exemption","Non-Medical Exemption","National","U.S. Median","2010-11",NA,"NULL","NULL","NULL","NULL","NaN"
"8520","Exemption","Non-Medical Exemption","National","United States","2013-14","2","NULL","NULL","NULL","NULL","NaN"
"8521","Exemption","Non-Medical Exemption","National","U.S. Median","2013-14","1.6","NULL","NULL","NULL","NULL","NaN"
"8522","Exemption","Non-Medical Exemption","National","United States","2011-12","1.4","NULL","NULL","NULL","NULL","NaN"
"8523","Exemption","Non-Medical Exemption","National","United States","2009-10","1.5","NULL","NULL","NULL","NULL","NaN"
"8524","Exemption","Medical Exemption","National","United States","2025-26","0.2","3725852","97","NULL","7737","NULL"
"8525","Exemption","Medical Exemption","National","U.S. Median","2025-26","0.2","3725852","97","NULL","103","NULL"
"8526","Exemption","Non-Medical Exemption","National","U.S. Median","2011-12","1","NULL","NULL","NULL","NULL","NaN"
"8527","Exemption","Medical Exemption","National","United States","2024-25","0.2","3785644","96.5","NULL","7978","NULL"
"8528","Exemption","Medical Exemption","National","U.S. Median","2024-25","0.2","49229","99.7","NULL","97","NULL"
"8529","Exemption","Non-Medical Exemption","National","U.S. Median","2009-10","0.8","NULL","NULL","NULL","NULL","NaN"
"8530","Exemption","Medical Exemption","National","U.S. Median","2023-24","0.2","3823506","97","NULL","108","NULL"
"8531","Exemption","Medical Exemption","National","United States","2023-24","0.2","3823506","97","NULL","8154","NULL"
"8532","Exemption","Medical Exemption","National","United States","2022-23","0.2","3832381","96.9","NULL","8761","NULL"
"8533","Exemption","Medical Exemption","National","U.S. Median","2022-23","0.2","3832381","96.9","NULL","113","NULL"
"8534","Polio","","National","U.S. Median","2013-14","94.9","NULL","NULL","NULL","NULL","NaN"
"8535","Polio","","National","U.S. Median","2015-16","94.8","NULL","NULL","NULL","NULL","NaN"
"8536","Polio","","National","United States","2014-15","94.4","NULL","NULL","NULL","NULL","NaN"
"8537","Polio","","National","U.S. Median","2014-15","94.8","NULL","NULL","NULL","NULL","NaN"
"8538","Polio","","National","United States","2015-16","94.7","NULL","NULL","NULL","NULL","NaN"
"8539","MMR","","National","United States","2016-17","95","NULL","NULL","NULL","NULL","NaN"
"8540","Exemption","Non-Medical Exemption","National","United States","2019-20","2.2","NULL","NULL","NULL","NULL","NaN"
"8541","Hepatitis B","","National","United States","2017-18","96.1","NULL","NULL","NULL","NULL","NaN"
"8542","Exemption","Non-Medical Exemption","National","United States","2018-19","2.2","NULL","NULL","NULL","NULL","NaN"
"8543","Exemption","Non-Medical Exemption","National","U.S. Median","2018-19","2.5","NULL","NULL","NULL","NULL","NaN"
"8544","Exemption","Any Exemption","National","United States","2025-26","4.2","3725852","97","NULL","157029","NULL"
"8545","MMR (PAC)","MMR (PAC)","National","U.S. Median","2025-26","95.2","3692432","96","NULL","NULL","NULL"
"8546","Exemption","Any Exemption","National","U.S. Median","2024-25","4.1","49229","99.7","NULL","1519","NULL"
"8547","Exemption","Any Exemption","National","U.S. Median","2025-26","4.8","3725852","97","NULL","1926","NULL"
"8548","Exemption","Any Exemption","National","United States","2024-25","3.6","3785644","96.5","NULL","137634","NULL"
"8549","Exemption","Any Exemption","National","U.S. Median","2023-24","3.7","3823506","97","NULL","1428","NULL"
"8550","Exemption","Any Exemption","National","United States","2023-24","3.3","3823506","97","NULL","127591","NULL"
"8551","Exemption","Any Exemption","National","U.S. Median","2022-23","3.3","3832381","96.9","NULL","1204","NULL"
"8552","Exemption","Any Exemption","National","U.S. Median","2021-22","2.7","3835130","96.1","NULL","981","NULL"
"8553","Exemption","Any Exemption","National","United States","2022-23","3","3832381","96.9","NULL","115575","NULL"
"8554","Exemption","Any Exemption","National","U.S. Median","2020-21","2.5","3520205","94.8","NULL","NULL","NULL"
"8555","Exemption","Any Exemption","National","United States","2021-22","2.6","3835130","96.1","NULL","98069","NULL"
"8556","Exemption","Any Exemption","National","U.S. Median","2019-20","2.7","NULL","NULL","NULL","NULL","NaN"
"8557","Exemption","Any Exemption","National","United States","2019-20","2.5","NULL","NULL","NULL","NULL","NaN"
"8558","Exemption","Any Exemption","National","U.S. Median","2018-19","2.6","NULL","NULL","NULL","NULL","NaN"
"8559","Exemption","Any Exemption","National","United States","2020-21","2.2","3520205","94.8","NULL","76888","NULL"
"8560","Exemption","Any Exemption","National","United States","2018-19","2.5","NULL","NULL","NULL","NULL","NaN"
"8561","Exemption","Any Exemption","National","United States","2017-18","2.3","NULL","NULL","NULL","NULL","NaN"
"8562","Exemption","Any Exemption","National","U.S. Median","2017-18","2.2","NULL","NULL","NULL","NULL","NaN"
"8563","Exemption","Any Exemption","National","United States","2015-16","2.1","NULL","NULL","NULL","NULL","NaN"
"8564","Exemption","Any Exemption","National","U.S. Median","2015-16","1.9","NULL","NULL","NULL","NULL","NaN"
"8565","Exemption","Any Exemption","National","United States","2016-17","2.1","NULL","NULL","NULL","NULL","NaN"
"8566","Exemption","Any Exemption","National","U.S. Median","2016-17","2","NULL","NULL","NULL","NULL","NaN"
"8567","Exemption","Any Exemption","National","U.S. Median","2014-15","1.8","NULL","NULL","NULL","NULL","NaN"
"8568","DTP, DTaP, or DT","","National","United States","2013-14","94.3","NULL","NULL","NULL","NULL","NaN"
"8569","Exemption","Any Exemption","National","U.S. Median","2013-14","1.8","NULL","NULL","NULL","NULL","NaN"
"8570","Exemption","Any Exemption","National","United States","2013-14","2.1","NULL","NULL","NULL","NULL","NaN"
"8571","Exemption","Any Exemption","National","United States","2014-15","2.2","NULL","NULL","NULL","NULL","NaN"
"8572","DTP, DTaP, or DT","","National","United States","2011-12","95","NULL","NULL","NULL","NULL","NaN"
"8573","DTP, DTaP, or DT","","National","U.S. Median","2011-12","95.5","NULL","NULL","NULL","NULL","NaN"
"8574","DTP, DTaP, or DT","","National","U.S. Median","2012-13","95.1","NULL","NULL","NULL","NULL","NaN"
"8575","DTP, DTaP, or DT","","National","United States","2012-13","94.6","NULL","NULL","NULL","NULL","NaN"
"8576","DTP, DTaP, or DT","","National","United States","2009-10","95","NULL","NULL","NULL","NULL","NaN"
"8577","DTP, DTaP, or DT","","National","United States","2010-11",NA,"NULL","NULL","NULL","NULL","NaN"
"8578","DTP, DTaP, or DT","","National","U.S. Median","2010-11",NA,"NULL","NULL","NULL","NULL","NaN"
"8579","DTP, DTaP, or DT","","National","U.S. Median","2009-10","96.1","NULL","NULL","NULL","NULL","NaN"
"8580","MMR","","National","United States","2024-25","92.5","3785644","92.7","NULL","NULL","NULL"
"8581","MMR","","National","United States","2025-26","92.4","3692432","96","NULL","NULL","NULL"
"8582","MMR","","National","U.S. Median","2025-26","91.5","3692432","96","NULL","NULL","NULL"
"8583","MMR","","National","United States","2023-24","92.7","3823506","93.1","NULL","NULL","NULL"
"8584","Polio","","National","United States","2016-17","95.2","NULL","NULL","NULL","NULL","NaN"
"8585","Polio","","National","United States","2011-12","95.3","NULL","NULL","NULL","NULL","NaN"
"8586","Polio","","National","U.S. Median","2011-12","95.9","NULL","NULL","NULL","NULL","NaN"
"8587","Exemption","Any Exemption","National","U.S. Median","2011-12","1.4","NULL","NULL","NULL","NULL","NaN"
"8588","Polio","","National","United States","2010-11",NA,"NULL","NULL","NULL","NULL","NaN"
"8589","Polio","","National","U.S. Median","2010-11",NA,"NULL","NULL","NULL","NULL","NaN"
"8590","Polio","","National","U.S. Median","2009-10","95.8","NULL","NULL","NULL","NULL","NaN"
"8591","Polio","","National","United States","2009-10","95.4","NULL","NULL","NULL","NULL","NaN"
"8592","Exemption","Any Exemption","National","U.S. Median","2012-13","1.8","NULL","NULL","NULL","NULL","NaN"
"8593","Exemption","Any Exemption","National","United States","2012-13","1.9","NULL","NULL","NULL","NULL","NaN"
"8594","Hepatitis B","","National","United States","2025-26","94","3692432","96","NULL","NULL","NULL"
"8595","Exemption","Any Exemption","National","U.S. Median","2010-11",NA,"NULL","NULL","NULL","NULL","NaN"
"8596","Exemption","Any Exemption","National","U.S. Median","2009-10","1.1","NULL","NULL","NULL","NULL","NaN"
"8597","Exemption","Any Exemption","National","United States","2011-12","1.6","NULL","NULL","NULL","NULL","NaN"
"8598","Hepatitis B","","National","U.S. Median","2025-26","92.6","3692432","96","NULL","NULL","NULL"
"8599","Exemption","Any Exemption","National","United States","2009-10","1.7","NULL","NULL","NULL","NULL","NaN"
"8600","Hepatitis B","","National","U.S. Median","2024-25","92.9","51319","99.5","NULL","NULL","NULL"
"8601","Hepatitis B","","National","United States","2024-25","94","3785644","92.7","NULL","NULL","NULL"
"8602","Hepatitis B","","National","United States","2023-24","93.9","3823506","93.1","NULL","NULL","NULL"
"8603","Exemption","Non-Medical Exemption","National","United States","2025-26","4","3725852","97","NULL","148608","NULL"
"8604","Exemption","Non-Medical Exemption","National","U.S. Median","2025-26","4.9","3725852","97","NULL","2429","NULL"
"8605","Hepatitis B","","National","U.S. Median","2023-24","93.5","3823506","93.1","NULL","NULL","NULL"
"8606","Hepatitis B","","National","U.S. Median","2022-23","94.2","3832381","92.9","NULL","NULL","NULL"
"8607","Exemption","Non-Medical Exemption","National","United States","2024-25","3.4","3785644","96.5","NULL","128905","NULL"
"8608","Hepatitis B","","National","United States","2021-22","94.1","3835130","92.2","NULL","NULL","NULL"
"8609","Hepatitis B","","National","United States","2022-23","94.3","3832381","92.9","NULL","NULL","NULL"
"8610","Exemption","Non-Medical Exemption","National","United States","2023-24","3.1","3823506","97","NULL","118409","NULL"
"8611","Exemption","Non-Medical Exemption","National","U.S. Median","2024-25","4","49229","99.7","NULL","2018","NULL"
"8612","Hepatitis B","","National","U.S. Median","2021-22","94.1","3835130","92.2","NULL","NULL","NULL"
"8613","Exemption","Non-Medical Exemption","National","U.S. Median","2022-23","3.2","3832381","96.9","NULL","1774","NULL"
"8614","Exemption","Non-Medical Exemption","National","United States","2022-23","2.8","3832381","96.9","NULL","106466","NULL"
"8615","Exemption","Non-Medical Exemption","National","U.S. Median","2023-24","3.7","3823506","97","NULL","1899","NULL"
"8616","Hepatitis B","","National","U.S. Median","2020-21","95","3510744","90.8","NULL","NULL","NULL"
"8617","Hepatitis B","","National","United States","2020-21","94.6","3510744","90.8","NULL","NULL","NULL"
"8618","Exemption","Non-Medical Exemption","National","U.S. Median","2021-22","2.8","3835130","96.1","NULL","1375","NULL"
"8619","Exemption","Non-Medical Exemption","National","United States","2021-22","2.3","3835130","96.1","NULL","88955","NULL"
"8620","Hepatitis B","","National","U.S. Median","2019-20","95.9","NULL","NULL","NULL","NULL","NaN"
"8621","Hepatitis B","","National","United States","2019-20","96.1","NULL","NULL","NULL","NULL","NaN"
"8622","Exemption","Non-Medical Exemption","National","U.S. Median","2020-21","2.4","3520205","94.8","NULL","NULL","NULL"
"8623","Exemption","Non-Medical Exemption","National","United States","2020-21","1.9","3520205","94.8","NULL","67809","NULL"
"8624","Hepatitis B","","National","U.S. Median","2017-18","96","NULL","NULL","NULL","NULL","NaN"
"8625","Hepatitis B","","National","U.S. Median","2018-19","95.6","NULL","NULL","NULL","NULL","NaN"
"8626","Hepatitis B","","National","United States","2018-19","95.8","NULL","NULL","NULL","NULL","NaN"
"8627","Exemption","Non-Medical Exemption","National","U.S. Median","2019-20","2.6","NULL","NULL","NULL","NULL","NaN"
"8628","MMR (PAC)","MMR (PAC)","National","United States","2021-22","97.4","NULL","NULL","NULL","NULL","NULL"
"8629","MMR (PAC)","MMR (PAC)","National","U.S. Median","2021-22","97.4","NULL","NULL","NULL","NULL","NULL"
"8630","MMR (PAC)","MMR (PAC)","National","United States","2018-19","97.5","NULL","NULL","NULL","NULL","NULL"
"8631","MMR (PAC)","MMR (PAC)","National","U.S. Median","2018-19","97.5","NULL","NULL","NULL","NULL","NULL"
"8632","MMR (PAC)","MMR (PAC)","National","United States","2019-20","97.5","NULL","NULL","NULL","NULL","NULL"
"8633","MMR (PAC)","MMR (PAC)","National","U.S. Median","2019-20","97.5","NULL","NULL","NULL","NULL","NULL"
"8634","Varicella","1 Dose (or disease history)","National","U.S. Median","2012-13","96.1","NULL","NULL","NULL","NULL","NaN"
"8635","Varicella","1 Dose (or disease history)","National","United States","2012-13","96.2","NULL","NULL","NULL","NULL","NaN"
"8636","Varicella","UTD (or disease history)","","","","","","","","",""
"8637","Varicella","UTD (or disease history)","","","","","","","","",""
"8638","MMR (PAC)","MMR (PAC)","National","U.S. Median","2017-18","98","NULL","NULL","NULL","NULL","NULL"
"8639","MMR (PAC)","MMR (PAC)","National","United States","2017-18","97.7","NULL","NULL","NULL","NULL","NULL"
"8640","Varicella","1 Dose (or disease history)","National","United States","2010-11",NA,"NULL","NULL","NULL","NULL","NaN"
"8641","Varicella","1 Dose (or disease history)","National","U.S. Median","2010-11",NA,"NULL","NULL","NULL","NULL","NaN"
"8642","Varicella","1 Dose (or disease history)","National","United States","2011-12","96.1","NULL","NULL","NULL","NULL","NaN"
"8643","Varicella","1 Dose (or disease history)","National","U.S. Median","2011-12","97","NULL","NULL","NULL","NULL","NaN"
"8644","Varicella","UTD (or disease history)","","","","","","","","",""
"8645","Varicella","UTD (or disease history)","","","","","","","","",""
"8646","Varicella","UTD (or disease history)","","","","","","","","",""
"8647","Varicella","UTD (or disease history)","","","","","","","","",""
"8648","Varicella","UTD (or disease history)","","","","","","","","",""
"8649","Varicella","UTD (or disease history)","","","","","","","","",""
"8650","Varicella","UTD (or disease history)","","","","","","","","",""
"8651","Varicella","UTD (or disease history)","","","","","","","","",""
"8652","Varicella","UTD (or disease history)","","","","","","","","",""
"8653","Polio","","National","U.S. Median","2024-25","92.2","51319","99.5","NULL","NULL","NULL"
"8654","Varicella","UTD (or disease history)","","","","","","","","",""
"8655","Polio","","National","U.S. Median","2023-24","91.7","3823506","93.1","NULL","NULL","NULL"
"8656","Polio","","National","United States","2024-25","92.5","3785644","92.7","NULL","NULL","NULL"
"8657","Polio","","National","U.S. Median","2022-23","92.2","3832381","92.9","NULL","NULL","NULL"
"8658","Polio","","National","U.S. Median","2025-26","91.5","3692432","96","NULL","NULL","NULL"
"8659","Polio","","National","United States","2023-24","92.7","3823506","93.1","NULL","NULL","NULL"
"8660","Polio","","National","United States","2021-22","93.1","3835130","92.2","NULL","NULL","NULL"
"8661","Polio","","National","U.S. Median","2021-22","92.7","3835130","92.2","NULL","NULL","NULL"
"8662","Polio","","National","United States","2022-23","93.1","3832381","92.9","NULL","NULL","NULL"
"8663","Polio","","National","United States","2020-21","93.9","3510744","90.8","NULL","NULL","NULL"
"8664","Polio","","National","U.S. Median","2020-21","93.4","3510744","90","NULL","NULL","NULL"
"8665","Polio","","National","United States","2018-19","94.7","NULL","NULL","NULL","NULL","NaN"
"8666","Polio","","National","U.S. Median","2018-19","94.1","NULL","NULL","NULL","NULL","NaN"
"8667","Polio","","National","United States","2019-20","95","NULL","NULL","NULL","NULL","NaN"
"8668","Polio","","National","U.S. Median","2019-20","94.4","NULL","NULL","NULL","NULL","NaN"
"8669","Polio","","National","U.S. Median","2017-18","94.4","NULL","NULL","NULL","NULL","NaN"
"8670","Polio","","National","U.S. Median","2016-17","94.4","NULL","NULL","NULL","NULL","NaN"
"8671","Polio","","National","United States","2017-18","95.1","NULL","NULL","NULL","NULL","NaN"
"8672","Varicella","1 Dose (or disease history)","National","U.S. Median","2023-24","93.8","3823506","93.1","NULL","NULL","NULL"
"8673","Varicella","1 Dose (or disease history)","National","United States","2023-24","93.7","3823506","93.1","NULL","NULL","NULL"
"8674","Hepatitis B","","National","United States","2010-11",NA,"NULL","NULL","NULL","NULL","NaN"
"8675","Hepatitis B","","National","United States","2011-12","96.4","NULL","NULL","NULL","NULL","NaN"
"8676","Hepatitis B","","National","U.S. Median","2011-12","96.5","NULL","NULL","NULL","NULL","NaN"
"8677","Varicella","1 Dose (or disease history)","National","U.S. Median","2022-23","94.1","3832381","92.9","NULL","NULL","NULL"
"8678","Varicella","1 Dose (or disease history)","National","United States","2022-23","94.2","3832381","92.9","NULL","NULL","NULL"
"8679","Hepatitis B","","National","United States","2009-10","96.1","NULL","NULL","NULL","NULL","NaN"
"8680","Hepatitis B","","National","U.S. Median","2010-11",NA,"NULL","NULL","NULL","NULL","NaN"
"8681","Varicella","1 Dose (or disease history)","National","U.S. Median","2021-22","94.7","3835130","92.2","NULL","NULL","NULL"
"8682","Varicella","1 Dose (or disease history)","National","United States","2021-22","94.6","3835130","92.2","NULL","NULL","NULL"
"8683","Varicella","1 Dose (or disease history)","National","United States","2020-21","94.8","352275","93.1","NULL","NULL","NULL"
"8684","Varicella","1 Dose (or disease history)","National","U.S. Median","2020-21","95.1","352275","93.1","NULL","NULL","NULL"
"8685","Varicella","2 Doses (or disease history)","National","U.S. Median","2025-26","91.1","3692432","96","NULL","NULL","NULL"
"8686","Hepatitis B","","National","U.S. Median","2009-10","97.2","NULL","NULL","NULL","NULL","NaN"
"8687","Varicella","2 Doses (or disease history)","National","United States","2025-26","92.2","3692432","96","NULL","NULL","NULL"
"8688","Varicella","1 Dose (or disease history)","National","United States","2019-20","94.1","NULL","NULL","NULL","NULL","NaN"
"8689","Varicella","1 Dose (or disease history)","National","U.S. Median","2019-20","95.3","NULL","NULL","NULL","NULL","NaN"
"8690","Varicella","2 Doses (or disease history)","National","United States","2023-24","92.3","3823506","93.1","NULL","NULL","NULL"
"8691","Varicella","2 Doses (or disease history)","National","United States","2024-25","92.1","3785644","92.7","NULL","NULL","NULL"
"8692","Varicella","1 Dose (or disease history)","National","United States","2016-17","97.5","NULL","NULL","NULL","NULL","NaN"
"8693","Varicella","1 Dose (or disease history)","National","U.S. Median","2016-17","96.5","NULL","NULL","NULL","NULL","NaN"
"8694","Varicella","1 Dose (or disease history)","National","U.S. Median","2017-18","96.2","NULL","NULL","NULL","NULL","NaN"
"8695","Varicella","1 Dose (or disease history)","National","United States","2017-18","97.1","NULL","NULL","NULL","NULL","NaN"
"8696","Varicella","1 Dose (or disease history)","National","United States","2018-19","96.4","NULL","NULL","NULL","NULL","NaN"
"8697","Varicella","2 Doses (or disease history)","National","U.S. Median","2024-25","90.6","51319","99.5","NULL","NULL","NULL"
"8698","Varicella","2 Doses (or disease history)","National","United States","2022-23","92.8","3832381","92.9","NULL","NULL","NULL"
"8699","Varicella","1 Dose (or disease history)","National","United States","2015-16","96","NULL","NULL","NULL","NULL","NaN"
"8700","Varicella","1 Dose (or disease history)","National","U.S. Median","2015-16","96.1","NULL","NULL","NULL","NULL","NaN"
"8701","Varicella","2 Doses (or disease history)","National","U.S. Median","2023-24","91.2","3823506","93.1","NULL","NULL","NULL"
"8702","MMR (PAC)","MMR (PAC)","National","U.S. Median","2022-23","96.8","NULL","NULL","NULL","NULL","NULL"
"8703","MMR (PAC)","MMR (PAC)","National","U.S. Median","2023-24","96.4","NULL","NULL","NULL","NULL","NULL"
"8704","Varicella","1 Dose (or disease history)","National","U.S. Median","2018-19","95.3","NULL","NULL","NULL","NULL","NaN"
"8705","MMR (PAC)","MMR (PAC)","National","United States","2023-24","96.9","NULL","NULL","NULL","NULL","NULL"
"8706","Varicella","2 Doses (or disease history)","National","U.S. Median","2022-23","92","3832381","92.9","NULL","NULL","NULL"
"8707","MMR (PAC)","MMR (PAC)","National","United States","2022-23","97","NULL","NULL","NULL","NULL","NULL"
"8708","MMR (PAC)","MMR (PAC)","National","United States","2020-21","97.8","NULL","NULL","NULL","NULL","NULL"
"8709","Varicella","1 Dose (or disease history)","National","U.S. Median","2014-15","95.2","NULL","NULL","NULL","NULL","NaN"
"8710","Varicella","1 Dose (or disease history)","National","United States","2014-15","95.1","NULL","NULL","NULL","NULL","NaN"
"8711","Varicella","2 Doses (or disease history)","National","U.S. Median","2021-22","92.1","3835130","92.2","NULL","NULL","NULL"
"8712","Varicella","2 Doses (or disease history)","National","United States","2021-22","92.7","3835130","92.2","NULL","NULL","NULL"
"8713","MMR (PAC)","MMR (PAC)","National","U.S. Median","2020-21","97.8","NULL","NULL","NULL","NULL","NULL"
"8714","Varicella","1 Dose (or disease history)","National","United States","2013-14","96.2","NULL","NULL","NULL","NULL","NaN"
"8715","Varicella","1 Dose (or disease history)","National","U.S. Median","2013-14","96.5","NULL","NULL","NULL","NULL","NaN"
"8716","Hepatitis B","","National","United States","2016-17","96","NULL","NULL","NULL","NULL","NaN"
"8717","MMR (PAC)","MMR (PAC)","National","United States","2025-26","95.9","3692432","96","NULL","NULL","NULL"
"8718","Exemption","Medical Exemption","National","United States","2020-21","0.2","3520205","94.8","NULL","8335","NULL"
"8719","Exemption","Medical Exemption","National","U.S. Median","2021-22","0.2","3835130","96.1","NULL","95","NULL"
"8720","MMR (PAC)","MMR (PAC)","National","United States","2024-25","96.4","3785644","92.7","NULL","NULL","NULL"
"8721","MMR (PAC)","MMR (PAC)","National","U.S. Median","2024-25","96","51319","99.5","NULL","NULL","NULL"
"8722","Hepatitis B","","National","U.S. Median","2016-17","95.6","NULL","NULL","NULL","NULL","NaN"
"8723","Polio","","National","United States","2025-26","92.4","3692432","96","NULL","NULL","NULL"
"8724","Exemption","Medical Exemption","National","United States","2021-22","0.2","3835130","96.1","NULL","8230","NULL"
"8725","Polio","","National","U.S. Median","2012-13","95.1","NULL","NULL","NULL","NULL","NaN"
"8726","Polio","","National","United States","2012-13","94.7","NULL","NULL","NULL","NULL","NaN"
"8727","Exemption","Medical Exemption","National","U.S. Median","2020-21","0.2","3520205","94.8","NULL","NULL","NULL"
"8728","Exemption","Medical Exemption","National","United States","2018-19","0.3","NULL","NULL","NULL","NULL","NaN"
"8729","Exemption","Medical Exemption","National","U.S. Median","2019-20","0.2","NULL","NULL","NULL","NULL","NaN"
"8730","Exemption","Medical Exemption","National","United States","2019-20","0.3","NULL","NULL","NULL","NULL","NaN"
"8731","Exemption","Medical Exemption","National","United States","2017-18","0.3","NULL","NULL","NULL","NULL","NaN"
"8732","Exemption","Medical Exemption","National","U.S. Median","2017-18","0.2","NULL","NULL","NULL","NULL","NaN"
"8733","Exemption","Medical Exemption","National","U.S. Median","2016-17","0.2","NULL","NULL","NULL","NULL","NaN"
"8734","Exemption","Medical Exemption","National","U.S. Median","2018-19","0.2","NULL","NULL","NULL","NULL","NaN"
"8735","Exemption","Medical Exemption","National","United States","2015-16","0.2","NULL","NULL","NULL","NULL","NaN"
"8736","Exemption","Medical Exemption","National","United States","2016-17","0.3","NULL","NULL","NULL","NULL","NaN"
"8737","Exemption","Medical Exemption","National","U.S. Median","2014-15","0.2","NULL","NULL","NULL","NULL","NaN"
"8738","Exemption","Medical Exemption","National","U.S. Median","2015-16","0.2","NULL","NULL","NULL","NULL","NaN"
"8739","Exemption","Medical Exemption","National","United States","2012-13","0.3","NULL","NULL","NULL","NULL","NaN"
"8740","Exemption","Medical Exemption","National","United States","2014-15","0.2","NULL","NULL","NULL","NULL","NaN"
"8741","Exemption","Medical Exemption","National","U.S. Median","2013-14","0.2","NULL","NULL","NULL","NULL","NaN"
"8742","Exemption","Medical Exemption","National","United States","2013-14","0.2","NULL","NULL","NULL","NULL","NaN"
"8743","Exemption","Medical Exemption","National","United States","2011-12","0.2","NULL","NULL","NULL","NULL","NaN"
"8744","Exemption","Medical Exemption","National","U.S. Median","2012-13","0.3","NULL","NULL","NULL","NULL","NaN"
"8745","Exemption","Medical Exemption","National","U.S. Median","2011-12","0.2","NULL","NULL","NULL","NULL","NaN"
"8746","Exemption","Medical Exemption","National","United States","2009-10","0.3","NULL","NULL","NULL","NULL","NaN"
"8747","Exemption","Medical Exemption","National","U.S. Median","2009-10","0.3","NULL","NULL","NULL","NULL","NaN"
"8748","Hepatitis B","","National","U.S. Median","2015-16","96.1","NULL","NULL","NULL","NULL","NaN"
"8749","Hepatitis B","","National","United States","2015-16","95.8","NULL","NULL","NULL","NULL","NaN"
"8750","Hepatitis B","","National","U.S. Median","2014-15","95.4","NULL","NULL","NULL","NULL","NaN"
"8751","Hepatitis B","","National","United States","2014-15","95.3","NULL","NULL","NULL","NULL","NaN"
"8752","Hepatitis B","","National","U.S. Median","2013-14","95.9","NULL","NULL","NULL","NULL","NaN"
"8753","Hepatitis B","","National","United States","2013-14","95.5","NULL","NULL","NULL","NULL","NaN"
