jurisdiction,vaccine,setting,required,required_bool,doses_required,grades_included,age_or_grade,population_subject,type_of_institution,year_first_implemented,historical_note,comment,note_1dose,note_dose_age16,source_year,source_url
Alabama,COVID-19,Childcare,,False,,,,,,,,,,,2026,https://www.immunize.org/official-guidance/state-policies/vaccine-requirements/covid-child-school-2026/
Alabama,COVID-19,School,,False,,,,,,,,,,,2026,https://www.immunize.org/official-guidance/state-policies/vaccine-requirements/covid-child-school-2026/
Alaska,COVID-19,Childcare,,False,,,,,,,,,,,2026,https://www.immunize.org/official-guidance/state-policies/vaccine-requirements/covid-child-school-2026/
Alaska,COVID-19,School,,False,,,,,,,,,,,2026,https://www.immunize.org/official-guidance/state-policies/vaccine-requirements/covid-child-school-2026/
Arizona,COVID-19,Childcare,,False,,,,,,,,,,,2026,https://www.immunize.org/official-guidance/state-policies/vaccine-requirements/covid-child-school-2026/
Arizona,COVID-19,School,,False,,,,,,,,,,,2026,https://www.immunize.org/official-guidance/state-policies/vaccine-requirements/covid-child-school-2026/
Arkansas,COVID-19,Childcare,,False,,,,,,,,,,,2026,https://www.immunize.org/official-guidance/state-policies/vaccine-requirements/covid-child-school-2026/
Arkansas,COVID-19,School,,False,,,,,,,,,,,2026,https://www.immunize.org/official-guidance/state-policies/vaccine-requirements/covid-child-school-2026/
California,COVID-19,Childcare,,False,,,,,,,,,,,2026,https://www.immunize.org/official-guidance/state-policies/vaccine-requirements/covid-child-school-2026/
California,COVID-19,School,,False,,,,,,,,,,,2026,https://www.immunize.org/official-guidance/state-policies/vaccine-requirements/covid-child-school-2026/
Colorado,COVID-19,Childcare,,False,,,,,,,,,,,2026,https://www.immunize.org/official-guidance/state-policies/vaccine-requirements/covid-child-school-2026/
Colorado,COVID-19,School,,False,,,,,,,,,,,2026,https://www.immunize.org/official-guidance/state-policies/vaccine-requirements/covid-child-school-2026/
Connecticut,COVID-19,Childcare,,False,,,,,,,,,,,2026,https://www.immunize.org/official-guidance/state-policies/vaccine-requirements/covid-child-school-2026/
Connecticut,COVID-19,School,,False,,,,,,,,,,,2026,https://www.immunize.org/official-guidance/state-policies/vaccine-requirements/covid-child-school-2026/
Delaware,COVID-19,Childcare,,False,,,,,,,,,,,2026,https://www.immunize.org/official-guidance/state-policies/vaccine-requirements/covid-child-school-2026/
Delaware,COVID-19,School,,False,,,,,,,,,,,2026,https://www.immunize.org/official-guidance/state-policies/vaccine-requirements/covid-child-school-2026/
District of Columbia,COVID-19,Childcare,,False,,,,,,,,,,,2026,https://www.immunize.org/official-guidance/state-policies/vaccine-requirements/covid-child-school-2026/
District of Columbia,COVID-19,School,,False,,,,,,,,,,,2026,https://www.immunize.org/official-guidance/state-policies/vaccine-requirements/covid-child-school-2026/
Florida,COVID-19,Childcare,,False,,,,,,,,,,,2026,https://www.immunize.org/official-guidance/state-policies/vaccine-requirements/covid-child-school-2026/
Florida,COVID-19,School,,False,,,,,,,,,,,2026,https://www.immunize.org/official-guidance/state-policies/vaccine-requirements/covid-child-school-2026/
Georgia,COVID-19,Childcare,,False,,,,,,,,,,,2026,https://www.immunize.org/official-guidance/state-policies/vaccine-requirements/covid-child-school-2026/
Georgia,COVID-19,School,,False,,,,,,,,,,,2026,https://www.immunize.org/official-guidance/state-policies/vaccine-requirements/covid-child-school-2026/
Hawaii,COVID-19,Childcare,,False,,,,,,,,,,,2026,https://www.immunize.org/official-guidance/state-policies/vaccine-requirements/covid-child-school-2026/
Hawaii,COVID-19,School,,False,,,,,,,,,,,2026,https://www.immunize.org/official-guidance/state-policies/vaccine-requirements/covid-child-school-2026/
Idaho,COVID-19,Childcare,,False,,,,,,,,,,,2026,https://www.immunize.org/official-guidance/state-policies/vaccine-requirements/covid-child-school-2026/
Idaho,COVID-19,School,,False,,,,,,,,,,,2026,https://www.immunize.org/official-guidance/state-policies/vaccine-requirements/covid-child-school-2026/
Illinois,COVID-19,Childcare,,False,,,,,,,,,,,2026,https://www.immunize.org/official-guidance/state-policies/vaccine-requirements/covid-child-school-2026/
Illinois,COVID-19,School,,False,,,,,,,,,,,2026,https://www.immunize.org/official-guidance/state-policies/vaccine-requirements/covid-child-school-2026/
Indiana,COVID-19,Childcare,,False,,,,,,,,,,,2026,https://www.immunize.org/official-guidance/state-policies/vaccine-requirements/covid-child-school-2026/
Indiana,COVID-19,School,,False,,,,,,,,,,,2026,https://www.immunize.org/official-guidance/state-policies/vaccine-requirements/covid-child-school-2026/
Iowa,COVID-19,Childcare,,False,,,,,,,,,,,2026,https://www.immunize.org/official-guidance/state-policies/vaccine-requirements/covid-child-school-2026/
Iowa,COVID-19,School,,False,,,,,,,,,,,2026,https://www.immunize.org/official-guidance/state-policies/vaccine-requirements/covid-child-school-2026/
Kansas,COVID-19,Childcare,,False,,,,,,,,,,,2026,https://www.immunize.org/official-guidance/state-policies/vaccine-requirements/covid-child-school-2026/
Kansas,COVID-19,School,,False,,,,,,,,,,,2026,https://www.immunize.org/official-guidance/state-policies/vaccine-requirements/covid-child-school-2026/
Kentucky,COVID-19,Childcare,,False,,,,,,,,,,,2026,https://www.immunize.org/official-guidance/state-policies/vaccine-requirements/covid-child-school-2026/
Kentucky,COVID-19,School,,False,,,,,,,,,,,2026,https://www.immunize.org/official-guidance/state-policies/vaccine-requirements/covid-child-school-2026/
Louisiana,COVID-19,Childcare,,False,,,,,,,,,,,2026,https://www.immunize.org/official-guidance/state-policies/vaccine-requirements/covid-child-school-2026/
Louisiana,COVID-19,School,,False,,,,,,,,,,,2026,https://www.immunize.org/official-guidance/state-policies/vaccine-requirements/covid-child-school-2026/
Maine,COVID-19,Childcare,,False,,,,,,,,,,,2026,https://www.immunize.org/official-guidance/state-policies/vaccine-requirements/covid-child-school-2026/
Maine,COVID-19,School,,False,,,,,,,,,,,2026,https://www.immunize.org/official-guidance/state-policies/vaccine-requirements/covid-child-school-2026/
Maryland,COVID-19,Childcare,,False,,,,,,,,,,,2026,https://www.immunize.org/official-guidance/state-policies/vaccine-requirements/covid-child-school-2026/
Maryland,COVID-19,School,,False,,,,,,,,,,,2026,https://www.immunize.org/official-guidance/state-policies/vaccine-requirements/covid-child-school-2026/
Massachusetts,COVID-19,Childcare,,False,,,,,,,,,,,2026,https://www.immunize.org/official-guidance/state-policies/vaccine-requirements/covid-child-school-2026/
Massachusetts,COVID-19,School,,False,,,,,,,,,,,2026,https://www.immunize.org/official-guidance/state-policies/vaccine-requirements/covid-child-school-2026/
Michigan,COVID-19,Childcare,,False,,,,,,,,,,,2026,https://www.immunize.org/official-guidance/state-policies/vaccine-requirements/covid-child-school-2026/
Michigan,COVID-19,School,,False,,,,,,,,,,,2026,https://www.immunize.org/official-guidance/state-policies/vaccine-requirements/covid-child-school-2026/
Minnesota,COVID-19,Childcare,,False,,,,,,,,,,,2026,https://www.immunize.org/official-guidance/state-policies/vaccine-requirements/covid-child-school-2026/
Minnesota,COVID-19,School,,False,,,,,,,,,,,2026,https://www.immunize.org/official-guidance/state-policies/vaccine-requirements/covid-child-school-2026/
Mississippi,COVID-19,Childcare,,False,,,,,,,,,,,2026,https://www.immunize.org/official-guidance/state-policies/vaccine-requirements/covid-child-school-2026/
Mississippi,COVID-19,School,,False,,,,,,,,,,,2026,https://www.immunize.org/official-guidance/state-policies/vaccine-requirements/covid-child-school-2026/
Missouri,COVID-19,Childcare,,False,,,,,,,,,,,2026,https://www.immunize.org/official-guidance/state-policies/vaccine-requirements/covid-child-school-2026/
Missouri,COVID-19,School,,False,,,,,,,,,,,2026,https://www.immunize.org/official-guidance/state-policies/vaccine-requirements/covid-child-school-2026/
Montana,COVID-19,Childcare,,False,,,,,,,,,,,2026,https://www.immunize.org/official-guidance/state-policies/vaccine-requirements/covid-child-school-2026/
Montana,COVID-19,School,,False,,,,,,,,,,,2026,https://www.immunize.org/official-guidance/state-policies/vaccine-requirements/covid-child-school-2026/
Nebraska,COVID-19,Childcare,,False,,,,,,,,,,,2026,https://www.immunize.org/official-guidance/state-policies/vaccine-requirements/covid-child-school-2026/
Nebraska,COVID-19,School,,False,,,,,,,,,,,2026,https://www.immunize.org/official-guidance/state-policies/vaccine-requirements/covid-child-school-2026/
Nevada,COVID-19,Childcare,,False,,,,,,,,,,,2026,https://www.immunize.org/official-guidance/state-policies/vaccine-requirements/covid-child-school-2026/
Nevada,COVID-19,School,,False,,,,,,,,,,,2026,https://www.immunize.org/official-guidance/state-policies/vaccine-requirements/covid-child-school-2026/
New Hampshire,COVID-19,Childcare,,False,,,,,,,,,,,2026,https://www.immunize.org/official-guidance/state-policies/vaccine-requirements/covid-child-school-2026/
New Hampshire,COVID-19,School,,False,,,,,,,,,,,2026,https://www.immunize.org/official-guidance/state-policies/vaccine-requirements/covid-child-school-2026/
New Jersey,COVID-19,Childcare,,False,,,,,,,,,,,2026,https://www.immunize.org/official-guidance/state-policies/vaccine-requirements/covid-child-school-2026/
New Jersey,COVID-19,School,,False,,,,,,,,,,,2026,https://www.immunize.org/official-guidance/state-policies/vaccine-requirements/covid-child-school-2026/
New Mexico,COVID-19,Childcare,,False,,,,,,,,,,,2026,https://www.immunize.org/official-guidance/state-policies/vaccine-requirements/covid-child-school-2026/
New Mexico,COVID-19,School,,False,,,,,,,,,,,2026,https://www.immunize.org/official-guidance/state-policies/vaccine-requirements/covid-child-school-2026/
New York,COVID-19,Childcare,,False,,,,,,,,,,,2026,https://www.immunize.org/official-guidance/state-policies/vaccine-requirements/covid-child-school-2026/
New York,COVID-19,School,,False,,,,,,,,,,,2026,https://www.immunize.org/official-guidance/state-policies/vaccine-requirements/covid-child-school-2026/
North Carolina,COVID-19,Childcare,,False,,,,,,,,,,,2026,https://www.immunize.org/official-guidance/state-policies/vaccine-requirements/covid-child-school-2026/
North Carolina,COVID-19,School,,False,,,,,,,,,,,2026,https://www.immunize.org/official-guidance/state-policies/vaccine-requirements/covid-child-school-2026/
North Dakota,COVID-19,Childcare,,False,,,,,,,,,,,2026,https://www.immunize.org/official-guidance/state-policies/vaccine-requirements/covid-child-school-2026/
North Dakota,COVID-19,School,,False,,,,,,,,,,,2026,https://www.immunize.org/official-guidance/state-policies/vaccine-requirements/covid-child-school-2026/
Ohio,COVID-19,Childcare,,False,,,,,,,,,,,2026,https://www.immunize.org/official-guidance/state-policies/vaccine-requirements/covid-child-school-2026/
Ohio,COVID-19,School,,False,,,,,,,,,,,2026,https://www.immunize.org/official-guidance/state-policies/vaccine-requirements/covid-child-school-2026/
Oklahoma,COVID-19,Childcare,,False,,,,,,,,,,,2026,https://www.immunize.org/official-guidance/state-policies/vaccine-requirements/covid-child-school-2026/
Oklahoma,COVID-19,School,,False,,,,,,,,,,,2026,https://www.immunize.org/official-guidance/state-policies/vaccine-requirements/covid-child-school-2026/
Oregon,COVID-19,Childcare,,False,,,,,,,,,,,2026,https://www.immunize.org/official-guidance/state-policies/vaccine-requirements/covid-child-school-2026/
Oregon,COVID-19,School,,False,,,,,,,,,,,2026,https://www.immunize.org/official-guidance/state-policies/vaccine-requirements/covid-child-school-2026/
Pennsylvania,COVID-19,Childcare,,False,,,,,,,,,,,2026,https://www.immunize.org/official-guidance/state-policies/vaccine-requirements/covid-child-school-2026/
Pennsylvania,COVID-19,School,,False,,,,,,,,,,,2026,https://www.immunize.org/official-guidance/state-policies/vaccine-requirements/covid-child-school-2026/
Rhode Island,COVID-19,Childcare,,False,,,,,,,,,,,2026,https://www.immunize.org/official-guidance/state-policies/vaccine-requirements/covid-child-school-2026/
Rhode Island,COVID-19,School,,False,,,,,,,,,,,2026,https://www.immunize.org/official-guidance/state-policies/vaccine-requirements/covid-child-school-2026/
South Carolina,COVID-19,Childcare,,False,,,,,,,,,,,2026,https://www.immunize.org/official-guidance/state-policies/vaccine-requirements/covid-child-school-2026/
South Carolina,COVID-19,School,,False,,,,,,,,,,,2026,https://www.immunize.org/official-guidance/state-policies/vaccine-requirements/covid-child-school-2026/
South Dakota,COVID-19,Childcare,,False,,,,,,,,,,,2026,https://www.immunize.org/official-guidance/state-policies/vaccine-requirements/covid-child-school-2026/
South Dakota,COVID-19,School,,False,,,,,,,,,,,2026,https://www.immunize.org/official-guidance/state-policies/vaccine-requirements/covid-child-school-2026/
Tennessee,COVID-19,Childcare,,False,,,,,,,,,,,2026,https://www.immunize.org/official-guidance/state-policies/vaccine-requirements/covid-child-school-2026/
Tennessee,COVID-19,School,,False,,,,,,,,,,,2026,https://www.immunize.org/official-guidance/state-policies/vaccine-requirements/covid-child-school-2026/
Texas,COVID-19,Childcare,,False,,,,,,,,,,,2026,https://www.immunize.org/official-guidance/state-policies/vaccine-requirements/covid-child-school-2026/
Texas,COVID-19,School,,False,,,,,,,,,,,2026,https://www.immunize.org/official-guidance/state-policies/vaccine-requirements/covid-child-school-2026/
Utah,COVID-19,Childcare,,False,,,,,,,,,,,2026,https://www.immunize.org/official-guidance/state-policies/vaccine-requirements/covid-child-school-2026/
Utah,COVID-19,School,,False,,,,,,,,,,,2026,https://www.immunize.org/official-guidance/state-policies/vaccine-requirements/covid-child-school-2026/
Vermont,COVID-19,Childcare,,False,,,,,,,,,,,2026,https://www.immunize.org/official-guidance/state-policies/vaccine-requirements/covid-child-school-2026/
Vermont,COVID-19,School,,False,,,,,,,,,,,2026,https://www.immunize.org/official-guidance/state-policies/vaccine-requirements/covid-child-school-2026/
Virginia,COVID-19,Childcare,,False,,,,,,,,,,,2026,https://www.immunize.org/official-guidance/state-policies/vaccine-requirements/covid-child-school-2026/
Virginia,COVID-19,School,,False,,,,,,,,,,,2026,https://www.immunize.org/official-guidance/state-policies/vaccine-requirements/covid-child-school-2026/
Washington,COVID-19,Childcare,,False,,,,,,,,,,,2026,https://www.immunize.org/official-guidance/state-policies/vaccine-requirements/covid-child-school-2026/
Washington,COVID-19,School,,False,,,,,,,,,,,2026,https://www.immunize.org/official-guidance/state-policies/vaccine-requirements/covid-child-school-2026/
West Virginia,COVID-19,Childcare,,False,,,,,,,,,,,2026,https://www.immunize.org/official-guidance/state-policies/vaccine-requirements/covid-child-school-2026/
West Virginia,COVID-19,School,,False,,,,,,,,,,,2026,https://www.immunize.org/official-guidance/state-policies/vaccine-requirements/covid-child-school-2026/
Wisconsin,COVID-19,Childcare,,False,,,,,,,,,,,2026,https://www.immunize.org/official-guidance/state-policies/vaccine-requirements/covid-child-school-2026/
Wisconsin,COVID-19,School,,False,,,,,,,,,,,2026,https://www.immunize.org/official-guidance/state-policies/vaccine-requirements/covid-child-school-2026/
Wyoming,COVID-19,Childcare,,False,,,,,,,,,,,2026,https://www.immunize.org/official-guidance/state-policies/vaccine-requirements/covid-child-school-2026/
Wyoming,COVID-19,School,,False,,,,,,,,,,,2026,https://www.immunize.org/official-guidance/state-policies/vaccine-requirements/covid-child-school-2026/
Alabama,DTaP,Childcare,yes,True,age-appropriate,,,,,longstanding,,,,,2026,https://www.immunize.org/official-guidance/state-policies/vaccine-requirements/dtap-child-school-2026/
Alabama,DTaP,School,yes,True,4–5,,,,,longstanding,,,,,2026,https://www.immunize.org/official-guidance/state-policies/vaccine-requirements/dtap-child-school-2026/
Alaska,DTaP,Childcare,yes,True,age-appropriate,,,,,longstanding,,,,,2026,https://www.immunize.org/official-guidance/state-policies/vaccine-requirements/dtap-child-school-2026/
Alaska,DTaP,School,yes,True,4–5,,,,,longstanding,,,,,2026,https://www.immunize.org/official-guidance/state-policies/vaccine-requirements/dtap-child-school-2026/
Arizona,DTaP,Childcare,yes,True,age-appropriate,,,,,longstanding,,,,,2026,https://www.immunize.org/official-guidance/state-policies/vaccine-requirements/dtap-child-school-2026/
Arizona,DTaP,School,yes,True,4–5,,,,,longstanding,,,,,2026,https://www.immunize.org/official-guidance/state-policies/vaccine-requirements/dtap-child-school-2026/
Arkansas,DTaP,Childcare,yes,True,age-appropriate,,,,,longstanding,,,,,2026,https://www.immunize.org/official-guidance/state-policies/vaccine-requirements/dtap-child-school-2026/
Arkansas,DTaP,School,yes,True,4–5,,,,,longstanding,,,,,2026,https://www.immunize.org/official-guidance/state-policies/vaccine-requirements/dtap-child-school-2026/
California,DTaP,Childcare,yes,True,age-appropriate,,,,,longstanding,,,,,2026,https://www.immunize.org/official-guidance/state-policies/vaccine-requirements/dtap-child-school-2026/
California,DTaP,School,yes,True,4–5,,,,,longstanding,,,,,2026,https://www.immunize.org/official-guidance/state-policies/vaccine-requirements/dtap-child-school-2026/
Colorado,DTaP,Childcare,yes,True,age-appropriate,,,,,longstanding,,,,,2026,https://www.immunize.org/official-guidance/state-policies/vaccine-requirements/dtap-child-school-2026/
Colorado,DTaP,School,yes,True,4–5,,,,,longstanding,,,,,2026,https://www.immunize.org/official-guidance/state-policies/vaccine-requirements/dtap-child-school-2026/
Connecticut,DTaP,Childcare,yes,True,age-appropriate,,,,,longstanding,,,,,2026,https://www.immunize.org/official-guidance/state-policies/vaccine-requirements/dtap-child-school-2026/
Connecticut,DTaP,School,yes,True,4,,,,,longstanding,,,,,2026,https://www.immunize.org/official-guidance/state-policies/vaccine-requirements/dtap-child-school-2026/
Delaware,DTaP,Childcare,yes,True,age-appropriate,,,,,longstanding,,,,,2026,https://www.immunize.org/official-guidance/state-policies/vaccine-requirements/dtap-child-school-2026/
Delaware,DTaP,School,yes,True,4–5,,,,,longstanding,,,,,2026,https://www.immunize.org/official-guidance/state-policies/vaccine-requirements/dtap-child-school-2026/
District of Columbia,DTaP,Childcare,yes,True,age-appropriate,,,,,longstanding,,,,,2026,https://www.immunize.org/official-guidance/state-policies/vaccine-requirements/dtap-child-school-2026/
District of Columbia,DTaP,School,yes,True,5,,,,,longstanding,,,,,2026,https://www.immunize.org/official-guidance/state-policies/vaccine-requirements/dtap-child-school-2026/
Florida,DTaP,Childcare,yes,True,age-appropriate,,,,,longstanding,,,,,2026,https://www.immunize.org/official-guidance/state-policies/vaccine-requirements/dtap-child-school-2026/
Florida,DTaP,School,yes,True,4–5,,,,,longstanding,,,,,2026,https://www.immunize.org/official-guidance/state-policies/vaccine-requirements/dtap-child-school-2026/
Georgia,DTaP,Childcare,yes,True,age-appropriate,,,,,longstanding,,,,,2026,https://www.immunize.org/official-guidance/state-policies/vaccine-requirements/dtap-child-school-2026/
Georgia,DTaP,School,yes,True,4–5,,,,,longstanding,,,,,2026,https://www.immunize.org/official-guidance/state-policies/vaccine-requirements/dtap-child-school-2026/
Hawaii,DTaP,Childcare,yes,True,age-appropriate,,,,,longstanding,,,,,2026,https://www.immunize.org/official-guidance/state-policies/vaccine-requirements/dtap-child-school-2026/
Hawaii,DTaP,School,yes,True,4–5,,,,,longstanding,,,,,2026,https://www.immunize.org/official-guidance/state-policies/vaccine-requirements/dtap-child-school-2026/
Idaho,DTaP,Childcare,yes,True,age-appropriate,,,,,longstanding,,,,,2026,https://www.immunize.org/official-guidance/state-policies/vaccine-requirements/dtap-child-school-2026/
Idaho,DTaP,School,yes,True,4–5,,,,,longstanding,,,,,2026,https://www.immunize.org/official-guidance/state-policies/vaccine-requirements/dtap-child-school-2026/
Illinois,DTaP,Childcare,yes,True,age-appropriate,,,,,longstanding,,,,,2026,https://www.immunize.org/official-guidance/state-policies/vaccine-requirements/dtap-child-school-2026/
Illinois,DTaP,School,yes,True,4 or more,,,,,longstanding,,,,,2026,https://www.immunize.org/official-guidance/state-policies/vaccine-requirements/dtap-child-school-2026/
Indiana,DTaP,Childcare,yes,True,age-appropriate,,,,,longstanding,,,,,2026,https://www.immunize.org/official-guidance/state-policies/vaccine-requirements/dtap-child-school-2026/
Indiana,DTaP,School,yes,True,4–5,,,,,longstanding,,,,,2026,https://www.immunize.org/official-guidance/state-policies/vaccine-requirements/dtap-child-school-2026/
Iowa,DTaP,Childcare,yes,True,age-appropriate,,,,,longstanding,,,,,2026,https://www.immunize.org/official-guidance/state-policies/vaccine-requirements/dtap-child-school-2026/
Iowa,DTaP,School,yes,True,4–5,,,,,longstanding,,,,,2026,https://www.immunize.org/official-guidance/state-policies/vaccine-requirements/dtap-child-school-2026/
Kansas,DTaP,Childcare,yes,True,age-appropriate,,,,,longstanding,,,,,2026,https://www.immunize.org/official-guidance/state-policies/vaccine-requirements/dtap-child-school-2026/
Kansas,DTaP,School,yes,True,4–5,,,,,longstanding,,,,,2026,https://www.immunize.org/official-guidance/state-policies/vaccine-requirements/dtap-child-school-2026/
Kentucky,DTaP,Childcare,yes,True,age-appropriate,,,,,longstanding,,,,,2026,https://www.immunize.org/official-guidance/state-policies/vaccine-requirements/dtap-child-school-2026/
Kentucky,DTaP,School,yes,True,4–5,,,,,longstanding,,,,,2026,https://www.immunize.org/official-guidance/state-policies/vaccine-requirements/dtap-child-school-2026/
Louisiana,DTaP,Childcare,yes,True,age-appropriate,,,,,longstanding,,,,,2026,https://www.immunize.org/official-guidance/state-policies/vaccine-requirements/dtap-child-school-2026/
Louisiana,DTaP,School,yes,True,4–5,,,,,longstanding,,,,,2026,https://www.immunize.org/official-guidance/state-policies/vaccine-requirements/dtap-child-school-2026/
Maine,DTaP,Childcare,yes,True,age-appropriate,,,,,longstanding,,,,,2026,https://www.immunize.org/official-guidance/state-policies/vaccine-requirements/dtap-child-school-2026/
Maine,DTaP,School,yes,True,4–5,,,,,longstanding,,,,,2026,https://www.immunize.org/official-guidance/state-policies/vaccine-requirements/dtap-child-school-2026/
Maryland,DTaP,Childcare,yes,True,age-appropriate,,,,,longstanding,,,,,2026,https://www.immunize.org/official-guidance/state-policies/vaccine-requirements/dtap-child-school-2026/
Maryland,DTaP,School,yes,True,4,,,,,longstanding,,,,,2026,https://www.immunize.org/official-guidance/state-policies/vaccine-requirements/dtap-child-school-2026/
Massachusetts,DTaP,Childcare,yes,True,age-appropriate,,,,,longstanding,,,,,2026,https://www.immunize.org/official-guidance/state-policies/vaccine-requirements/dtap-child-school-2026/
Massachusetts,DTaP,School,yes,True,4–5,,,,,longstanding,,,,,2026,https://www.immunize.org/official-guidance/state-policies/vaccine-requirements/dtap-child-school-2026/
Michigan,DTaP,Childcare,yes,True,age-appropriate,,,,,longstanding,,,,,2026,https://www.immunize.org/official-guidance/state-policies/vaccine-requirements/dtap-child-school-2026/
Michigan,DTaP,School,yes,True,4,,,,,longstanding,,,,,2026,https://www.immunize.org/official-guidance/state-policies/vaccine-requirements/dtap-child-school-2026/
Minnesota,DTaP,Childcare,yes,True,age-appropriate,,,,,longstanding,,,,,2026,https://www.immunize.org/official-guidance/state-policies/vaccine-requirements/dtap-child-school-2026/
Minnesota,DTaP,School,yes,True,4–5,,,,,longstanding,,,,,2026,https://www.immunize.org/official-guidance/state-policies/vaccine-requirements/dtap-child-school-2026/
Mississippi,DTaP,Childcare,yes,True,age-appropriate,,,,,longstanding,,,,,2026,https://www.immunize.org/official-guidance/state-policies/vaccine-requirements/dtap-child-school-2026/
Mississippi,DTaP,School,yes,True,4–5,,,,,longstanding,,,,,2026,https://www.immunize.org/official-guidance/state-policies/vaccine-requirements/dtap-child-school-2026/
Missouri,DTaP,Childcare,yes,True,age-appropriate,,,,,longstanding,,,,,2026,https://www.immunize.org/official-guidance/state-policies/vaccine-requirements/dtap-child-school-2026/
Missouri,DTaP,School,yes,True,4 or more,,,,,longstanding,,,,,2026,https://www.immunize.org/official-guidance/state-policies/vaccine-requirements/dtap-child-school-2026/
Montana,DTaP,Childcare,yes,True,age-appropriate,,,,,longstanding,,,,,2026,https://www.immunize.org/official-guidance/state-policies/vaccine-requirements/dtap-child-school-2026/
Montana,DTaP,School,yes,True,4–5,,,,,longstanding,,,,,2026,https://www.immunize.org/official-guidance/state-policies/vaccine-requirements/dtap-child-school-2026/
Nebraska,DTaP,Childcare,yes,True,age-appropriate,,,,,longstanding,,,,,2026,https://www.immunize.org/official-guidance/state-policies/vaccine-requirements/dtap-child-school-2026/
Nebraska,DTaP,School,yes,True,3,,,,,longstanding,,,,,2026,https://www.immunize.org/official-guidance/state-policies/vaccine-requirements/dtap-child-school-2026/
Nevada,DTaP,Childcare,yes,True,age-appropriate,,,,,longstanding,,,,,2026,https://www.immunize.org/official-guidance/state-policies/vaccine-requirements/dtap-child-school-2026/
Nevada,DTaP,School,yes,True,4–5,,,,,longstanding,,,,,2026,https://www.immunize.org/official-guidance/state-policies/vaccine-requirements/dtap-child-school-2026/
New Hampshire,DTaP,Childcare,yes,True,age-appropriate,,,,,longstanding,,,,,2026,https://www.immunize.org/official-guidance/state-policies/vaccine-requirements/dtap-child-school-2026/
New Hampshire,DTaP,School,yes,True,4–5,,,,,longstanding,,,,,2026,https://www.immunize.org/official-guidance/state-policies/vaccine-requirements/dtap-child-school-2026/
New Jersey,DTaP,Childcare,yes,True,age-appropriate,,,,,longstanding,,,,,2026,https://www.immunize.org/official-guidance/state-policies/vaccine-requirements/dtap-child-school-2026/
New Jersey,DTaP,School,yes,True,4–5,,,,,longstanding,,,,,2026,https://www.immunize.org/official-guidance/state-policies/vaccine-requirements/dtap-child-school-2026/
New Mexico,DTaP,Childcare,yes,True,age-appropriate,,,,,longstanding,,,,,2026,https://www.immunize.org/official-guidance/state-policies/vaccine-requirements/dtap-child-school-2026/
New Mexico,DTaP,School,yes,True,4–5,,,,,longstanding,,,,,2026,https://www.immunize.org/official-guidance/state-policies/vaccine-requirements/dtap-child-school-2026/
New York,DTaP,Childcare,yes,True,age-appropriate,,,,,longstanding,,,,,2026,https://www.immunize.org/official-guidance/state-policies/vaccine-requirements/dtap-child-school-2026/
New York,DTaP,School,yes,True,4–5,,,,,longstanding,,,,,2026,https://www.immunize.org/official-guidance/state-policies/vaccine-requirements/dtap-child-school-2026/
North Carolina,DTaP,Childcare,yes,True,age-appropriate,,,,,longstanding,,,,,2026,https://www.immunize.org/official-guidance/state-policies/vaccine-requirements/dtap-child-school-2026/
North Carolina,DTaP,School,yes,True,4–5,,,,,longstanding,,,,,2026,https://www.immunize.org/official-guidance/state-policies/vaccine-requirements/dtap-child-school-2026/
North Dakota,DTaP,Childcare,yes,True,age-appropriate,,,,,longstanding,,,,,2026,https://www.immunize.org/official-guidance/state-policies/vaccine-requirements/dtap-child-school-2026/
North Dakota,DTaP,School,yes,True,4–5,,,,,longstanding,,,,,2026,https://www.immunize.org/official-guidance/state-policies/vaccine-requirements/dtap-child-school-2026/
Ohio,DTaP,Childcare,yes,True,age-appropriate,,,,,longstanding,,,,,2026,https://www.immunize.org/official-guidance/state-policies/vaccine-requirements/dtap-child-school-2026/
Ohio,DTaP,School,yes,True,4–5,,,,,longstanding,,,,,2026,https://www.immunize.org/official-guidance/state-policies/vaccine-requirements/dtap-child-school-2026/
Oklahoma,DTaP,Childcare,yes,True,age-appropriate,,,,,longstanding,,,,,2026,https://www.immunize.org/official-guidance/state-policies/vaccine-requirements/dtap-child-school-2026/
Oklahoma,DTaP,School,yes,True,4–5,,,,,longstanding,,,,,2026,https://www.immunize.org/official-guidance/state-policies/vaccine-requirements/dtap-child-school-2026/
Oregon,DTaP,Childcare,yes,True,age-appropriate,,,,,longstanding,,,,,2026,https://www.immunize.org/official-guidance/state-policies/vaccine-requirements/dtap-child-school-2026/
Oregon,DTaP,School,yes,True,age-appropriate,,,,,longstanding,,,,,2026,https://www.immunize.org/official-guidance/state-policies/vaccine-requirements/dtap-child-school-2026/
Pennsylvania,DTaP,Childcare,yes,True,age-appropriate,,,,,longstanding,,,,,2026,https://www.immunize.org/official-guidance/state-policies/vaccine-requirements/dtap-child-school-2026/
Pennsylvania,DTaP,School,yes,True,4,,,,,longstanding,,,,,2026,https://www.immunize.org/official-guidance/state-policies/vaccine-requirements/dtap-child-school-2026/
Rhode Island,DTaP,Childcare,yes,True,age-appropriate,,,,,longstanding,,,,,2026,https://www.immunize.org/official-guidance/state-policies/vaccine-requirements/dtap-child-school-2026/
Rhode Island,DTaP,School,yes,True,5,,,,,longstanding,,,,,2026,https://www.immunize.org/official-guidance/state-policies/vaccine-requirements/dtap-child-school-2026/
South Carolina,DTaP,Childcare,yes,True,age-appropriate,,,,,longstanding,,,,,2026,https://www.immunize.org/official-guidance/state-policies/vaccine-requirements/dtap-child-school-2026/
South Carolina,DTaP,School,yes,True,4,,,,,longstanding,,,,,2026,https://www.immunize.org/official-guidance/state-policies/vaccine-requirements/dtap-child-school-2026/
South Dakota,DTaP,Childcare,yes,True,age-appropriate,,,,,longstanding,,,,,2026,https://www.immunize.org/official-guidance/state-policies/vaccine-requirements/dtap-child-school-2026/
South Dakota,DTaP,School,yes,True,4 or more,,,,,longstanding,,,,,2026,https://www.immunize.org/official-guidance/state-policies/vaccine-requirements/dtap-child-school-2026/
Tennessee,DTaP,Childcare,yes,True,age-appropriate,,,,,longstanding,,,,,2026,https://www.immunize.org/official-guidance/state-policies/vaccine-requirements/dtap-child-school-2026/
Tennessee,DTaP,School,yes,True,4–5,,,,,longstanding,,,,,2026,https://www.immunize.org/official-guidance/state-policies/vaccine-requirements/dtap-child-school-2026/
Texas,DTaP,Childcare,yes,True,age-appropriate,,,,,longstanding,,,,,2026,https://www.immunize.org/official-guidance/state-policies/vaccine-requirements/dtap-child-school-2026/
Texas,DTaP,School,yes,True,4–5,,,,,longstanding,,,,,2026,https://www.immunize.org/official-guidance/state-policies/vaccine-requirements/dtap-child-school-2026/
Utah,DTaP,Childcare,yes,True,age-appropriate,,,,,longstanding,,,,,2026,https://www.immunize.org/official-guidance/state-policies/vaccine-requirements/dtap-child-school-2026/
Utah,DTaP,School,yes,True,4–5,,,,,longstanding,,,,,2026,https://www.immunize.org/official-guidance/state-policies/vaccine-requirements/dtap-child-school-2026/
Vermont,DTaP,Childcare,yes,True,age-appropriate,,,,,longstanding,,,,,2026,https://www.immunize.org/official-guidance/state-policies/vaccine-requirements/dtap-child-school-2026/
Vermont,DTaP,School,yes,True,5,,,,,longstanding,,,,,2026,https://www.immunize.org/official-guidance/state-policies/vaccine-requirements/dtap-child-school-2026/
Virginia,DTaP,Childcare,yes,True,age-appropriate,,,,,longstanding,,,,,2026,https://www.immunize.org/official-guidance/state-policies/vaccine-requirements/dtap-child-school-2026/
Virginia,DTaP,School,yes,True,4,,,,,longstanding,,,,,2026,https://www.immunize.org/official-guidance/state-policies/vaccine-requirements/dtap-child-school-2026/
Washington,DTaP,Childcare,yes,True,age-appropriate,,,,,longstanding,,,,,2026,https://www.immunize.org/official-guidance/state-policies/vaccine-requirements/dtap-child-school-2026/
Washington,DTaP,School,yes,True,4–5,,,,,longstanding,,,,,2026,https://www.immunize.org/official-guidance/state-policies/vaccine-requirements/dtap-child-school-2026/
West Virginia,DTaP,Childcare,yes,True,age-appropriate,,,,,longstanding,,,,,2026,https://www.immunize.org/official-guidance/state-policies/vaccine-requirements/dtap-child-school-2026/
West Virginia,DTaP,School,yes,True,4,,,,,longstanding,,,,,2026,https://www.immunize.org/official-guidance/state-policies/vaccine-requirements/dtap-child-school-2026/
Wisconsin,DTaP,Childcare,yes,True,age-appropriate,,,,,longstanding,,,,,2026,https://www.immunize.org/official-guidance/state-policies/vaccine-requirements/dtap-child-school-2026/
Wisconsin,DTaP,School,yes,True,4,,,,,longstanding,,,,,2026,https://www.immunize.org/official-guidance/state-policies/vaccine-requirements/dtap-child-school-2026/
Wyoming,DTaP,Childcare,yes,True,age-appropriate,,,,,longstanding,,,,,2026,https://www.immunize.org/official-guidance/state-policies/vaccine-requirements/dtap-child-school-2026/
Wyoming,DTaP,School,yes,True,4–5,,,,,longstanding,,,,,2026,https://www.immunize.org/official-guidance/state-policies/vaccine-requirements/dtap-child-school-2026/
Alabama,Hepatitis A,Childcare,,False,,,,,,,,,,,2026,https://www.immunize.org/official-guidance/state-policies/vaccine-requirements/hepa-child-school-2026/
Alabama,Hepatitis A,School,,False,,,,,,,,,,,2026,https://www.immunize.org/official-guidance/state-policies/vaccine-requirements/hepa-child-school-2026/
Alaska,Hepatitis A,Childcare,yes,True,,,,,,2001,,,,,2026,https://www.immunize.org/official-guidance/state-policies/vaccine-requirements/hepa-child-school-2026/
Alaska,Hepatitis A,School,yes,True,,K–12,,,,2001,,,,,2026,https://www.immunize.org/official-guidance/state-policies/vaccine-requirements/hepa-child-school-2026/
Arizona,Hepatitis A,Childcare,yes,True,,,,,,1999,,Required in Maricopa County only,,,2026,https://www.immunize.org/official-guidance/state-policies/vaccine-requirements/hepa-child-school-2026/
Arizona,Hepatitis A,School,,False,,,,,,,,,,,2026,https://www.immunize.org/official-guidance/state-policies/vaccine-requirements/hepa-child-school-2026/
Arkansas,Hepatitis A,Childcare,yes,True,,,,,,2014,,,,,2026,https://www.immunize.org/official-guidance/state-policies/vaccine-requirements/hepa-child-school-2026/
Arkansas,Hepatitis A,School,yes,True,,"K, 1",,,,2014,,,,,2026,https://www.immunize.org/official-guidance/state-policies/vaccine-requirements/hepa-child-school-2026/
California,Hepatitis A,Childcare,,False,,,,,,,,,,,2026,https://www.immunize.org/official-guidance/state-policies/vaccine-requirements/hepa-child-school-2026/
California,Hepatitis A,School,,False,,,,,,,,,,,2026,https://www.immunize.org/official-guidance/state-policies/vaccine-requirements/hepa-child-school-2026/
Colorado,Hepatitis A,Childcare,,False,,,,,,,,,,,2026,https://www.immunize.org/official-guidance/state-policies/vaccine-requirements/hepa-child-school-2026/
Colorado,Hepatitis A,School,,False,,,,,,,,,,,2026,https://www.immunize.org/official-guidance/state-policies/vaccine-requirements/hepa-child-school-2026/
Connecticut,Hepatitis A,Childcare,yes,True,,,,,,2010,,,,,2026,https://www.immunize.org/official-guidance/state-policies/vaccine-requirements/hepa-child-school-2026/
Connecticut,Hepatitis A,School,yes,True,,K–12,,,,2011,,,,,2026,https://www.immunize.org/official-guidance/state-policies/vaccine-requirements/hepa-child-school-2026/
Delaware,Hepatitis A,Childcare,,False,,,,,,,,,,,2026,https://www.immunize.org/official-guidance/state-policies/vaccine-requirements/hepa-child-school-2026/
Delaware,Hepatitis A,School,,False,,,,,,,,,,,2026,https://www.immunize.org/official-guidance/state-policies/vaccine-requirements/hepa-child-school-2026/
District of Columbia,Hepatitis A,Childcare,yes,True,,,,,,2008,,,,,2026,https://www.immunize.org/official-guidance/state-policies/vaccine-requirements/hepa-child-school-2026/
District of Columbia,Hepatitis A,School,yes,True,,K–12,,,,2008,,,,,2026,https://www.immunize.org/official-guidance/state-policies/vaccine-requirements/hepa-child-school-2026/
Florida,Hepatitis A,Childcare,,False,,,,,,,,,,,2026,https://www.immunize.org/official-guidance/state-policies/vaccine-requirements/hepa-child-school-2026/
Florida,Hepatitis A,School,,False,,,,,,,,,,,2026,https://www.immunize.org/official-guidance/state-policies/vaccine-requirements/hepa-child-school-2026/
Georgia,Hepatitis A,Childcare,yes,True,,,,,,2007,,,,,2026,https://www.immunize.org/official-guidance/state-policies/vaccine-requirements/hepa-child-school-2026/
Georgia,Hepatitis A,School,yes,True,,K–12,,,,2007,,,,,2026,https://www.immunize.org/official-guidance/state-policies/vaccine-requirements/hepa-child-school-2026/
Hawaii,Hepatitis A,Childcare,yes,True,,,,,,2020,,,,,2026,https://www.immunize.org/official-guidance/state-policies/vaccine-requirements/hepa-child-school-2026/
Hawaii,Hepatitis A,School,yes,True,,K–12,,,,2020,,,,,2026,https://www.immunize.org/official-guidance/state-policies/vaccine-requirements/hepa-child-school-2026/
Idaho,Hepatitis A,Childcare,yes,True,,,,,,2011,,,,,2026,https://www.immunize.org/official-guidance/state-policies/vaccine-requirements/hepa-child-school-2026/
Idaho,Hepatitis A,School,yes,True,,K–12,,,,2011,,,,,2026,https://www.immunize.org/official-guidance/state-policies/vaccine-requirements/hepa-child-school-2026/
Illinois,Hepatitis A,Childcare,,False,,,,,,,,,,,2026,https://www.immunize.org/official-guidance/state-policies/vaccine-requirements/hepa-child-school-2026/
Illinois,Hepatitis A,School,,False,,,,,,,,,,,2026,https://www.immunize.org/official-guidance/state-policies/vaccine-requirements/hepa-child-school-2026/
Indiana,Hepatitis A,Childcare,,False,,,,,,,,,,,2026,https://www.immunize.org/official-guidance/state-policies/vaccine-requirements/hepa-child-school-2026/
Indiana,Hepatitis A,School,yes,True,,pre K–12,,,,2020,,,,,2026,https://www.immunize.org/official-guidance/state-policies/vaccine-requirements/hepa-child-school-2026/
Iowa,Hepatitis A,Childcare,,False,,,,,,,,,,,2026,https://www.immunize.org/official-guidance/state-policies/vaccine-requirements/hepa-child-school-2026/
Iowa,Hepatitis A,School,,False,,,,,,,,,,,2026,https://www.immunize.org/official-guidance/state-policies/vaccine-requirements/hepa-child-school-2026/
Kansas,Hepatitis A,Childcare,yes,True,,,,,,2009,,,,,2026,https://www.immunize.org/official-guidance/state-policies/vaccine-requirements/hepa-child-school-2026/
Kansas,Hepatitis A,School,yes,True,,K–12,,,,2019,,,,,2026,https://www.immunize.org/official-guidance/state-policies/vaccine-requirements/hepa-child-school-2026/
Kentucky,Hepatitis A,Childcare,yes,True,,,,,,2018,,,,,2026,https://www.immunize.org/official-guidance/state-policies/vaccine-requirements/hepa-child-school-2026/
Kentucky,Hepatitis A,School,yes,True,,K–12,,,,2018,,,,,2026,https://www.immunize.org/official-guidance/state-policies/vaccine-requirements/hepa-child-school-2026/
Louisiana,Hepatitis A,Childcare,yes,True,,,,,,2023,,,,,2026,https://www.immunize.org/official-guidance/state-policies/vaccine-requirements/hepa-child-school-2026/
Louisiana,Hepatitis A,School,yes,True,,K,,,,2023,,,,,2026,https://www.immunize.org/official-guidance/state-policies/vaccine-requirements/hepa-child-school-2026/
Maine,Hepatitis A,Childcare,yes,True,,,,,,2021,,"1 dose by age 25 months, 2 doses by age 43 months",,,2026,https://www.immunize.org/official-guidance/state-policies/vaccine-requirements/hepa-child-school-2026/
Maine,Hepatitis A,School,,False,,,,,,,,,,,2026,https://www.immunize.org/official-guidance/state-policies/vaccine-requirements/hepa-child-school-2026/
Maryland,Hepatitis A,Childcare,,False,,,,,,,,,,,2026,https://www.immunize.org/official-guidance/state-policies/vaccine-requirements/hepa-child-school-2026/
Maryland,Hepatitis A,School,,False,,,,,,,,,,,2026,https://www.immunize.org/official-guidance/state-policies/vaccine-requirements/hepa-child-school-2026/
Massachusetts,Hepatitis A,Childcare,,False,,,,,,,,,,,2026,https://www.immunize.org/official-guidance/state-policies/vaccine-requirements/hepa-child-school-2026/
Massachusetts,Hepatitis A,School,,False,,,,,,,,,,,2026,https://www.immunize.org/official-guidance/state-policies/vaccine-requirements/hepa-child-school-2026/
Michigan,Hepatitis A,Childcare,,False,,,,,,,,,,,2026,https://www.immunize.org/official-guidance/state-policies/vaccine-requirements/hepa-child-school-2026/
Michigan,Hepatitis A,School,,False,,,,,,,,,,,2026,https://www.immunize.org/official-guidance/state-policies/vaccine-requirements/hepa-child-school-2026/
Minnesota,Hepatitis A,Childcare,yes,True,,,,,,2014,,,,,2026,https://www.immunize.org/official-guidance/state-policies/vaccine-requirements/hepa-child-school-2026/
Minnesota,Hepatitis A,School,,False,,,,,,,,,,,2026,https://www.immunize.org/official-guidance/state-policies/vaccine-requirements/hepa-child-school-2026/
Mississippi,Hepatitis A,Childcare,,False,,,,,,,,,,,2026,https://www.immunize.org/official-guidance/state-policies/vaccine-requirements/hepa-child-school-2026/
Mississippi,Hepatitis A,School,,False,,,,,,,,,,,2026,https://www.immunize.org/official-guidance/state-policies/vaccine-requirements/hepa-child-school-2026/
Missouri,Hepatitis A,Childcare,,False,,,,,,,,,,,2026,https://www.immunize.org/official-guidance/state-policies/vaccine-requirements/hepa-child-school-2026/
Missouri,Hepatitis A,School,,False,,,,,,,,,,,2026,https://www.immunize.org/official-guidance/state-policies/vaccine-requirements/hepa-child-school-2026/
Montana,Hepatitis A,Childcare,,False,,,,,,,,,,,2026,https://www.immunize.org/official-guidance/state-policies/vaccine-requirements/hepa-child-school-2026/
Montana,Hepatitis A,School,,False,,,,,,,,,,,2026,https://www.immunize.org/official-guidance/state-policies/vaccine-requirements/hepa-child-school-2026/
Nebraska,Hepatitis A,Childcare,,False,,,,,,,,,,,2026,https://www.immunize.org/official-guidance/state-policies/vaccine-requirements/hepa-child-school-2026/
Nebraska,Hepatitis A,School,,False,,,,,,,,,,,2026,https://www.immunize.org/official-guidance/state-policies/vaccine-requirements/hepa-child-school-2026/
Nevada,Hepatitis A,Childcare,yes,True,,,,,,2002,,,,,2026,https://www.immunize.org/official-guidance/state-policies/vaccine-requirements/hepa-child-school-2026/
Nevada,Hepatitis A,School,yes,True,,K–12,,,,2002,,,,,2026,https://www.immunize.org/official-guidance/state-policies/vaccine-requirements/hepa-child-school-2026/
New Hampshire,Hepatitis A,Childcare,,False,,,,,,,,,,,2026,https://www.immunize.org/official-guidance/state-policies/vaccine-requirements/hepa-child-school-2026/
New Hampshire,Hepatitis A,School,,False,,,,,,,,,,,2026,https://www.immunize.org/official-guidance/state-policies/vaccine-requirements/hepa-child-school-2026/
New Jersey,Hepatitis A,Childcare,,False,,,,,,,,,,,2026,https://www.immunize.org/official-guidance/state-policies/vaccine-requirements/hepa-child-school-2026/
New Jersey,Hepatitis A,School,,False,,,,,,,,,,,2026,https://www.immunize.org/official-guidance/state-policies/vaccine-requirements/hepa-child-school-2026/
New Mexico,Hepatitis A,Childcare,yes,True,,,,,,2008,,,,,2026,https://www.immunize.org/official-guidance/state-policies/vaccine-requirements/hepa-child-school-2026/
New Mexico,Hepatitis A,School,yes,True,,K–4,,,,,,vaccine catch-up recommended for Gr 5–12,,,2026,https://www.immunize.org/official-guidance/state-policies/vaccine-requirements/hepa-child-school-2026/
New York,Hepatitis A,Childcare,,False,,,,,,,,,,,2026,https://www.immunize.org/official-guidance/state-policies/vaccine-requirements/hepa-child-school-2026/
New York,Hepatitis A,School,,False,,,,,,,,,,,2026,https://www.immunize.org/official-guidance/state-policies/vaccine-requirements/hepa-child-school-2026/
North Carolina,Hepatitis A,Childcare,,False,,,,,,,,,,,2026,https://www.immunize.org/official-guidance/state-policies/vaccine-requirements/hepa-child-school-2026/
North Carolina,Hepatitis A,School,,False,,,,,,,,,,,2026,https://www.immunize.org/official-guidance/state-policies/vaccine-requirements/hepa-child-school-2026/
North Dakota,Hepatitis A,Childcare,yes,True,,,,,,2008,,,,,2026,https://www.immunize.org/official-guidance/state-policies/vaccine-requirements/hepa-child-school-2026/
North Dakota,Hepatitis A,School,,False,,,,,,,,,,,2026,https://www.immunize.org/official-guidance/state-policies/vaccine-requirements/hepa-child-school-2026/
Ohio,Hepatitis A,Childcare,yes,True,,,,,,2015,,age-appropriate,,,2026,https://www.immunize.org/official-guidance/state-policies/vaccine-requirements/hepa-child-school-2026/
Ohio,Hepatitis A,School,,False,,,,,,,,,,,2026,https://www.immunize.org/official-guidance/state-policies/vaccine-requirements/hepa-child-school-2026/
Oklahoma,Hepatitis A,Childcare,yes,True,,,,,,1998,,,,,2026,https://www.immunize.org/official-guidance/state-policies/vaccine-requirements/hepa-child-school-2026/
Oklahoma,Hepatitis A,School,yes,True,,K–12,,,,1998,,,,,2026,https://www.immunize.org/official-guidance/state-policies/vaccine-requirements/hepa-child-school-2026/
Oregon,Hepatitis A,Childcare,yes,True,,,,,,2008,,,,,2026,https://www.immunize.org/official-guidance/state-policies/vaccine-requirements/hepa-child-school-2026/
Oregon,Hepatitis A,School,yes,True,,K–12,,,,2008,,,,,2026,https://www.immunize.org/official-guidance/state-policies/vaccine-requirements/hepa-child-school-2026/
Pennsylvania,Hepatitis A,Childcare,yes,True,,,,,,2006,,,,,2026,https://www.immunize.org/official-guidance/state-policies/vaccine-requirements/hepa-child-school-2026/
Pennsylvania,Hepatitis A,School,,False,,,,,,,,,,,2026,https://www.immunize.org/official-guidance/state-policies/vaccine-requirements/hepa-child-school-2026/
Rhode Island,Hepatitis A,Childcare,yes,True,,,,,,2015,,,,,2026,https://www.immunize.org/official-guidance/state-policies/vaccine-requirements/hepa-child-school-2026/
Rhode Island,Hepatitis A,School,,False,,,,,,,,,,,2026,https://www.immunize.org/official-guidance/state-policies/vaccine-requirements/hepa-child-school-2026/
South Carolina,Hepatitis A,Childcare,yes,True,,,,,,2020,,,,,2026,https://www.immunize.org/official-guidance/state-policies/vaccine-requirements/hepa-child-school-2026/
South Carolina,Hepatitis A,School,yes,True,,K–6,,,,2020,,incremental implementation (+1 grade each year),,,2026,https://www.immunize.org/official-guidance/state-policies/vaccine-requirements/hepa-child-school-2026/
South Dakota,Hepatitis A,Childcare,yes,True,,,,,,2016,,,,,2026,https://www.immunize.org/official-guidance/state-policies/vaccine-requirements/hepa-child-school-2026/
South Dakota,Hepatitis A,School,,False,,,,,,,,,,,2026,https://www.immunize.org/official-guidance/state-policies/vaccine-requirements/hepa-child-school-2026/
Tennessee,Hepatitis A,Childcare,yes,True,,,,,,2010,,1 dose by 18 months+,,,2026,https://www.immunize.org/official-guidance/state-policies/vaccine-requirements/hepa-child-school-2026/
Tennessee,Hepatitis A,School,yes,True,,K,,,,2011,,2 doses,,,2026,https://www.immunize.org/official-guidance/state-policies/vaccine-requirements/hepa-child-school-2026/
Texas,Hepatitis A,Childcare,yes,True,,,,,,1999,,,,,2026,https://www.immunize.org/official-guidance/state-policies/vaccine-requirements/hepa-child-school-2026/
Texas,Hepatitis A,School,yes,True,,K–12,,,,2022,,,,,2026,https://www.immunize.org/official-guidance/state-policies/vaccine-requirements/hepa-child-school-2026/
Utah,Hepatitis A,Childcare,yes,True,,,,,,2008,,,,,2026,https://www.immunize.org/official-guidance/state-policies/vaccine-requirements/hepa-child-school-2026/
Utah,Hepatitis A,School,yes,True,,K,,,,2002,,,,,2026,https://www.immunize.org/official-guidance/state-policies/vaccine-requirements/hepa-child-school-2026/
Vermont,Hepatitis A,Childcare,,False,,,,,,,,,,,2026,https://www.immunize.org/official-guidance/state-policies/vaccine-requirements/hepa-child-school-2026/
Vermont,Hepatitis A,School,,False,,,,,,,,,,,2026,https://www.immunize.org/official-guidance/state-policies/vaccine-requirements/hepa-child-school-2026/
Virginia,Hepatitis A,Childcare,yes,True,,,,,,2021,,,,,2026,https://www.immunize.org/official-guidance/state-policies/vaccine-requirements/hepa-child-school-2026/
Virginia,Hepatitis A,School,yes,True,,K,,,,2021,,,,,2026,https://www.immunize.org/official-guidance/state-policies/vaccine-requirements/hepa-child-school-2026/
Washington,Hepatitis A,Childcare,,False,,,,,,,,,,,2026,https://www.immunize.org/official-guidance/state-policies/vaccine-requirements/hepa-child-school-2026/
Washington,Hepatitis A,School,,False,,,,,,,,,,,2026,https://www.immunize.org/official-guidance/state-policies/vaccine-requirements/hepa-child-school-2026/
West Virginia,Hepatitis A,Childcare,,False,,,,,,,,,,,2026,https://www.immunize.org/official-guidance/state-policies/vaccine-requirements/hepa-child-school-2026/
West Virginia,Hepatitis A,School,,False,,,,,,,,,,,2026,https://www.immunize.org/official-guidance/state-policies/vaccine-requirements/hepa-child-school-2026/
Wisconsin,Hepatitis A,Childcare,,False,,,,,,,,,,,2026,https://www.immunize.org/official-guidance/state-policies/vaccine-requirements/hepa-child-school-2026/
Wisconsin,Hepatitis A,School,,False,,,,,,,,,,,2026,https://www.immunize.org/official-guidance/state-policies/vaccine-requirements/hepa-child-school-2026/
Wyoming,Hepatitis A,Childcare,,False,,,,,,,,,,,2026,https://www.immunize.org/official-guidance/state-policies/vaccine-requirements/hepa-child-school-2026/
Wyoming,Hepatitis A,School,,False,,,,,,,,,,,2026,https://www.immunize.org/official-guidance/state-policies/vaccine-requirements/hepa-child-school-2026/
Alabama,Hepatitis B,Childcare,,False,,,,,,,,,,,2026,https://www.immunize.org/official-guidance/state-policies/vaccine-requirements/hepb-child-school-2026/
Alabama,Hepatitis B,School,,False,,,,,,,,,,,2026,https://www.immunize.org/official-guidance/state-policies/vaccine-requirements/hepb-child-school-2026/
Alaska,Hepatitis B,Childcare,yes,True,,,,,,2001,,,,,2026,https://www.immunize.org/official-guidance/state-policies/vaccine-requirements/hepb-child-school-2026/
Alaska,Hepatitis B,School,yes,True,,K–12,,,,2001,,,,,2026,https://www.immunize.org/official-guidance/state-policies/vaccine-requirements/hepb-child-school-2026/
Arizona,Hepatitis B,Childcare,yes,True,,,,,,1997,,,,,2026,https://www.immunize.org/official-guidance/state-policies/vaccine-requirements/hepb-child-school-2026/
Arizona,Hepatitis B,School,yes,True,,K–12,,,,1997,,,,,2026,https://www.immunize.org/official-guidance/state-policies/vaccine-requirements/hepb-child-school-2026/
Arkansas,Hepatitis B,Childcare,yes,True,,,,,,2000,,,,,2026,https://www.immunize.org/official-guidance/state-policies/vaccine-requirements/hepb-child-school-2026/
Arkansas,Hepatitis B,School,yes,True,,K–12,,,,2000,,,,,2026,https://www.immunize.org/official-guidance/state-policies/vaccine-requirements/hepb-child-school-2026/
California,Hepatitis B,Childcare,yes,True,,,,,,1997,,,,,2026,https://www.immunize.org/official-guidance/state-policies/vaccine-requirements/hepb-child-school-2026/
California,Hepatitis B,School,yes,True,,K–12,,,,1997,,,,,2026,https://www.immunize.org/official-guidance/state-policies/vaccine-requirements/hepb-child-school-2026/
Colorado,Hepatitis B,Childcare,yes,True,,,,,,1997,,,,,2026,https://www.immunize.org/official-guidance/state-policies/vaccine-requirements/hepb-child-school-2026/
Colorado,Hepatitis B,School,yes,True,,K–12,,,,1997,,,,,2026,https://www.immunize.org/official-guidance/state-policies/vaccine-requirements/hepb-child-school-2026/
Connecticut,Hepatitis B,Childcare,yes,True,,,,,,1995,,,,,2026,https://www.immunize.org/official-guidance/state-policies/vaccine-requirements/hepb-child-school-2026/
Connecticut,Hepatitis B,School,yes,True,,K–12,,,,1996,,,,,2026,https://www.immunize.org/official-guidance/state-policies/vaccine-requirements/hepb-child-school-2026/
Delaware,Hepatitis B,Childcare,yes,True,,,,,,1999,,,,,2026,https://www.immunize.org/official-guidance/state-policies/vaccine-requirements/hepb-child-school-2026/
Delaware,Hepatitis B,School,yes,True,,K–12,,,,1999,,,,,2026,https://www.immunize.org/official-guidance/state-policies/vaccine-requirements/hepb-child-school-2026/
District of Columbia,Hepatitis B,Childcare,yes,True,,,,,,1997,,,,,2026,https://www.immunize.org/official-guidance/state-policies/vaccine-requirements/hepb-child-school-2026/
District of Columbia,Hepatitis B,School,yes,True,,K–12,,,,1997,,,,,2026,https://www.immunize.org/official-guidance/state-policies/vaccine-requirements/hepb-child-school-2026/
Florida,Hepatitis B,Childcare,yes,True,,,,,,longstanding,,,,,2026,https://www.immunize.org/official-guidance/state-policies/vaccine-requirements/hepb-child-school-2026/
Florida,Hepatitis B,School,yes,True,,K–12,,,,1998,1998: K–6 1997: Gr 7–12,,,,2026,https://www.immunize.org/official-guidance/state-policies/vaccine-requirements/hepb-child-school-2026/
Georgia,Hepatitis B,Childcare,yes,True,,,,,,1997,,,,,2026,https://www.immunize.org/official-guidance/state-policies/vaccine-requirements/hepb-child-school-2026/
Georgia,Hepatitis B,School,yes,True,,K–6,,,,1997,,,,,2026,https://www.immunize.org/official-guidance/state-policies/vaccine-requirements/hepb-child-school-2026/
Hawaii,Hepatitis B,Childcare,yes,True,,,,,,1998,,,,,2026,https://www.immunize.org/official-guidance/state-policies/vaccine-requirements/hepb-child-school-2026/
Hawaii,Hepatitis B,School,yes,True,,K–12,,,,1998,1998: K–6 2002: Gr 7–12,,,,2026,https://www.immunize.org/official-guidance/state-policies/vaccine-requirements/hepb-child-school-2026/
Idaho,Hepatitis B,Childcare,yes,True,,,,,,1995,,,,,2026,https://www.immunize.org/official-guidance/state-policies/vaccine-requirements/hepb-child-school-2026/
Idaho,Hepatitis B,School,yes,True,,K–12,,,,1995,K–12 born on/after 11/22/1991,,,,2026,https://www.immunize.org/official-guidance/state-policies/vaccine-requirements/hepb-child-school-2026/
Illinois,Hepatitis B,Childcare,yes,True,,,,,,1997,,,,,2026,https://www.immunize.org/official-guidance/state-policies/vaccine-requirements/hepb-child-school-2026/
Illinois,Hepatitis B,School,yes,True,,Gr 6–12,,,,1997,,,,,2026,https://www.immunize.org/official-guidance/state-policies/vaccine-requirements/hepb-child-school-2026/
Indiana,Hepatitis B,Childcare,,False,,,,,,,,,,,2026,https://www.immunize.org/official-guidance/state-policies/vaccine-requirements/hepb-child-school-2026/
Indiana,Hepatitis B,School,yes,True,,K–12,,,,1999,1999: K–6 2005: Gr 7–12,,,,2026,https://www.immunize.org/official-guidance/state-policies/vaccine-requirements/hepb-child-school-2026/
Iowa,Hepatitis B,Childcare,,False,,,,,,,,,,,2026,https://www.immunize.org/official-guidance/state-policies/vaccine-requirements/hepb-child-school-2026/
Iowa,Hepatitis B,School,yes,True,,K–12,,,,1999,,,,,2026,https://www.immunize.org/official-guidance/state-policies/vaccine-requirements/hepb-child-school-2026/
Kansas,Hepatitis B,Childcare,yes,True,,,,,,2009,,,,,2026,https://www.immunize.org/official-guidance/state-policies/vaccine-requirements/hepb-child-school-2026/
Kansas,Hepatitis B,School,yes,True,,K–12,,,,2004,2004: K–6 2009: Gr 7–12,,,,2026,https://www.immunize.org/official-guidance/state-policies/vaccine-requirements/hepb-child-school-2026/
Kentucky,Hepatitis B,Childcare,yes,True,,,,,,1998,,,,,2026,https://www.immunize.org/official-guidance/state-policies/vaccine-requirements/hepb-child-school-2026/
Kentucky,Hepatitis B,School,yes,True,,K–12,,,,1998,1998: K–6 2001: Gr 7–12,,,,2026,https://www.immunize.org/official-guidance/state-policies/vaccine-requirements/hepb-child-school-2026/
Louisiana,Hepatitis B,Childcare,yes,True,,,,,,1998,,,,,2026,https://www.immunize.org/official-guidance/state-policies/vaccine-requirements/hepb-child-school-2026/
Louisiana,Hepatitis B,School,yes,True,,K–12,,,,1998,1998: K–6 2009: Gr 7–12,,,,2026,https://www.immunize.org/official-guidance/state-policies/vaccine-requirements/hepb-child-school-2026/
Maine,Hepatitis B,Childcare,yes,True,,,,,,2002,,,,,2026,https://www.immunize.org/official-guidance/state-policies/vaccine-requirements/hepb-child-school-2026/
Maine,Hepatitis B,School,,False,,,,,,,,,,,2026,https://www.immunize.org/official-guidance/state-policies/vaccine-requirements/hepb-child-school-2026/
Maryland,Hepatitis B,Childcare,yes,True,,,,,,2000,,,,,2026,https://www.immunize.org/official-guidance/state-policies/vaccine-requirements/hepb-child-school-2026/
Maryland,Hepatitis B,School,yes,True,,K–12,,,,2001,2001: K–6 2007: Gr 7–12,,,,2026,https://www.immunize.org/official-guidance/state-policies/vaccine-requirements/hepb-child-school-2026/
Massachusetts,Hepatitis B,Childcare,yes,True,,,,,,1993,,,,,2026,https://www.immunize.org/official-guidance/state-policies/vaccine-requirements/hepb-child-school-2026/
Massachusetts,Hepatitis B,School,yes,True,,K–12,,,,1996,1996: K–6 1999: Gr 7–12,,,,2026,https://www.immunize.org/official-guidance/state-policies/vaccine-requirements/hepb-child-school-2026/
Michigan,Hepatitis B,Childcare,yes,True,,,,,,1997,,,,,2026,https://www.immunize.org/official-guidance/state-policies/vaccine-requirements/hepb-child-school-2026/
Michigan,Hepatitis B,School,yes,True,,K–12,,,,2001,2001: K–6 2002: Gr 7–12,,,,2026,https://www.immunize.org/official-guidance/state-policies/vaccine-requirements/hepb-child-school-2026/
Minnesota,Hepatitis B,Childcare,yes,True,,,,,,2014,,,,,2026,https://www.immunize.org/official-guidance/state-policies/vaccine-requirements/hepb-child-school-2026/
Minnesota,Hepatitis B,School,yes,True,,K–12,,,,2000,2000: K–6 2001: Gr 7–12,,,,2026,https://www.immunize.org/official-guidance/state-policies/vaccine-requirements/hepb-child-school-2026/
Mississippi,Hepatitis B,Childcare,yes,True,,,,,,longstanding,,,,,2026,https://www.immunize.org/official-guidance/state-policies/vaccine-requirements/hepb-child-school-2026/
Mississippi,Hepatitis B,School,yes,True,,K–12,,,,1999,,,,,2026,https://www.immunize.org/official-guidance/state-policies/vaccine-requirements/hepb-child-school-2026/
Missouri,Hepatitis B,Childcare,yes,True,,,,,,1995,,,,,2026,https://www.immunize.org/official-guidance/state-policies/vaccine-requirements/hepb-child-school-2026/
Missouri,Hepatitis B,School,yes,True,,K–12,,,,1997,1997: K–6 1998: Gr 7–12,,,,2026,https://www.immunize.org/official-guidance/state-policies/vaccine-requirements/hepb-child-school-2026/
Montana,Hepatitis B,Childcare,yes,True,,,,,,2018,,,,,2026,https://www.immunize.org/official-guidance/state-policies/vaccine-requirements/hepb-child-school-2026/
Montana,Hepatitis B,School,,False,,,,,,,,,,,2026,https://www.immunize.org/official-guidance/state-policies/vaccine-requirements/hepb-child-school-2026/
Nebraska,Hepatitis B,Childcare,yes,True,,,,,,2004,,,,,2026,https://www.immunize.org/official-guidance/state-policies/vaccine-requirements/hepb-child-school-2026/
Nebraska,Hepatitis B,School,yes,True,,K–12,,,,1999,1999: K–6 2000: Gr 7–12,,,,2026,https://www.immunize.org/official-guidance/state-policies/vaccine-requirements/hepb-child-school-2026/
Nevada,Hepatitis B,Childcare,yes,True,,,,,,2007,,,,,2026,https://www.immunize.org/official-guidance/state-policies/vaccine-requirements/hepb-child-school-2026/
Nevada,Hepatitis B,School,yes,True,,K–6,,,,2002,,,,,2026,https://www.immunize.org/official-guidance/state-policies/vaccine-requirements/hepb-child-school-2026/
New Hampshire,Hepatitis B,Childcare,yes,True,,,,,,1996,,,,,2026,https://www.immunize.org/official-guidance/state-policies/vaccine-requirements/hepb-child-school-2026/
New Hampshire,Hepatitis B,School,yes,True,,K–12,,,,1993,,,,,2026,https://www.immunize.org/official-guidance/state-policies/vaccine-requirements/hepb-child-school-2026/
New Jersey,Hepatitis B,Childcare,,False,,,,,,,,,,,2026,https://www.immunize.org/official-guidance/state-policies/vaccine-requirements/hepb-child-school-2026/
New Jersey,Hepatitis B,School,yes,True,,K–12,,,,2001,2001: K–6 2004: Gr 9–12,,,,2026,https://www.immunize.org/official-guidance/state-policies/vaccine-requirements/hepb-child-school-2026/
New Mexico,Hepatitis B,Childcare,yes,True,,,,,,2000,,,,,2026,https://www.immunize.org/official-guidance/state-policies/vaccine-requirements/hepb-child-school-2026/
New Mexico,Hepatitis B,School,yes,True,,K–12,,,,1999,2002: K–6 1999: Gr 7–12,,,,2026,https://www.immunize.org/official-guidance/state-policies/vaccine-requirements/hepb-child-school-2026/
New York,Hepatitis B,Childcare,yes,True,,,,,,1995,,,,,2026,https://www.immunize.org/official-guidance/state-policies/vaccine-requirements/hepb-child-school-2026/
New York,Hepatitis B,School,yes,True,,K–12,,,,1998,1998: K–6 2000: Gr 7–12,,,,2026,https://www.immunize.org/official-guidance/state-policies/vaccine-requirements/hepb-child-school-2026/
North Carolina,Hepatitis B,Childcare,yes,True,,,,,,1994,,,,,2026,https://www.immunize.org/official-guidance/state-policies/vaccine-requirements/hepb-child-school-2026/
North Carolina,Hepatitis B,School,yes,True,,K–12,,,,1999,1999: K–6 2005: Gr 7–12,,,,2026,https://www.immunize.org/official-guidance/state-policies/vaccine-requirements/hepb-child-school-2026/
North Dakota,Hepatitis B,Childcare,yes,True,,,,,,2000,,,,,2026,https://www.immunize.org/official-guidance/state-policies/vaccine-requirements/hepb-child-school-2026/
North Dakota,Hepatitis B,School,yes,True,,K–12,,,,2000,,,,,2026,https://www.immunize.org/official-guidance/state-policies/vaccine-requirements/hepb-child-school-2026/
Ohio,Hepatitis B,Childcare,yes,True,,,,,,2015,,,,,2026,https://www.immunize.org/official-guidance/state-policies/vaccine-requirements/hepb-child-school-2026/
Ohio,Hepatitis B,School,yes,True,,K–12,,,,1999,1999: K–6 2006: Gr 7–12,,,,2026,https://www.immunize.org/official-guidance/state-policies/vaccine-requirements/hepb-child-school-2026/
Oklahoma,Hepatitis B,Childcare,yes,True,,,,,,1999,,,,,2026,https://www.immunize.org/official-guidance/state-policies/vaccine-requirements/hepb-child-school-2026/
Oklahoma,Hepatitis B,School,yes,True,,K–12,,,,1997,1998: K–6 1997: Gr 7–12,,,,2026,https://www.immunize.org/official-guidance/state-policies/vaccine-requirements/hepb-child-school-2026/
Oregon,Hepatitis B,Childcare,yes,True,,,,,,1998,,,,,2026,https://www.immunize.org/official-guidance/state-policies/vaccine-requirements/hepb-child-school-2026/
Oregon,Hepatitis B,School,yes,True,,K–12,,,,1998,1998: Gr K–6 2000: Gr 7–12,,,,2026,https://www.immunize.org/official-guidance/state-policies/vaccine-requirements/hepb-child-school-2026/
Pennsylvania,Hepatitis B,Childcare,yes,True,,,,,,1994,,,,,2026,https://www.immunize.org/official-guidance/state-policies/vaccine-requirements/hepb-child-school-2026/
Pennsylvania,Hepatitis B,School,yes,True,,"K, Gr 7, Gr 12",,,,1997,1997: K 2002 :Gr 7–12,,,,2026,https://www.immunize.org/official-guidance/state-policies/vaccine-requirements/hepb-child-school-2026/
Rhode Island,Hepatitis B,Childcare,yes,True,,,,,,1998,,,,,2026,https://www.immunize.org/official-guidance/state-policies/vaccine-requirements/hepb-child-school-2026/
Rhode Island,Hepatitis B,School,yes,True,,K–12,,,,1999,1999: K–6 2000: Gr 7–12,,,,2026,https://www.immunize.org/official-guidance/state-policies/vaccine-requirements/hepb-child-school-2026/
South Carolina,Hepatitis B,Childcare,yes,True,,,,,,1994,,,,,2026,https://www.immunize.org/official-guidance/state-policies/vaccine-requirements/hepb-child-school-2026/
South Carolina,Hepatitis B,School,yes,True,,K–12,,,,1998,,,,,2026,https://www.immunize.org/official-guidance/state-policies/vaccine-requirements/hepb-child-school-2026/
South Dakota,Hepatitis B,Childcare,yes,True,,,,,,longstanding,,,,,2026,https://www.immunize.org/official-guidance/state-policies/vaccine-requirements/hepb-child-school-2026/
South Dakota,Hepatitis B,School,,False,,,,,,,,,,,2026,https://www.immunize.org/official-guidance/state-policies/vaccine-requirements/hepb-child-school-2026/
Tennessee,Hepatitis B,Childcare,yes,True,,,,,,1999,,,,,2026,https://www.immunize.org/official-guidance/state-policies/vaccine-requirements/hepb-child-school-2026/
Tennessee,Hepatitis B,School,yes,True,,K–12,,,,1999,1999: K–6 2002: Gr 7–12,,,,2026,https://www.immunize.org/official-guidance/state-policies/vaccine-requirements/hepb-child-school-2026/
Texas,Hepatitis B,Childcare,yes,True,,,,,,1998,,,,,2026,https://www.immunize.org/official-guidance/state-policies/vaccine-requirements/hepb-child-school-2026/
Texas,Hepatitis B,School,yes,True,,K–12,,,,1998,1998: K–6 2000: Gr 7–12,,,,2026,https://www.immunize.org/official-guidance/state-policies/vaccine-requirements/hepb-child-school-2026/
Utah,Hepatitis B,Childcare,yes,True,,,,,,2008,,,,,2026,https://www.immunize.org/official-guidance/state-policies/vaccine-requirements/hepb-child-school-2026/
Utah,Hepatitis B,School,yes,True,,K–12,,,,1999,,,,,2026,https://www.immunize.org/official-guidance/state-policies/vaccine-requirements/hepb-child-school-2026/
Vermont,Hepatitis B,Childcare,yes,True,,,,,,2011,,,,,2026,https://www.immunize.org/official-guidance/state-policies/vaccine-requirements/hepb-child-school-2026/
Vermont,Hepatitis B,School,yes,True,,K–12,,,,1999,2008: K–6 1999: Gr 7–12,,,,2026,https://www.immunize.org/official-guidance/state-policies/vaccine-requirements/hepb-child-school-2026/
Virginia,Hepatitis B,Childcare,yes,True,,,,,,1994,,,,,2026,https://www.immunize.org/official-guidance/state-policies/vaccine-requirements/hepb-child-school-2026/
Virginia,Hepatitis B,School,yes,True,,K–12,,,,1994,1994: K–6 2001: Gr 7–12,,,,2026,https://www.immunize.org/official-guidance/state-policies/vaccine-requirements/hepb-child-school-2026/
Washington,Hepatitis B,Childcare,yes,True,,,,,,1997,,,,,2026,https://www.immunize.org/official-guidance/state-policies/vaccine-requirements/hepb-child-school-2026/
Washington,Hepatitis B,School,yes,True,,K–12,,,,1997,1997: K–6 2008: Gr 7–12,,,,2026,https://www.immunize.org/official-guidance/state-policies/vaccine-requirements/hepb-child-school-2026/
West Virginia,Hepatitis B,Childcare,yes,True,,,,,,2000,,,,,2026,https://www.immunize.org/official-guidance/state-policies/vaccine-requirements/hepb-child-school-2026/
West Virginia,Hepatitis B,School,yes,True,,K–12,,,,2008,,,,,2026,https://www.immunize.org/official-guidance/state-policies/vaccine-requirements/hepb-child-school-2026/
Wisconsin,Hepatitis B,Childcare,yes,True,,,,,,1997,,,,,2026,https://www.immunize.org/official-guidance/state-policies/vaccine-requirements/hepb-child-school-2026/
Wisconsin,Hepatitis B,School,yes,True,,K–12,,,,1997,,,,,2026,https://www.immunize.org/official-guidance/state-policies/vaccine-requirements/hepb-child-school-2026/
Wyoming,Hepatitis B,Childcare,yes,True,,,,,,1999,,,,,2026,https://www.immunize.org/official-guidance/state-policies/vaccine-requirements/hepb-child-school-2026/
Wyoming,Hepatitis B,School,yes,True,,K–12,,,,1999,1999: K–6 1998: Gr 7–12,,,,2026,https://www.immunize.org/official-guidance/state-policies/vaccine-requirements/hepb-child-school-2026/
Alabama,Hepatitis B,College,,False,,,,,,,,,,,2026,https://www.immunize.org/official-guidance/state-policies/vaccine-requirements/hepb-college-2026/
Alaska,Hepatitis B,College,,False,,,,,,,,,,,2026,https://www.immunize.org/official-guidance/state-policies/vaccine-requirements/hepb-college-2026/
Arizona,Hepatitis B,College,,False,,,,,,,,,,,2026,https://www.immunize.org/official-guidance/state-policies/vaccine-requirements/hepb-college-2026/
Arkansas,Hepatitis B,College,,False,,,,,,,,,,,2026,https://www.immunize.org/official-guidance/state-policies/vaccine-requirements/hepb-college-2026/
California,Hepatitis B,College,yes,True,,,,students age 18 or younger,state university and University of CA system,2000,,,,,2026,https://www.immunize.org/official-guidance/state-policies/vaccine-requirements/hepb-college-2026/
Colorado,Hepatitis B,College,,False,,,,,,,,,,,2026,https://www.immunize.org/official-guidance/state-policies/vaccine-requirements/hepb-college-2026/
Connecticut,Hepatitis B,College,,False,,,,,,,,,,,2026,https://www.immunize.org/official-guidance/state-policies/vaccine-requirements/hepb-college-2026/
Delaware,Hepatitis B,College,,False,,,,,,,,,,,2026,https://www.immunize.org/official-guidance/state-policies/vaccine-requirements/hepb-college-2026/
District of Columbia,Hepatitis B,College,yes,True,,,,all,all,2003,,,,,2026,https://www.immunize.org/official-guidance/state-policies/vaccine-requirements/hepb-college-2026/
Florida,Hepatitis B,College,yes,True,,,,students in on-campus housing,all,2003,,,,,2026,https://www.immunize.org/official-guidance/state-policies/vaccine-requirements/hepb-college-2026/
Georgia,Hepatitis B,College,yes,True,,,,students age 18 or younger,University of GA,2005,,,,,2026,https://www.immunize.org/official-guidance/state-policies/vaccine-requirements/hepb-college-2026/
Hawaii,Hepatitis B,College,,False,,,,,,,,,,,2026,https://www.immunize.org/official-guidance/state-policies/vaccine-requirements/hepb-college-2026/
Idaho,Hepatitis B,College,,False,,,,,,,,,,,2026,https://www.immunize.org/official-guidance/state-policies/vaccine-requirements/hepb-college-2026/
Illinois,Hepatitis B,College,,False,,,,,,,,,,,2026,https://www.immunize.org/official-guidance/state-policies/vaccine-requirements/hepb-college-2026/
Indiana,Hepatitis B,College,,False,,,,,,,,,,,2026,https://www.immunize.org/official-guidance/state-policies/vaccine-requirements/hepb-college-2026/
Iowa,Hepatitis B,College,,False,,,,,,,,,,,2026,https://www.immunize.org/official-guidance/state-policies/vaccine-requirements/hepb-college-2026/
Kansas,Hepatitis B,College,,False,,,,,,,,,,,2026,https://www.immunize.org/official-guidance/state-policies/vaccine-requirements/hepb-college-2026/
Kentucky,Hepatitis B,College,,False,,,,,,,,,,,2026,https://www.immunize.org/official-guidance/state-policies/vaccine-requirements/hepb-college-2026/
Louisiana,Hepatitis B,College,,False,,,,,,,,,,,2026,https://www.immunize.org/official-guidance/state-policies/vaccine-requirements/hepb-college-2026/
Maine,Hepatitis B,College,,False,,,,,,,,,,,2026,https://www.immunize.org/official-guidance/state-policies/vaccine-requirements/hepb-college-2026/
Maryland,Hepatitis B,College,,False,,,,,,,,,,,2026,https://www.immunize.org/official-guidance/state-policies/vaccine-requirements/hepb-college-2026/
Massachusetts,Hepatitis B,College,yes,True,,,,full-time undergraduate and graduate students; part-time health science students,all,2000,2000: health science students 2001: all full-time students,,,,2026,https://www.immunize.org/official-guidance/state-policies/vaccine-requirements/hepb-college-2026/
Michigan,Hepatitis B,College,,False,,,,,,,,,,,2026,https://www.immunize.org/official-guidance/state-policies/vaccine-requirements/hepb-college-2026/
Minnesota,Hepatitis B,College,,False,,,,,,,,,,,2026,https://www.immunize.org/official-guidance/state-policies/vaccine-requirements/hepb-college-2026/
Mississippi,Hepatitis B,College,yes,True,,,,health science students,all,1993,,,,,2026,https://www.immunize.org/official-guidance/state-policies/vaccine-requirements/hepb-college-2026/
Missouri,Hepatitis B,College,,False,,,,,,,,,,,2026,https://www.immunize.org/official-guidance/state-policies/vaccine-requirements/hepb-college-2026/
Montana,Hepatitis B,College,,False,,,,,,,,,,,2026,https://www.immunize.org/official-guidance/state-policies/vaccine-requirements/hepb-college-2026/
Nebraska,Hepatitis B,College,,False,,,,,,,,,,,2026,https://www.immunize.org/official-guidance/state-policies/vaccine-requirements/hepb-college-2026/
Nevada,Hepatitis B,College,,False,,,,,,,,,,,2026,https://www.immunize.org/official-guidance/state-policies/vaccine-requirements/hepb-college-2026/
New Hampshire,Hepatitis B,College,,False,,,,,,,,,,,2026,https://www.immunize.org/official-guidance/state-policies/vaccine-requirements/hepb-college-2026/
New Jersey,Hepatitis B,College,yes,True,,,,incoming students with 12+ credits,all,2008,,,,,2026,https://www.immunize.org/official-guidance/state-policies/vaccine-requirements/hepb-college-2026/
New Mexico,Hepatitis B,College,,False,,,,,,,,,,,2026,https://www.immunize.org/official-guidance/state-policies/vaccine-requirements/hepb-college-2026/
New York,Hepatitis B,College,,False,,,,,,,,,,,2026,https://www.immunize.org/official-guidance/state-policies/vaccine-requirements/hepb-college-2026/
North Carolina,Hepatitis B,College,yes,True,,,,incoming students,all,2009,,,,,2026,https://www.immunize.org/official-guidance/state-policies/vaccine-requirements/hepb-college-2026/
North Dakota,Hepatitis B,College,,False,,,,,,,,,,,2026,https://www.immunize.org/official-guidance/state-policies/vaccine-requirements/hepb-college-2026/
Ohio,Hepatitis B,College,,False,,,,,,,"Effective 7/1/2005, hepatitis B vaccination status must be disclosed for all students at public institutions who reside in on-campus housing. Vaccination is not required.",,,,2026,https://www.immunize.org/official-guidance/state-policies/vaccine-requirements/hepb-college-2026/
Oklahoma,Hepatitis B,College,yes,True,,,,incoming students,all,2004,,,,,2026,https://www.immunize.org/official-guidance/state-policies/vaccine-requirements/hepb-college-2026/
Oregon,Hepatitis B,College,,False,,,,,,,,,,,2026,https://www.immunize.org/official-guidance/state-policies/vaccine-requirements/hepb-college-2026/
Pennsylvania,Hepatitis B,College,,False,,,,,,,,,,,2026,https://www.immunize.org/official-guidance/state-policies/vaccine-requirements/hepb-college-2026/
Rhode Island,Hepatitis B,College,yes,True,,,,all students,all,2001,2001: health science students 2006: all students,,,,2026,https://www.immunize.org/official-guidance/state-policies/vaccine-requirements/hepb-college-2026/
South Carolina,Hepatitis B,College,,False,,,,,,,,,,,2026,https://www.immunize.org/official-guidance/state-policies/vaccine-requirements/hepb-college-2026/
South Dakota,Hepatitis B,College,yes,True,,,,health science students,state university and University of SD system,2002,,,,,2026,https://www.immunize.org/official-guidance/state-policies/vaccine-requirements/hepb-college-2026/
Tennessee,Hepatitis B,College,yes,True,,,,health science students expected to have patient contact,all with more than 200 students,2011,,,,,2026,https://www.immunize.org/official-guidance/state-policies/vaccine-requirements/hepb-college-2026/
Texas,Hepatitis B,College,yes,True,,,,health science students,all,1992,,,,,2026,https://www.immunize.org/official-guidance/state-policies/vaccine-requirements/hepb-college-2026/
Utah,Hepatitis B,College,,False,,,,,,,,,,,2026,https://www.immunize.org/official-guidance/state-policies/vaccine-requirements/hepb-college-2026/
Vermont,Hepatitis B,College,yes,True,,,,incoming students,all,2008,,,,,2026,https://www.immunize.org/official-guidance/state-policies/vaccine-requirements/hepb-college-2026/
Virginia,Hepatitis B,College,yes,True,,,,incoming full-time students,all 4-year public institutions,2005,,,,,2026,https://www.immunize.org/official-guidance/state-policies/vaccine-requirements/hepb-college-2026/
Washington,Hepatitis B,College,,False,,,,,,,,,,,2026,https://www.immunize.org/official-guidance/state-policies/vaccine-requirements/hepb-college-2026/
West Virginia,Hepatitis B,College,,False,,,,,,,,,,,2026,https://www.immunize.org/official-guidance/state-policies/vaccine-requirements/hepb-college-2026/
Wisconsin,Hepatitis B,College,,False,,,,,,,,,,,2026,https://www.immunize.org/official-guidance/state-policies/vaccine-requirements/hepb-college-2026/
Wyoming,Hepatitis B,College,,False,,,,,,,,,,,2026,https://www.immunize.org/official-guidance/state-policies/vaccine-requirements/hepb-college-2026/
Alabama,Hib,Childcare,yes,True,age-appropriate,,,,,longstanding,,,,,2026,https://www.immunize.org/official-guidance/state-policies/vaccine-requirements/hib-childcare-2026/
Alaska,Hib,Childcare,yes,True,age-appropriate,,,,,longstanding,,,,,2026,https://www.immunize.org/official-guidance/state-policies/vaccine-requirements/hib-childcare-2026/
Arizona,Hib,Childcare,yes,True,age-appropriate,,,,,longstanding,,,,,2026,https://www.immunize.org/official-guidance/state-policies/vaccine-requirements/hib-childcare-2026/
Arkansas,Hib,Childcare,yes,True,age-appropriate,,,,,longstanding,,,,,2026,https://www.immunize.org/official-guidance/state-policies/vaccine-requirements/hib-childcare-2026/
California,Hib,Childcare,yes,True,age-appropriate,,,,,longstanding,,,,,2026,https://www.immunize.org/official-guidance/state-policies/vaccine-requirements/hib-childcare-2026/
Colorado,Hib,Childcare,yes,True,age-appropriate,,,,,longstanding,,,,,2026,https://www.immunize.org/official-guidance/state-policies/vaccine-requirements/hib-childcare-2026/
Connecticut,Hib,Childcare,yes,True,age-appropriate,,,,,longstanding,,,,,2026,https://www.immunize.org/official-guidance/state-policies/vaccine-requirements/hib-childcare-2026/
Delaware,Hib,Childcare,yes,True,age-appropriate,,,,,longstanding,,,,,2026,https://www.immunize.org/official-guidance/state-policies/vaccine-requirements/hib-childcare-2026/
District of Columbia,Hib,Childcare,yes,True,age-appropriate,,,,,longstanding,,,,,2026,https://www.immunize.org/official-guidance/state-policies/vaccine-requirements/hib-childcare-2026/
Florida,Hib,Childcare,yes,True,age-appropriate,,,,,longstanding,,,,,2026,https://www.immunize.org/official-guidance/state-policies/vaccine-requirements/hib-childcare-2026/
Georgia,Hib,Childcare,yes,True,age-appropriate,,,,,longstanding,,,,,2026,https://www.immunize.org/official-guidance/state-policies/vaccine-requirements/hib-childcare-2026/
Hawaii,Hib,Childcare,yes,True,age-appropriate,,,,,longstanding,,,,,2026,https://www.immunize.org/official-guidance/state-policies/vaccine-requirements/hib-childcare-2026/
Idaho,Hib,Childcare,yes,True,age-appropriate,,,,,longstanding,,,,,2026,https://www.immunize.org/official-guidance/state-policies/vaccine-requirements/hib-childcare-2026/
Illinois,Hib,Childcare,yes,True,age-appropriate,,,,,longstanding,,,,,2026,https://www.immunize.org/official-guidance/state-policies/vaccine-requirements/hib-childcare-2026/
Indiana,Hib,Childcare,yes,True,age-appropriate,,,,,longstanding,,,,,2026,https://www.immunize.org/official-guidance/state-policies/vaccine-requirements/hib-childcare-2026/
Iowa,Hib,Childcare,yes,True,age-appropriate,,,,,longstanding,,,,,2026,https://www.immunize.org/official-guidance/state-policies/vaccine-requirements/hib-childcare-2026/
Kansas,Hib,Childcare,yes,True,age-appropriate,,,,,longstanding,,,,,2026,https://www.immunize.org/official-guidance/state-policies/vaccine-requirements/hib-childcare-2026/
Kentucky,Hib,Childcare,yes,True,age-appropriate,,,,,longstanding,,,,,2026,https://www.immunize.org/official-guidance/state-policies/vaccine-requirements/hib-childcare-2026/
Louisiana,Hib,Childcare,yes,True,age-appropriate,,,,,longstanding,,,,,2026,https://www.immunize.org/official-guidance/state-policies/vaccine-requirements/hib-childcare-2026/
Maine,Hib,Childcare,yes,True,age-appropriate,,,,,longstanding,,,,,2026,https://www.immunize.org/official-guidance/state-policies/vaccine-requirements/hib-childcare-2026/
Maryland,Hib,Childcare,yes,True,age-appropriate,,,,,longstanding,,,,,2026,https://www.immunize.org/official-guidance/state-policies/vaccine-requirements/hib-childcare-2026/
Massachusetts,Hib,Childcare,yes,True,age-appropriate,,,,,longstanding,,,,,2026,https://www.immunize.org/official-guidance/state-policies/vaccine-requirements/hib-childcare-2026/
Michigan,Hib,Childcare,yes,True,age-appropriate,,,,,longstanding,,,,,2026,https://www.immunize.org/official-guidance/state-policies/vaccine-requirements/hib-childcare-2026/
Minnesota,Hib,Childcare,yes,True,age-appropriate,,,,,longstanding,,,,,2026,https://www.immunize.org/official-guidance/state-policies/vaccine-requirements/hib-childcare-2026/
Mississippi,Hib,Childcare,yes,True,age-appropriate,,,,,longstanding,,,,,2026,https://www.immunize.org/official-guidance/state-policies/vaccine-requirements/hib-childcare-2026/
Missouri,Hib,Childcare,yes,True,age-appropriate,,,,,longstanding,,,,,2026,https://www.immunize.org/official-guidance/state-policies/vaccine-requirements/hib-childcare-2026/
Montana,Hib,Childcare,yes,True,age-appropriate,,,,,longstanding,,,,,2026,https://www.immunize.org/official-guidance/state-policies/vaccine-requirements/hib-childcare-2026/
Nebraska,Hib,Childcare,yes,True,age-appropriate,,,,,longstanding,,,,,2026,https://www.immunize.org/official-guidance/state-policies/vaccine-requirements/hib-childcare-2026/
Nevada,Hib,Childcare,yes,True,age-appropriate,,,,,longstanding,,,,,2026,https://www.immunize.org/official-guidance/state-policies/vaccine-requirements/hib-childcare-2026/
New Hampshire,Hib,Childcare,yes,True,age-appropriate,,,,,longstanding,,,,,2026,https://www.immunize.org/official-guidance/state-policies/vaccine-requirements/hib-childcare-2026/
New Jersey,Hib,Childcare,yes,True,age-appropriate,,,,,longstanding,,,,,2026,https://www.immunize.org/official-guidance/state-policies/vaccine-requirements/hib-childcare-2026/
New Mexico,Hib,Childcare,yes,True,age-appropriate,,,,,longstanding,,,,,2026,https://www.immunize.org/official-guidance/state-policies/vaccine-requirements/hib-childcare-2026/
New York,Hib,Childcare,yes,True,age-appropriate,,,,,longstanding,,,,,2026,https://www.immunize.org/official-guidance/state-policies/vaccine-requirements/hib-childcare-2026/
North Carolina,Hib,Childcare,yes,True,age-appropriate,,,,,longstanding,,,,,2026,https://www.immunize.org/official-guidance/state-policies/vaccine-requirements/hib-childcare-2026/
North Dakota,Hib,Childcare,yes,True,age-appropriate,,,,,longstanding,,,,,2026,https://www.immunize.org/official-guidance/state-policies/vaccine-requirements/hib-childcare-2026/
Ohio,Hib,Childcare,yes,True,age-appropriate,,,,,longstanding,,,,,2026,https://www.immunize.org/official-guidance/state-policies/vaccine-requirements/hib-childcare-2026/
Oklahoma,Hib,Childcare,yes,True,age-appropriate,,,,,longstanding,,,,,2026,https://www.immunize.org/official-guidance/state-policies/vaccine-requirements/hib-childcare-2026/
Oregon,Hib,Childcare,yes,True,age-appropriate,,,,,longstanding,,,,,2026,https://www.immunize.org/official-guidance/state-policies/vaccine-requirements/hib-childcare-2026/
Pennsylvania,Hib,Childcare,yes,True,age-appropriate,,,,,longstanding,,,,,2026,https://www.immunize.org/official-guidance/state-policies/vaccine-requirements/hib-childcare-2026/
Rhode Island,Hib,Childcare,yes,True,age-appropriate,,,,,longstanding,,,,,2026,https://www.immunize.org/official-guidance/state-policies/vaccine-requirements/hib-childcare-2026/
South Carolina,Hib,Childcare,yes,True,age-appropriate,,,,,longstanding,,,,,2026,https://www.immunize.org/official-guidance/state-policies/vaccine-requirements/hib-childcare-2026/
South Dakota,Hib,Childcare,yes,True,age-appropriate,,,,,longstanding,,,,,2026,https://www.immunize.org/official-guidance/state-policies/vaccine-requirements/hib-childcare-2026/
Tennessee,Hib,Childcare,yes,True,age-appropriate,,,,,longstanding,,,,,2026,https://www.immunize.org/official-guidance/state-policies/vaccine-requirements/hib-childcare-2026/
Texas,Hib,Childcare,yes,True,age-appropriate,,,,,longstanding,,,,,2026,https://www.immunize.org/official-guidance/state-policies/vaccine-requirements/hib-childcare-2026/
Utah,Hib,Childcare,yes,True,age-appropriate,,,,,longstanding,,,,,2026,https://www.immunize.org/official-guidance/state-policies/vaccine-requirements/hib-childcare-2026/
Vermont,Hib,Childcare,yes,True,age-appropriate,,,,,longstanding,,,,,2026,https://www.immunize.org/official-guidance/state-policies/vaccine-requirements/hib-childcare-2026/
Virginia,Hib,Childcare,yes,True,age-appropriate,,,,,longstanding,,,,,2026,https://www.immunize.org/official-guidance/state-policies/vaccine-requirements/hib-childcare-2026/
Washington,Hib,Childcare,yes,True,age-appropriate,,,,,longstanding,,,,,2026,https://www.immunize.org/official-guidance/state-policies/vaccine-requirements/hib-childcare-2026/
West Virginia,Hib,Childcare,,False,,,,,,,,,,,2026,https://www.immunize.org/official-guidance/state-policies/vaccine-requirements/hib-childcare-2026/
Wisconsin,Hib,Childcare,yes,True,age-appropriate,,,,,longstanding,,,,,2026,https://www.immunize.org/official-guidance/state-policies/vaccine-requirements/hib-childcare-2026/
Wyoming,Hib,Childcare,yes,True,age-appropriate,,,,,longstanding,,,,,2026,https://www.immunize.org/official-guidance/state-policies/vaccine-requirements/hib-childcare-2026/
Alabama,HPV,School,,False,,,,,,,,,,,2026,https://www.immunize.org/official-guidance/state-policies/vaccine-requirements/hpv-secondary-2026/
Alaska,HPV,School,,False,,,,,,,,,,,2026,https://www.immunize.org/official-guidance/state-policies/vaccine-requirements/hpv-secondary-2026/
Arizona,HPV,School,,False,,,,,,,,,,,2026,https://www.immunize.org/official-guidance/state-policies/vaccine-requirements/hpv-secondary-2026/
Arkansas,HPV,School,,False,,,,,,,,,,,2026,https://www.immunize.org/official-guidance/state-policies/vaccine-requirements/hpv-secondary-2026/
California,HPV,School,,False,,,,,,,,,,,2026,https://www.immunize.org/official-guidance/state-policies/vaccine-requirements/hpv-secondary-2026/
Colorado,HPV,School,,False,,,,,,,,,,,2026,https://www.immunize.org/official-guidance/state-policies/vaccine-requirements/hpv-secondary-2026/
Connecticut,HPV,School,,False,,,,,,,,,,,2026,https://www.immunize.org/official-guidance/state-policies/vaccine-requirements/hpv-secondary-2026/
Delaware,HPV,School,,False,,,,,,,,,,,2026,https://www.immunize.org/official-guidance/state-policies/vaccine-requirements/hpv-secondary-2026/
District of Columbia,HPV,School,yes,True,age-appropriate,"Gr 7, Gr 11",,,,2014,,,,,2026,https://www.immunize.org/official-guidance/state-policies/vaccine-requirements/hpv-secondary-2026/
Florida,HPV,School,,False,,,,,,,,,,,2026,https://www.immunize.org/official-guidance/state-policies/vaccine-requirements/hpv-secondary-2026/
Georgia,HPV,School,,False,,,,,,,,,,,2026,https://www.immunize.org/official-guidance/state-policies/vaccine-requirements/hpv-secondary-2026/
Hawaii,HPV,School,yes,True,age-appropriate,Gr 7–12,,,,2020,,,,,2026,https://www.immunize.org/official-guidance/state-policies/vaccine-requirements/hpv-secondary-2026/
Idaho,HPV,School,,False,,,,,,,,,,,2026,https://www.immunize.org/official-guidance/state-policies/vaccine-requirements/hpv-secondary-2026/
Illinois,HPV,School,,False,,,,,,,,,,,2026,https://www.immunize.org/official-guidance/state-policies/vaccine-requirements/hpv-secondary-2026/
Indiana,HPV,School,,False,,,,,,,,,,,2026,https://www.immunize.org/official-guidance/state-policies/vaccine-requirements/hpv-secondary-2026/
Iowa,HPV,School,,False,,,,,,,,,,,2026,https://www.immunize.org/official-guidance/state-policies/vaccine-requirements/hpv-secondary-2026/
Kansas,HPV,School,,False,,,,,,,,,,,2026,https://www.immunize.org/official-guidance/state-policies/vaccine-requirements/hpv-secondary-2026/
Kentucky,HPV,School,,False,,,,,,,,,,,2026,https://www.immunize.org/official-guidance/state-policies/vaccine-requirements/hpv-secondary-2026/
Louisiana,HPV,School,,False,,,,,,,,,,,2026,https://www.immunize.org/official-guidance/state-policies/vaccine-requirements/hpv-secondary-2026/
Maine,HPV,School,,False,,,,,,,,,,,2026,https://www.immunize.org/official-guidance/state-policies/vaccine-requirements/hpv-secondary-2026/
Maryland,HPV,School,,False,,,,,,,,,,,2026,https://www.immunize.org/official-guidance/state-policies/vaccine-requirements/hpv-secondary-2026/
Massachusetts,HPV,School,,False,,,,,,,,,,,2026,https://www.immunize.org/official-guidance/state-policies/vaccine-requirements/hpv-secondary-2026/
Michigan,HPV,School,,False,,,,,,,,,,,2026,https://www.immunize.org/official-guidance/state-policies/vaccine-requirements/hpv-secondary-2026/
Minnesota,HPV,School,,False,,,,,,,,,,,2026,https://www.immunize.org/official-guidance/state-policies/vaccine-requirements/hpv-secondary-2026/
Mississippi,HPV,School,,False,,,,,,,,,,,2026,https://www.immunize.org/official-guidance/state-policies/vaccine-requirements/hpv-secondary-2026/
Missouri,HPV,School,,False,,,,,,,,,,,2026,https://www.immunize.org/official-guidance/state-policies/vaccine-requirements/hpv-secondary-2026/
Montana,HPV,School,,False,,,,,,,,,,,2026,https://www.immunize.org/official-guidance/state-policies/vaccine-requirements/hpv-secondary-2026/
Nebraska,HPV,School,,False,,,,,,,,,,,2026,https://www.immunize.org/official-guidance/state-policies/vaccine-requirements/hpv-secondary-2026/
Nevada,HPV,School,,False,,,,,,,,,,,2026,https://www.immunize.org/official-guidance/state-policies/vaccine-requirements/hpv-secondary-2026/
New Hampshire,HPV,School,,False,,,,,,,,,,,2026,https://www.immunize.org/official-guidance/state-policies/vaccine-requirements/hpv-secondary-2026/
New Jersey,HPV,School,,False,,,,,,,,,,,2026,https://www.immunize.org/official-guidance/state-policies/vaccine-requirements/hpv-secondary-2026/
New Mexico,HPV,School,,False,,,,,,,,,,,2026,https://www.immunize.org/official-guidance/state-policies/vaccine-requirements/hpv-secondary-2026/
New York,HPV,School,,False,,,,,,,,,,,2026,https://www.immunize.org/official-guidance/state-policies/vaccine-requirements/hpv-secondary-2026/
North Carolina,HPV,School,,False,,,,,,,,,,,2026,https://www.immunize.org/official-guidance/state-policies/vaccine-requirements/hpv-secondary-2026/
North Dakota,HPV,School,,False,,,,,,,,,,,2026,https://www.immunize.org/official-guidance/state-policies/vaccine-requirements/hpv-secondary-2026/
Ohio,HPV,School,,False,,,,,,,,,,,2026,https://www.immunize.org/official-guidance/state-policies/vaccine-requirements/hpv-secondary-2026/
Oklahoma,HPV,School,,False,,,,,,,,,,,2026,https://www.immunize.org/official-guidance/state-policies/vaccine-requirements/hpv-secondary-2026/
Oregon,HPV,School,,False,,,,,,,,,,,2026,https://www.immunize.org/official-guidance/state-policies/vaccine-requirements/hpv-secondary-2026/
Pennsylvania,HPV,School,,False,,,,,,,,,,,2026,https://www.immunize.org/official-guidance/state-policies/vaccine-requirements/hpv-secondary-2026/
Rhode Island,HPV,School,yes,True,age-appropriate,Gr 7,,,,2015,,,,,2026,https://www.immunize.org/official-guidance/state-policies/vaccine-requirements/hpv-secondary-2026/
South Carolina,HPV,School,,False,,,,,,,,,,,2026,https://www.immunize.org/official-guidance/state-policies/vaccine-requirements/hpv-secondary-2026/
South Dakota,HPV,School,,False,,,,,,,,,,,2026,https://www.immunize.org/official-guidance/state-policies/vaccine-requirements/hpv-secondary-2026/
Tennessee,HPV,School,,False,,,,,,,,,,,2026,https://www.immunize.org/official-guidance/state-policies/vaccine-requirements/hpv-secondary-2026/
Texas,HPV,School,,False,,,,,,,,,,,2026,https://www.immunize.org/official-guidance/state-policies/vaccine-requirements/hpv-secondary-2026/
Utah,HPV,School,,False,,,,,,,,,,,2026,https://www.immunize.org/official-guidance/state-policies/vaccine-requirements/hpv-secondary-2026/
Vermont,HPV,School,,False,,,,,,,,,,,2026,https://www.immunize.org/official-guidance/state-policies/vaccine-requirements/hpv-secondary-2026/
Virginia,HPV,School,yes,True,age-appropriate,Gr 7,,,,2021,,,,,2026,https://www.immunize.org/official-guidance/state-policies/vaccine-requirements/hpv-secondary-2026/
Washington,HPV,School,,False,,,,,,,,,,,2026,https://www.immunize.org/official-guidance/state-policies/vaccine-requirements/hpv-secondary-2026/
West Virginia,HPV,School,,False,,,,,,,,,,,2026,https://www.immunize.org/official-guidance/state-policies/vaccine-requirements/hpv-secondary-2026/
Wisconsin,HPV,School,,False,,,,,,,,,,,2026,https://www.immunize.org/official-guidance/state-policies/vaccine-requirements/hpv-secondary-2026/
Wyoming,HPV,School,,False,,,,,,,,,,,2026,https://www.immunize.org/official-guidance/state-policies/vaccine-requirements/hpv-secondary-2026/
Alabama,Influenza,Childcare,,False,,,,,,,,,,,2026,https://www.immunize.org/official-guidance/state-policies/vaccine-requirements/influenza-childcare-2026/
Alaska,Influenza,Childcare,,False,,,,,,,,,,,2026,https://www.immunize.org/official-guidance/state-policies/vaccine-requirements/influenza-childcare-2026/
Arizona,Influenza,Childcare,,False,,,,,,,,,,,2026,https://www.immunize.org/official-guidance/state-policies/vaccine-requirements/influenza-childcare-2026/
Arkansas,Influenza,Childcare,,False,,,,,,,,,,,2026,https://www.immunize.org/official-guidance/state-policies/vaccine-requirements/influenza-childcare-2026/
California,Influenza,Childcare,,False,,,,,,,,,,,2026,https://www.immunize.org/official-guidance/state-policies/vaccine-requirements/influenza-childcare-2026/
Colorado,Influenza,Childcare,,False,,,,,,,,,,,2026,https://www.immunize.org/official-guidance/state-policies/vaccine-requirements/influenza-childcare-2026/
Connecticut,Influenza,Childcare,yes,True,,,,childcare and pre-K enrollees age 6–59 months,,2011,,,,,2026,https://www.immunize.org/official-guidance/state-policies/vaccine-requirements/influenza-childcare-2026/
Delaware,Influenza,Childcare,,False,,,,,,,,,,,2026,https://www.immunize.org/official-guidance/state-policies/vaccine-requirements/influenza-childcare-2026/
District of Columbia,Influenza,Childcare,,False,,,,,,,,,,,2026,https://www.immunize.org/official-guidance/state-policies/vaccine-requirements/influenza-childcare-2026/
Florida,Influenza,Childcare,,False,,,,,,,,,,,2026,https://www.immunize.org/official-guidance/state-policies/vaccine-requirements/influenza-childcare-2026/
Georgia,Influenza,Childcare,,False,,,,,,,,,,,2026,https://www.immunize.org/official-guidance/state-policies/vaccine-requirements/influenza-childcare-2026/
Hawaii,Influenza,Childcare,,False,,,,,,,,,,,2026,https://www.immunize.org/official-guidance/state-policies/vaccine-requirements/influenza-childcare-2026/
Idaho,Influenza,Childcare,,False,,,,,,,,,,,2026,https://www.immunize.org/official-guidance/state-policies/vaccine-requirements/influenza-childcare-2026/
Illinois,Influenza,Childcare,,False,,,,,,,,,,,2026,https://www.immunize.org/official-guidance/state-policies/vaccine-requirements/influenza-childcare-2026/
Indiana,Influenza,Childcare,,False,,,,,,,,,,,2026,https://www.immunize.org/official-guidance/state-policies/vaccine-requirements/influenza-childcare-2026/
Iowa,Influenza,Childcare,,False,,,,,,,,,,,2026,https://www.immunize.org/official-guidance/state-policies/vaccine-requirements/influenza-childcare-2026/
Kansas,Influenza,Childcare,,False,,,,,,,,,,,2026,https://www.immunize.org/official-guidance/state-policies/vaccine-requirements/influenza-childcare-2026/
Kentucky,Influenza,Childcare,,False,,,,,,,,,,,2026,https://www.immunize.org/official-guidance/state-policies/vaccine-requirements/influenza-childcare-2026/
Louisiana,Influenza,Childcare,,False,,,,,,,,,,,2026,https://www.immunize.org/official-guidance/state-policies/vaccine-requirements/influenza-childcare-2026/
Maine,Influenza,Childcare,,False,,,,,,,,,,,2026,https://www.immunize.org/official-guidance/state-policies/vaccine-requirements/influenza-childcare-2026/
Maryland,Influenza,Childcare,,False,,,,,,,,,,,2026,https://www.immunize.org/official-guidance/state-policies/vaccine-requirements/influenza-childcare-2026/
Massachusetts,Influenza,Childcare,,False,,,,,,,,,,,2026,https://www.immunize.org/official-guidance/state-policies/vaccine-requirements/influenza-childcare-2026/
Michigan,Influenza,Childcare,,False,,,,,,,,,,,2026,https://www.immunize.org/official-guidance/state-policies/vaccine-requirements/influenza-childcare-2026/
Minnesota,Influenza,Childcare,,False,,,,,,,,,,,2026,https://www.immunize.org/official-guidance/state-policies/vaccine-requirements/influenza-childcare-2026/
Mississippi,Influenza,Childcare,,False,,,,,,,,,,,2026,https://www.immunize.org/official-guidance/state-policies/vaccine-requirements/influenza-childcare-2026/
Missouri,Influenza,Childcare,,False,,,,,,,,,,,2026,https://www.immunize.org/official-guidance/state-policies/vaccine-requirements/influenza-childcare-2026/
Montana,Influenza,Childcare,,False,,,,,,,,,,,2026,https://www.immunize.org/official-guidance/state-policies/vaccine-requirements/influenza-childcare-2026/
Nebraska,Influenza,Childcare,,False,,,,,,,,,,,2026,https://www.immunize.org/official-guidance/state-policies/vaccine-requirements/influenza-childcare-2026/
Nevada,Influenza,Childcare,,False,,,,,,,,,,,2026,https://www.immunize.org/official-guidance/state-policies/vaccine-requirements/influenza-childcare-2026/
New Hampshire,Influenza,Childcare,,False,,,,,,,,,,,2026,https://www.immunize.org/official-guidance/state-policies/vaccine-requirements/influenza-childcare-2026/
New Jersey,Influenza,Childcare,yes,True,,,,childcare and preschool enrollees age 6–59 months; change on 9/1/2026 to childcare and preschool enrollees age 6 months and older,,2008,,,,,2026,https://www.immunize.org/official-guidance/state-policies/vaccine-requirements/influenza-childcare-2026/
New Mexico,Influenza,Childcare,,False,,,,,,,,,,,2026,https://www.immunize.org/official-guidance/state-policies/vaccine-requirements/influenza-childcare-2026/
New York,Influenza,Childcare,,False,,,,,,,,,,,2026,https://www.immunize.org/official-guidance/state-policies/vaccine-requirements/influenza-childcare-2026/
North Carolina,Influenza,Childcare,,False,,,,,,,,,,,2026,https://www.immunize.org/official-guidance/state-policies/vaccine-requirements/influenza-childcare-2026/
North Dakota,Influenza,Childcare,,False,,,,,,,,,,,2026,https://www.immunize.org/official-guidance/state-policies/vaccine-requirements/influenza-childcare-2026/
Ohio,Influenza,Childcare,yes,True,,,,childcare enrollees,,2015,,,,,2026,https://www.immunize.org/official-guidance/state-policies/vaccine-requirements/influenza-childcare-2026/
Oklahoma,Influenza,Childcare,,False,,,,,,,,,,,2026,https://www.immunize.org/official-guidance/state-policies/vaccine-requirements/influenza-childcare-2026/
Oregon,Influenza,Childcare,,False,,,,,,,,,,,2026,https://www.immunize.org/official-guidance/state-policies/vaccine-requirements/influenza-childcare-2026/
Pennsylvania,Influenza,Childcare,yes,True,,,,childcare enrollees,,2015,,,,,2026,https://www.immunize.org/official-guidance/state-policies/vaccine-requirements/influenza-childcare-2026/
Rhode Island,Influenza,Childcare,yes,True,,,,childcare and preschool enrollees,,2018,,,,,2026,https://www.immunize.org/official-guidance/state-policies/vaccine-requirements/influenza-childcare-2026/
South Carolina,Influenza,Childcare,,False,,,,,,,,,,,2026,https://www.immunize.org/official-guidance/state-policies/vaccine-requirements/influenza-childcare-2026/
South Dakota,Influenza,Childcare,,False,,,,,,,,,,,2026,https://www.immunize.org/official-guidance/state-policies/vaccine-requirements/influenza-childcare-2026/
Tennessee,Influenza,Childcare,,False,,,,,,,,,,,2026,https://www.immunize.org/official-guidance/state-policies/vaccine-requirements/influenza-childcare-2026/
Texas,Influenza,Childcare,,False,,,,,,,,,,,2026,https://www.immunize.org/official-guidance/state-policies/vaccine-requirements/influenza-childcare-2026/
Utah,Influenza,Childcare,,False,,,,,,,,,,,2026,https://www.immunize.org/official-guidance/state-policies/vaccine-requirements/influenza-childcare-2026/
Vermont,Influenza,Childcare,,False,,,,,,,,,,,2026,https://www.immunize.org/official-guidance/state-policies/vaccine-requirements/influenza-childcare-2026/
Virginia,Influenza,Childcare,,False,,,,,,,,,,,2026,https://www.immunize.org/official-guidance/state-policies/vaccine-requirements/influenza-childcare-2026/
Washington,Influenza,Childcare,,False,,,,,,,,,,,2026,https://www.immunize.org/official-guidance/state-policies/vaccine-requirements/influenza-childcare-2026/
West Virginia,Influenza,Childcare,,False,,,,,,,,,,,2026,https://www.immunize.org/official-guidance/state-policies/vaccine-requirements/influenza-childcare-2026/
Wisconsin,Influenza,Childcare,,False,,,,,,,,,,,2026,https://www.immunize.org/official-guidance/state-policies/vaccine-requirements/influenza-childcare-2026/
Wyoming,Influenza,Childcare,,False,,,,,,,,,,,2026,https://www.immunize.org/official-guidance/state-policies/vaccine-requirements/influenza-childcare-2026/
Alabama,MenACWY,School,,False,,,,,,,,,,,2026,https://www.immunize.org/official-guidance/state-policies/vaccine-requirements/menacwy-school-2026/
Alaska,MenACWY,School,,False,,,,,,,,,,,2026,https://www.immunize.org/official-guidance/state-policies/vaccine-requirements/menacwy-school-2026/
Arizona,MenACWY,School,yes,True,,,,,,2008,,,Gr 6 if age 11 or older,,2026,https://www.immunize.org/official-guidance/state-policies/vaccine-requirements/menacwy-school-2026/
Arkansas,MenACWY,School,yes,True,,,,,,2014,,,Gr 7,age 16,2026,https://www.immunize.org/official-guidance/state-policies/vaccine-requirements/menacwy-school-2026/
California,MenACWY,School,,False,,,,,,,,,,,2026,https://www.immunize.org/official-guidance/state-policies/vaccine-requirements/menacwy-school-2026/
Colorado,MenACWY,School,,False,,,,,,,,,,,2026,https://www.immunize.org/official-guidance/state-policies/vaccine-requirements/menacwy-school-2026/
Connecticut,MenACWY,School,yes,True,,,,,,2011,,,Gr 7,,2026,https://www.immunize.org/official-guidance/state-policies/vaccine-requirements/menacwy-school-2026/
Delaware,MenACWY,School,yes,True,,,,,,2016,,,Gr 9–12,,2026,https://www.immunize.org/official-guidance/state-policies/vaccine-requirements/menacwy-school-2026/
District of Columbia,MenACWY,School,yes,True,,,,,,2009,,,Gr 6–12 if age 11 or older,age 16,2026,https://www.immunize.org/official-guidance/state-policies/vaccine-requirements/menacwy-school-2026/
Florida,MenACWY,School,,False,,,,,,,,,,,2026,https://www.immunize.org/official-guidance/state-policies/vaccine-requirements/menacwy-school-2026/
Georgia,MenACWY,School,yes,True,,,,,,2014,2014: Gr 7; new enrollees Gr 8–12 2021: new entrants; transfer students Gr 11,,Gr 7; new enrollees Gr 8–12,Gr 11,2026,https://www.immunize.org/official-guidance/state-policies/vaccine-requirements/menacwy-school-2026/
Hawaii,MenACWY,School,yes,True,,,,,,2020,,,new enrollees Gr 7–12,age 16,2026,https://www.immunize.org/official-guidance/state-policies/vaccine-requirements/menacwy-school-2026/
Idaho,MenACWY,School,yes,True,,,,,,2015,2019: Gr 12 added (effective 2020-2021 school yr),,Gr 7,Gr 12,2026,https://www.immunize.org/official-guidance/state-policies/vaccine-requirements/menacwy-school-2026/
Illinois,MenACWY,School,yes,True,,,,,,2015,,,Gr 6,Gr 12,2026,https://www.immunize.org/official-guidance/state-policies/vaccine-requirements/menacwy-school-2026/
Indiana,MenACWY,School,yes,True,,,,,,2015,,,Gr 6–11,Gr 12,2026,https://www.immunize.org/official-guidance/state-policies/vaccine-requirements/menacwy-school-2026/
Iowa,MenACWY,School,yes,True,,,,,,2017,,,Gr 7–12,Gr 12,2026,https://www.immunize.org/official-guidance/state-policies/vaccine-requirements/menacwy-school-2026/
Kansas,MenACWY,School,yes,True,,,,,,2019,,,"Gr 7, Gr 11",Gr 11,2026,https://www.immunize.org/official-guidance/state-policies/vaccine-requirements/menacwy-school-2026/
Kentucky,MenACWY,School,yes,True,,,,,,2018,,,Age 11–15,age 16 or older,2026,https://www.immunize.org/official-guidance/state-policies/vaccine-requirements/menacwy-school-2026/
Louisiana,MenACWY,School,yes,True,,,,,,,2009: Gr 6 2019: Gr 11,,Gr 6,Gr 11,2026,https://www.immunize.org/official-guidance/state-policies/vaccine-requirements/menacwy-school-2026/
Maine,MenACWY,School,yes,True,,,,,,2018,,,Gr 7,Gr 12,2026,https://www.immunize.org/official-guidance/state-policies/vaccine-requirements/menacwy-school-2026/
Maryland,MenACWY,School,yes,True,,,,,,2014,,,Gr 7–12,,2026,https://www.immunize.org/official-guidance/state-policies/vaccine-requirements/menacwy-school-2026/
Massachusetts,MenACWY,School,yes,True,,,,,,2005,2009: Gr 7–12 if residing in on-campus housing 2020: all students Gr 7–12,,Gr 7–12,Gr 11–12,2026,https://www.immunize.org/official-guidance/state-policies/vaccine-requirements/menacwy-school-2026/
Michigan,MenACWY,School,yes,True,,,,,,2010,,,Gr 7; transfer students age 7 through 18,,2026,https://www.immunize.org/official-guidance/state-policies/vaccine-requirements/menacwy-school-2026/
Minnesota,MenACWY,School,yes,True,,,,,,2014,,,Gr 7–12,Booster dose required for Gr 12,2026,https://www.immunize.org/official-guidance/state-policies/vaccine-requirements/menacwy-school-2026/
Mississippi,MenACWY,School,,False,,,,,,,,,,,2026,https://www.immunize.org/official-guidance/state-policies/vaccine-requirements/menacwy-school-2026/
Missouri,MenACWY,School,yes,True,,,,,,2016,,,Gr 8–11,Gr 12,2026,https://www.immunize.org/official-guidance/state-policies/vaccine-requirements/menacwy-school-2026/
Montana,MenACWY,School,,False,,,,,,,,,,,2026,https://www.immunize.org/official-guidance/state-policies/vaccine-requirements/menacwy-school-2026/
Nebraska,MenACWY,School,,False,,,,,,,,,,,2026,https://www.immunize.org/official-guidance/state-policies/vaccine-requirements/menacwy-school-2026/
Nevada,MenACWY,School,yes,True,,,,,,2022,,,"Gr 7, Gr 12",Gr 12,2026,https://www.immunize.org/official-guidance/state-policies/vaccine-requirements/menacwy-school-2026/
New Hampshire,MenACWY,School,,False,,,,,,,,,,,2026,https://www.immunize.org/official-guidance/state-policies/vaccine-requirements/menacwy-school-2026/
New Jersey,MenACWY,School,yes,True,,,,,,2008,"2008: Gr 6-12, if age 11 or older 2026: Gr 7-12",,Gr 7–12,,2026,https://www.immunize.org/official-guidance/state-policies/vaccine-requirements/menacwy-school-2026/
New Mexico,MenACWY,School,yes,True,,,,,,2023,,,Gr 7–11,Gr 12,2026,https://www.immunize.org/official-guidance/state-policies/vaccine-requirements/menacwy-school-2026/
New York,MenACWY,School,yes,True,,,,,,2016,,,"Gr 7, Gr 12",Gr 12,2026,https://www.immunize.org/official-guidance/state-policies/vaccine-requirements/menacwy-school-2026/
North Carolina,MenACWY,School,yes,True,,,,,,2020,2015: Gr 7 2020: Gr 12,,Gr 7,Gr 12,2026,https://www.immunize.org/official-guidance/state-policies/vaccine-requirements/menacwy-school-2026/
North Dakota,MenACWY,School,yes,True,,,,,,2018,2014: Gr 7 2018: Gr 11–12,,Gr 7–10,Gr 11–12,2026,https://www.immunize.org/official-guidance/state-policies/vaccine-requirements/menacwy-school-2026/
Ohio,MenACWY,School,yes,True,,,,,,2016,,,Gr 7–11,Gr 12,2026,https://www.immunize.org/official-guidance/state-policies/vaccine-requirements/menacwy-school-2026/
Oklahoma,MenACWY,School,,False,,,,,,,,,,,2026,https://www.immunize.org/official-guidance/state-policies/vaccine-requirements/menacwy-school-2026/
Oregon,MenACWY,School,,False,,,,,,,,,,,2026,https://www.immunize.org/official-guidance/state-policies/vaccine-requirements/menacwy-school-2026/
Pennsylvania,MenACWY,School,yes,True,,,,,,2011,2011: Gr 7 2017: Gr 12,,Gr 7,Gr 12,2026,https://www.immunize.org/official-guidance/state-policies/vaccine-requirements/menacwy-school-2026/
Rhode Island,MenACWY,School,yes,True,,,,,,2009,,,Gr 7–12,Gr 12,2026,https://www.immunize.org/official-guidance/state-policies/vaccine-requirements/menacwy-school-2026/
South Carolina,MenACWY,School,,False,,,,,,,,,,,2026,https://www.immunize.org/official-guidance/state-policies/vaccine-requirements/menacwy-school-2026/
South Dakota,MenACWY,School,yes,True,,,,,,2016,,,Gr 6 if age 11 or older; transfer students Gr 6–12,,2026,https://www.immunize.org/official-guidance/state-policies/vaccine-requirements/menacwy-school-2026/
Tennessee,MenACWY,School,,False,,,,,,,,,,,2026,https://www.immunize.org/official-guidance/state-policies/vaccine-requirements/menacwy-school-2026/
Texas,MenACWY,School,yes,True,,,,,,2016,,,Gr 7–12,,2026,https://www.immunize.org/official-guidance/state-policies/vaccine-requirements/menacwy-school-2026/
Utah,MenACWY,School,yes,True,,,,,,2015,,,Gr 7,,2026,https://www.immunize.org/official-guidance/state-policies/vaccine-requirements/menacwy-school-2026/
Vermont,MenACWY,School,yes,True,,,,,,2008,,,Gr 7–12 in residential schools,,2026,https://www.immunize.org/official-guidance/state-policies/vaccine-requirements/menacwy-school-2026/
Virginia,MenACWY,School,yes,True,,,,,,2021,,,Gr 7,Gr 12,2026,https://www.immunize.org/official-guidance/state-policies/vaccine-requirements/menacwy-school-2026/
Washington,MenACWY,School,,False,,,,,,,,,,,2026,https://www.immunize.org/official-guidance/state-policies/vaccine-requirements/menacwy-school-2026/
West Virginia,MenACWY,School,yes,True,,,,,,2012,,,"Gr 7, Gr 12",Gr 12,2026,https://www.immunize.org/official-guidance/state-policies/vaccine-requirements/menacwy-school-2026/
Wisconsin,MenACWY,School,yes,True,,,,,,2024,,,Gr 7,Gr 12,2026,https://www.immunize.org/official-guidance/state-policies/vaccine-requirements/menacwy-school-2026/
Wyoming,MenACWY,School,,False,,,,,,,,,,,2026,https://www.immunize.org/official-guidance/state-policies/vaccine-requirements/menacwy-school-2026/
Alabama,MenACWY,College,,False,,,,,,,,,,,2026,https://www.immunize.org/official-guidance/state-policies/vaccine-requirements/menacwy-college-2026/
Alaska,MenACWY,College,,False,,,,,,,,,,,2026,https://www.immunize.org/official-guidance/state-policies/vaccine-requirements/menacwy-college-2026/
Arizona,MenACWY,College,,False,,,,,,,,,,,2026,https://www.immunize.org/official-guidance/state-policies/vaccine-requirements/menacwy-college-2026/
Arkansas,MenACWY,College,,False,,,,,,,,,,,2026,https://www.immunize.org/official-guidance/state-policies/vaccine-requirements/menacwy-college-2026/
California,MenACWY,College,,False,,,,,,,,,,,2026,https://www.immunize.org/official-guidance/state-policies/vaccine-requirements/menacwy-college-2026/
Colorado,MenACWY,College,yes,True,,,,new college or university students residing in student housing,all colleges and universities which have residence halls within their systems,2005,,"The text, “within their systems” was added to rule, effective Feb. 14, 2026. Previously, the requirement applied to ‘colleges or universities with residence hall facilities’. This change broadened the MMR requirement to more schools. The MenACWY requirement still applies only to new college/university students who attend schools with resident hall facilities and reside in student housing. See the current rule here .",,,2026,https://www.immunize.org/official-guidance/state-policies/vaccine-requirements/menacwy-college-2026/
Connecticut,MenACWY,College,yes,True,,,,incoming students in on-campus housing,all colleges and universities,2002,,,,,2026,https://www.immunize.org/official-guidance/state-policies/vaccine-requirements/menacwy-college-2026/
Delaware,MenACWY,College,yes,True,,,,all incoming students,all with on-campus housing,2017,,dose required within 5 years before enrollment,,,2026,https://www.immunize.org/official-guidance/state-policies/vaccine-requirements/menacwy-college-2026/
District of Columbia,MenACWY,College,yes,True,,,,all students,all post-secondary institutions,2008,,,,,2026,https://www.immunize.org/official-guidance/state-policies/vaccine-requirements/menacwy-college-2026/
Florida,MenACWY,College,yes,True,,,,all students in on-campus housing,all colleges and universities,2003,,,,,2026,https://www.immunize.org/official-guidance/state-policies/vaccine-requirements/menacwy-college-2026/
Georgia,MenACWY,College,yes,True,,,,incoming students in on-campus housing or fraternity/sorority houses,university system,2015,,,,,2026,https://www.immunize.org/official-guidance/state-policies/vaccine-requirements/menacwy-college-2026/
Hawaii,MenACWY,College,yes,True,,,,first-year students in on-campus housing,all post-secondary institutions,2020,,,,,2026,https://www.immunize.org/official-guidance/state-policies/vaccine-requirements/menacwy-college-2026/
Idaho,MenACWY,College,,False,,,,,,,,,,,2026,https://www.immunize.org/official-guidance/state-policies/vaccine-requirements/menacwy-college-2026/
Illinois,MenACWY,College,yes,True,,,,incoming students age 21 or younger,all colleges and universities,2016,,,,,2026,https://www.immunize.org/official-guidance/state-policies/vaccine-requirements/menacwy-college-2026/
Indiana,MenACWY,College,yes,True,,,,all incoming students,all colleges and universities,2018,,,,,2026,https://www.immunize.org/official-guidance/state-policies/vaccine-requirements/menacwy-college-2026/
Iowa,MenACWY,College,,False,,,,,,,,education on meningococcal disease and vaccine required in higher education institutions with on-campus housing,,,2026,https://www.immunize.org/official-guidance/state-policies/vaccine-requirements/menacwy-college-2026/
Kansas,MenACWY,College,yes,True,,,,incoming students in on-campus housing,all with on-campus housing,2007,,,,,2026,https://www.immunize.org/official-guidance/state-policies/vaccine-requirements/menacwy-college-2026/
Kentucky,MenACWY,College,,False,,,,,,,,,,,2026,https://www.immunize.org/official-guidance/state-policies/vaccine-requirements/menacwy-college-2026/
Louisiana,MenACWY,College,yes,True,,,,all college freshmen,all colleges and universities,2006,,,,,2026,https://www.immunize.org/official-guidance/state-policies/vaccine-requirements/menacwy-college-2026/
Maine,MenACWY,College,,False,,,,,,,,,,,2026,https://www.immunize.org/official-guidance/state-policies/vaccine-requirements/menacwy-college-2026/
Maryland,MenACWY,College,yes,True,,,,incoming students in on-campus housing,all colleges and universities,2000,,,,,2026,https://www.immunize.org/official-guidance/state-policies/vaccine-requirements/menacwy-college-2026/
Massachusetts,MenACWY,College,yes,True,,,,all students age 21 or younger,all colleges and universities,2004,,dose required at age 16 or older,,,2026,https://www.immunize.org/official-guidance/state-policies/vaccine-requirements/menacwy-college-2026/
Michigan,MenACWY,College,,False,,,,,,,,,,,2026,https://www.immunize.org/official-guidance/state-policies/vaccine-requirements/menacwy-college-2026/
Minnesota,MenACWY,College,,False,,,,,,,,,,,2026,https://www.immunize.org/official-guidance/state-policies/vaccine-requirements/menacwy-college-2026/
Mississippi,MenACWY,College,,False,,,,,,,,,,,2026,https://www.immunize.org/official-guidance/state-policies/vaccine-requirements/menacwy-college-2026/
Missouri,MenACWY,College,yes,True,,,,all students in on-campus housing,all public institutions,2003,,,,,2026,https://www.immunize.org/official-guidance/state-policies/vaccine-requirements/menacwy-college-2026/
Montana,MenACWY,College,,False,,,,,,,,,,,2026,https://www.immunize.org/official-guidance/state-policies/vaccine-requirements/menacwy-college-2026/
Nebraska,MenACWY,College,,False,,,,,,,,,,,2026,https://www.immunize.org/official-guidance/state-policies/vaccine-requirements/menacwy-college-2026/
Nevada,MenACWY,College,yes,True,,,,incoming freshmen age 23 or younger,all colleges and universities,2017,,,,,2026,https://www.immunize.org/official-guidance/state-policies/vaccine-requirements/menacwy-college-2026/
New Hampshire,MenACWY,College,,False,,,,,,,,,,,2026,https://www.immunize.org/official-guidance/state-policies/vaccine-requirements/menacwy-college-2026/
New Jersey,MenACWY,College,yes,True,,,,all incoming students,all colleges and universities,2005,,,,,2026,https://www.immunize.org/official-guidance/state-policies/vaccine-requirements/menacwy-college-2026/
New Mexico,MenACWY,College,,False,,,,,,,,,,,2026,https://www.immunize.org/official-guidance/state-policies/vaccine-requirements/menacwy-college-2026/
New York,MenACWY,College,yes,True,,,,all students enrolled in at least 6 semester hrs or 4 quarter hrs,all colleges and universities,2003,,,,,2026,https://www.immunize.org/official-guidance/state-policies/vaccine-requirements/menacwy-college-2026/
North Carolina,MenACWY,College,yes,True,,,,all incoming students,all colleges and universities,2021,,,,,2026,https://www.immunize.org/official-guidance/state-policies/vaccine-requirements/menacwy-college-2026/
North Dakota,MenACWY,College,yes,True,,,,students age 21 or younger in on-campus housing,university system,2015,,,,,2026,https://www.immunize.org/official-guidance/state-policies/vaccine-requirements/menacwy-college-2026/
Ohio,MenACWY,College,,False,,,,,,,,"Effective 7/1/2005, meningococcal meningitis vaccination status must be disclosed for all students at public institutions who reside in on-campus housing. Vaccination is not required.",,,2026,https://www.immunize.org/official-guidance/state-policies/vaccine-requirements/menacwy-college-2026/
Oklahoma,MenACWY,College,yes,True,,,,all incoming students in on-campus housing,all colleges and universities,2004,,,,,2026,https://www.immunize.org/official-guidance/state-policies/vaccine-requirements/menacwy-college-2026/
Oregon,MenACWY,College,,False,,,,,,,,,,,2026,https://www.immunize.org/official-guidance/state-policies/vaccine-requirements/menacwy-college-2026/
Pennsylvania,MenACWY,College,yes,True,,,,all students in dormitory or housing unit,all colleges and universities,2002,,,,,2026,https://www.immunize.org/official-guidance/state-policies/vaccine-requirements/menacwy-college-2026/
Rhode Island,MenACWY,College,yes,True,,,,all incoming students,all colleges and universities,2015,,,,,2026,https://www.immunize.org/official-guidance/state-policies/vaccine-requirements/menacwy-college-2026/
South Carolina,MenACWY,College,,False,,,,,,,,,,,2026,https://www.immunize.org/official-guidance/state-policies/vaccine-requirements/menacwy-college-2026/
South Dakota,MenACWY,College,,False,,,,,,,,,,,2026,https://www.immunize.org/official-guidance/state-policies/vaccine-requirements/menacwy-college-2026/
Tennessee,MenACWY,College,yes,True,,,,first-year students age 21 or younger living in on-campus housing,public universities,2013,,,,,2026,https://www.immunize.org/official-guidance/state-policies/vaccine-requirements/menacwy-college-2026/
Texas,MenACWY,College,yes,True,,,,all incoming students,all colleges and universities,2011,,,,,2026,https://www.immunize.org/official-guidance/state-policies/vaccine-requirements/menacwy-college-2026/
Utah,MenACWY,College,,False,,,,,,,,,,,2026,https://www.immunize.org/official-guidance/state-policies/vaccine-requirements/menacwy-college-2026/
Vermont,MenACWY,College,yes,True,,,,all first-year students in on-campus housing,all colleges and universities,2019,,,,,2026,https://www.immunize.org/official-guidance/state-policies/vaccine-requirements/menacwy-college-2026/
Virginia,MenACWY,College,yes,True,,,,all incoming full-time students,all 4-year public institutions,2005,,,,,2026,https://www.immunize.org/official-guidance/state-policies/vaccine-requirements/menacwy-college-2026/
Washington,MenACWY,College,,False,,,,,,,,,,,2026,https://www.immunize.org/official-guidance/state-policies/vaccine-requirements/menacwy-college-2026/
West Virginia,MenACWY,College,,False,,,,,,,,,,,2026,https://www.immunize.org/official-guidance/state-policies/vaccine-requirements/menacwy-college-2026/
Wisconsin,MenACWY,College,,False,,,,,,,,,,,2026,https://www.immunize.org/official-guidance/state-policies/vaccine-requirements/menacwy-college-2026/
Wyoming,MenACWY,College,,False,,,,,,,,,,,2026,https://www.immunize.org/official-guidance/state-policies/vaccine-requirements/menacwy-college-2026/
Alabama,MMR,Childcare,yes,True,age-appropriate,,,,,longstanding,,,,,2026,https://www.immunize.org/official-guidance/state-policies/vaccine-requirements/mmr-child-school-2026/
Alabama,MMR,School,yes,True,2,K–12,,,,longstanding,,,,,2026,https://www.immunize.org/official-guidance/state-policies/vaccine-requirements/mmr-child-school-2026/
Alaska,MMR,Childcare,yes,True,age-appropriate,,,,,longstanding,,,,,2026,https://www.immunize.org/official-guidance/state-policies/vaccine-requirements/mmr-child-school-2026/
Alaska,MMR,School,yes,True,2,K–12,,,,longstanding,,,,,2026,https://www.immunize.org/official-guidance/state-policies/vaccine-requirements/mmr-child-school-2026/
Arizona,MMR,Childcare,yes,True,age-appropriate,,,,,longstanding,,,,,2026,https://www.immunize.org/official-guidance/state-policies/vaccine-requirements/mmr-child-school-2026/
Arizona,MMR,School,yes,True,2,K–12,,,,longstanding,,,,,2026,https://www.immunize.org/official-guidance/state-policies/vaccine-requirements/mmr-child-school-2026/
Arkansas,MMR,Childcare,yes,True,age-appropriate,,,,,longstanding,,,,,2026,https://www.immunize.org/official-guidance/state-policies/vaccine-requirements/mmr-child-school-2026/
Arkansas,MMR,School,yes,True,2,K–12,,,,longstanding,,,,,2026,https://www.immunize.org/official-guidance/state-policies/vaccine-requirements/mmr-child-school-2026/
California,MMR,Childcare,yes,True,age-appropriate,,,,,longstanding,,,,,2026,https://www.immunize.org/official-guidance/state-policies/vaccine-requirements/mmr-child-school-2026/
California,MMR,School,yes,True,2,K–12,,,,longstanding,,,,,2026,https://www.immunize.org/official-guidance/state-policies/vaccine-requirements/mmr-child-school-2026/
Colorado,MMR,Childcare,yes,True,age-appropriate,,,,,longstanding,,,,,2026,https://www.immunize.org/official-guidance/state-policies/vaccine-requirements/mmr-child-school-2026/
Colorado,MMR,School,yes,True,2,K–12,,,,longstanding,,,,,2026,https://www.immunize.org/official-guidance/state-policies/vaccine-requirements/mmr-child-school-2026/
Connecticut,MMR,Childcare,yes,True,age-appropriate,,,,,longstanding,,,,,2026,https://www.immunize.org/official-guidance/state-policies/vaccine-requirements/mmr-child-school-2026/
Connecticut,MMR,School,yes,True,2,K–12,,,,longstanding,,,,,2026,https://www.immunize.org/official-guidance/state-policies/vaccine-requirements/mmr-child-school-2026/
Delaware,MMR,Childcare,yes,True,age-appropriate,,,,,longstanding,,,,,2026,https://www.immunize.org/official-guidance/state-policies/vaccine-requirements/mmr-child-school-2026/
Delaware,MMR,School,yes,True,2,K–12,,,,longstanding,,,,,2026,https://www.immunize.org/official-guidance/state-policies/vaccine-requirements/mmr-child-school-2026/
District of Columbia,MMR,Childcare,yes,True,age-appropriate,,,,,longstanding,,,,,2026,https://www.immunize.org/official-guidance/state-policies/vaccine-requirements/mmr-child-school-2026/
District of Columbia,MMR,School,yes,True,2,K–12,,,,longstanding,,,,,2026,https://www.immunize.org/official-guidance/state-policies/vaccine-requirements/mmr-child-school-2026/
Florida,MMR,Childcare,yes,True,age-appropriate,,,,,longstanding,,,,,2026,https://www.immunize.org/official-guidance/state-policies/vaccine-requirements/mmr-child-school-2026/
Florida,MMR,School,yes,True,2,K–12,,,,longstanding,,,,,2026,https://www.immunize.org/official-guidance/state-policies/vaccine-requirements/mmr-child-school-2026/
Georgia,MMR,Childcare,yes,True,age-appropriate,,,,,longstanding,,,,,2026,https://www.immunize.org/official-guidance/state-policies/vaccine-requirements/mmr-child-school-2026/
Georgia,MMR,School,yes,True,2,K–12,,,,longstanding,,,,,2026,https://www.immunize.org/official-guidance/state-policies/vaccine-requirements/mmr-child-school-2026/
Hawaii,MMR,Childcare,yes,True,age-appropriate,,,,,longstanding,,,,,2026,https://www.immunize.org/official-guidance/state-policies/vaccine-requirements/mmr-child-school-2026/
Hawaii,MMR,School,yes,True,2,K–12,,,,longstanding,,,,,2026,https://www.immunize.org/official-guidance/state-policies/vaccine-requirements/mmr-child-school-2026/
Idaho,MMR,Childcare,yes,True,age-appropriate,,,,,longstanding,,,,,2026,https://www.immunize.org/official-guidance/state-policies/vaccine-requirements/mmr-child-school-2026/
Idaho,MMR,School,yes,True,2,K–12,,,,longstanding,,,,,2026,https://www.immunize.org/official-guidance/state-policies/vaccine-requirements/mmr-child-school-2026/
Illinois,MMR,Childcare,yes,True,age-appropriate,,,,,longstanding,,,,,2026,https://www.immunize.org/official-guidance/state-policies/vaccine-requirements/mmr-child-school-2026/
Illinois,MMR,School,yes,True,2,K–12,,,,longstanding,,,,,2026,https://www.immunize.org/official-guidance/state-policies/vaccine-requirements/mmr-child-school-2026/
Indiana,MMR,Childcare,yes,True,age-appropriate,,,,,longstanding,,,,,2026,https://www.immunize.org/official-guidance/state-policies/vaccine-requirements/mmr-child-school-2026/
Indiana,MMR,School,yes,True,2,K–12,,,,longstanding,,,,,2026,https://www.immunize.org/official-guidance/state-policies/vaccine-requirements/mmr-child-school-2026/
Iowa,MMR,Childcare,yes,True,age-appropriate,,,,,longstanding,,Only measles and rubella required,,,2026,https://www.immunize.org/official-guidance/state-policies/vaccine-requirements/mmr-child-school-2026/
Iowa,MMR,School,yes,True,2,K–12,,,,longstanding,,Only measles and rubella required,,,2026,https://www.immunize.org/official-guidance/state-policies/vaccine-requirements/mmr-child-school-2026/
Kansas,MMR,Childcare,yes,True,age-appropriate,,,,,longstanding,,,,,2026,https://www.immunize.org/official-guidance/state-policies/vaccine-requirements/mmr-child-school-2026/
Kansas,MMR,School,yes,True,2,K–12,,,,longstanding,,,,,2026,https://www.immunize.org/official-guidance/state-policies/vaccine-requirements/mmr-child-school-2026/
Kentucky,MMR,Childcare,yes,True,age-appropriate,,,,,longstanding,,,,,2026,https://www.immunize.org/official-guidance/state-policies/vaccine-requirements/mmr-child-school-2026/
Kentucky,MMR,School,yes,True,2,K–12,,,,longstanding,,,,,2026,https://www.immunize.org/official-guidance/state-policies/vaccine-requirements/mmr-child-school-2026/
Louisiana,MMR,Childcare,yes,True,age-appropriate,,,,,longstanding,,,,,2026,https://www.immunize.org/official-guidance/state-policies/vaccine-requirements/mmr-child-school-2026/
Louisiana,MMR,School,yes,True,2,K–12,,,,longstanding,,,,,2026,https://www.immunize.org/official-guidance/state-policies/vaccine-requirements/mmr-child-school-2026/
Maine,MMR,Childcare,yes,True,age-appropriate,,,,,longstanding,,,,,2026,https://www.immunize.org/official-guidance/state-policies/vaccine-requirements/mmr-child-school-2026/
Maine,MMR,School,yes,True,2,K–12,,,,longstanding,,,,,2026,https://www.immunize.org/official-guidance/state-policies/vaccine-requirements/mmr-child-school-2026/
Maryland,MMR,Childcare,yes,True,age-appropriate,,,,,longstanding,,,,,2026,https://www.immunize.org/official-guidance/state-policies/vaccine-requirements/mmr-child-school-2026/
Maryland,MMR,School,yes,True,2,K–12,,,,longstanding,,,,,2026,https://www.immunize.org/official-guidance/state-policies/vaccine-requirements/mmr-child-school-2026/
Massachusetts,MMR,Childcare,yes,True,age-appropriate,,,,,longstanding,,,,,2026,https://www.immunize.org/official-guidance/state-policies/vaccine-requirements/mmr-child-school-2026/
Massachusetts,MMR,School,yes,True,2,K–12,,,,longstanding,,,,,2026,https://www.immunize.org/official-guidance/state-policies/vaccine-requirements/mmr-child-school-2026/
Michigan,MMR,Childcare,yes,True,age-appropriate,,,,,longstanding,,,,,2026,https://www.immunize.org/official-guidance/state-policies/vaccine-requirements/mmr-child-school-2026/
Michigan,MMR,School,yes,True,2,K–12,,,,longstanding,,,,,2026,https://www.immunize.org/official-guidance/state-policies/vaccine-requirements/mmr-child-school-2026/
Minnesota,MMR,Childcare,yes,True,age-appropriate,,,,,longstanding,,,,,2026,https://www.immunize.org/official-guidance/state-policies/vaccine-requirements/mmr-child-school-2026/
Minnesota,MMR,School,yes,True,2,K–12,,,,longstanding,,,,,2026,https://www.immunize.org/official-guidance/state-policies/vaccine-requirements/mmr-child-school-2026/
Mississippi,MMR,Childcare,yes,True,age-appropriate,,,,,longstanding,,,,,2026,https://www.immunize.org/official-guidance/state-policies/vaccine-requirements/mmr-child-school-2026/
Mississippi,MMR,School,yes,True,2,K–12,,,,longstanding,,,,,2026,https://www.immunize.org/official-guidance/state-policies/vaccine-requirements/mmr-child-school-2026/
Missouri,MMR,Childcare,yes,True,1,,,,,longstanding,,,,,2026,https://www.immunize.org/official-guidance/state-policies/vaccine-requirements/mmr-child-school-2026/
Missouri,MMR,School,yes,True,2,K–12,,,,longstanding,,,,,2026,https://www.immunize.org/official-guidance/state-policies/vaccine-requirements/mmr-child-school-2026/
Montana,MMR,Childcare,yes,True,age-appropriate,,,,,longstanding,,,,,2026,https://www.immunize.org/official-guidance/state-policies/vaccine-requirements/mmr-child-school-2026/
Montana,MMR,School,yes,True,2,K–12,,,,longstanding,,,,,2026,https://www.immunize.org/official-guidance/state-policies/vaccine-requirements/mmr-child-school-2026/
Nebraska,MMR,Childcare,yes,True,age-appropriate,,,,,longstanding,,,,,2026,https://www.immunize.org/official-guidance/state-policies/vaccine-requirements/mmr-child-school-2026/
Nebraska,MMR,School,yes,True,2,K–12,,,,longstanding,,,,,2026,https://www.immunize.org/official-guidance/state-policies/vaccine-requirements/mmr-child-school-2026/
Nevada,MMR,Childcare,yes,True,age-appropriate,,,,,longstanding,,,,,2026,https://www.immunize.org/official-guidance/state-policies/vaccine-requirements/mmr-child-school-2026/
Nevada,MMR,School,yes,True,2,K–12,,,,longstanding,,,,,2026,https://www.immunize.org/official-guidance/state-policies/vaccine-requirements/mmr-child-school-2026/
New Hampshire,MMR,Childcare,yes,True,age-appropriate,,,,,longstanding,,,,,2026,https://www.immunize.org/official-guidance/state-policies/vaccine-requirements/mmr-child-school-2026/
New Hampshire,MMR,School,yes,True,2,K–12,,,,longstanding,,,,,2026,https://www.immunize.org/official-guidance/state-policies/vaccine-requirements/mmr-child-school-2026/
New Jersey,MMR,Childcare,yes,True,age-appropriate,,,,,longstanding,,,,,2026,https://www.immunize.org/official-guidance/state-policies/vaccine-requirements/mmr-child-school-2026/
New Jersey,MMR,School,yes,True,2,K–12,,,,longstanding,,,,,2026,https://www.immunize.org/official-guidance/state-policies/vaccine-requirements/mmr-child-school-2026/
New Mexico,MMR,Childcare,yes,True,age-appropriate,,,,,longstanding,,,,,2026,https://www.immunize.org/official-guidance/state-policies/vaccine-requirements/mmr-child-school-2026/
New Mexico,MMR,School,yes,True,2,K–12,,,,longstanding,,,,,2026,https://www.immunize.org/official-guidance/state-policies/vaccine-requirements/mmr-child-school-2026/
New York,MMR,Childcare,yes,True,age-appropriate,,,,,longstanding,,,,,2026,https://www.immunize.org/official-guidance/state-policies/vaccine-requirements/mmr-child-school-2026/
New York,MMR,School,yes,True,2,K–12,,,,longstanding,,,,,2026,https://www.immunize.org/official-guidance/state-policies/vaccine-requirements/mmr-child-school-2026/
North Carolina,MMR,Childcare,yes,True,age-appropriate,,,,,longstanding,,,,,2026,https://www.immunize.org/official-guidance/state-policies/vaccine-requirements/mmr-child-school-2026/
North Carolina,MMR,School,yes,True,2,K–12,,,,longstanding,,,,,2026,https://www.immunize.org/official-guidance/state-policies/vaccine-requirements/mmr-child-school-2026/
North Dakota,MMR,Childcare,yes,True,age-appropriate,,,,,longstanding,,,,,2026,https://www.immunize.org/official-guidance/state-policies/vaccine-requirements/mmr-child-school-2026/
North Dakota,MMR,School,yes,True,2,K–12,,,,longstanding,,,,,2026,https://www.immunize.org/official-guidance/state-policies/vaccine-requirements/mmr-child-school-2026/
Ohio,MMR,Childcare,yes,True,age-appropriate,,,,,longstanding,,,,,2026,https://www.immunize.org/official-guidance/state-policies/vaccine-requirements/mmr-child-school-2026/
Ohio,MMR,School,yes,True,2,K–12,,,,longstanding,,,,,2026,https://www.immunize.org/official-guidance/state-policies/vaccine-requirements/mmr-child-school-2026/
Oklahoma,MMR,Childcare,yes,True,age-appropriate,,,,,longstanding,,,,,2026,https://www.immunize.org/official-guidance/state-policies/vaccine-requirements/mmr-child-school-2026/
Oklahoma,MMR,School,yes,True,2,K–12,,,,longstanding,,,,,2026,https://www.immunize.org/official-guidance/state-policies/vaccine-requirements/mmr-child-school-2026/
Oregon,MMR,Childcare,yes,True,age-appropriate,,,,,longstanding,,,,,2026,https://www.immunize.org/official-guidance/state-policies/vaccine-requirements/mmr-child-school-2026/
Oregon,MMR,School,yes,True,2,K–12,,,,longstanding,,,,,2026,https://www.immunize.org/official-guidance/state-policies/vaccine-requirements/mmr-child-school-2026/
Pennsylvania,MMR,Childcare,yes,True,age-appropriate,,,,,longstanding,,,,,2026,https://www.immunize.org/official-guidance/state-policies/vaccine-requirements/mmr-child-school-2026/
Pennsylvania,MMR,School,yes,True,2,K–12,,,,longstanding,,,,,2026,https://www.immunize.org/official-guidance/state-policies/vaccine-requirements/mmr-child-school-2026/
Rhode Island,MMR,Childcare,yes,True,age-appropriate,,,,,longstanding,,,,,2026,https://www.immunize.org/official-guidance/state-policies/vaccine-requirements/mmr-child-school-2026/
Rhode Island,MMR,School,yes,True,2,K–12,,,,longstanding,,,,,2026,https://www.immunize.org/official-guidance/state-policies/vaccine-requirements/mmr-child-school-2026/
South Carolina,MMR,Childcare,yes,True,age-appropriate,,,,,longstanding,,,,,2026,https://www.immunize.org/official-guidance/state-policies/vaccine-requirements/mmr-child-school-2026/
South Carolina,MMR,School,yes,True,2,K–12,,,,longstanding,,,,,2026,https://www.immunize.org/official-guidance/state-policies/vaccine-requirements/mmr-child-school-2026/
South Dakota,MMR,Childcare,yes,True,age-appropriate,,,,,longstanding,,,,,2026,https://www.immunize.org/official-guidance/state-policies/vaccine-requirements/mmr-child-school-2026/
South Dakota,MMR,School,yes,True,2,K–12,,,,longstanding,,,,,2026,https://www.immunize.org/official-guidance/state-policies/vaccine-requirements/mmr-child-school-2026/
Tennessee,MMR,Childcare,yes,True,1,,,,,longstanding,,2026: number of doses changed from age-appropriate to 1,,,2026,https://www.immunize.org/official-guidance/state-policies/vaccine-requirements/mmr-child-school-2026/
Tennessee,MMR,School,yes,True,2,K–12,,,,longstanding,,,,,2026,https://www.immunize.org/official-guidance/state-policies/vaccine-requirements/mmr-child-school-2026/
Texas,MMR,Childcare,yes,True,age-appropriate,,,,,longstanding,,,,,2026,https://www.immunize.org/official-guidance/state-policies/vaccine-requirements/mmr-child-school-2026/
Texas,MMR,School,yes,True,2,K–12,,,,longstanding,,,,,2026,https://www.immunize.org/official-guidance/state-policies/vaccine-requirements/mmr-child-school-2026/
Utah,MMR,Childcare,yes,True,age-appropriate,,,,,longstanding,,,,,2026,https://www.immunize.org/official-guidance/state-policies/vaccine-requirements/mmr-child-school-2026/
Utah,MMR,School,yes,True,2,K–12,,,,longstanding,,,,,2026,https://www.immunize.org/official-guidance/state-policies/vaccine-requirements/mmr-child-school-2026/
Vermont,MMR,Childcare,yes,True,age-appropriate,,,,,longstanding,,,,,2026,https://www.immunize.org/official-guidance/state-policies/vaccine-requirements/mmr-child-school-2026/
Vermont,MMR,School,yes,True,2,K–12,,,,longstanding,,,,,2026,https://www.immunize.org/official-guidance/state-policies/vaccine-requirements/mmr-child-school-2026/
Virginia,MMR,Childcare,yes,True,age-appropriate,,,,,longstanding,,,,,2026,https://www.immunize.org/official-guidance/state-policies/vaccine-requirements/mmr-child-school-2026/
Virginia,MMR,School,yes,True,2,K–12,,,,longstanding,,,,,2026,https://www.immunize.org/official-guidance/state-policies/vaccine-requirements/mmr-child-school-2026/
Washington,MMR,Childcare,yes,True,age-appropriate,,,,,longstanding,,children in preschool/ transitional K who are age 4 on September 1 of the school year need 2 doses,,,2026,https://www.immunize.org/official-guidance/state-policies/vaccine-requirements/mmr-child-school-2026/
Washington,MMR,School,yes,True,2,K–12,,,,longstanding,,,,,2026,https://www.immunize.org/official-guidance/state-policies/vaccine-requirements/mmr-child-school-2026/
West Virginia,MMR,Childcare,yes,True,age-appropriate,,,,,longstanding,,,,,2026,https://www.immunize.org/official-guidance/state-policies/vaccine-requirements/mmr-child-school-2026/
West Virginia,MMR,School,yes,True,2,K–12,,,,longstanding,,,,,2026,https://www.immunize.org/official-guidance/state-policies/vaccine-requirements/mmr-child-school-2026/
Wisconsin,MMR,Childcare,yes,True,age-appropriate,,,,,longstanding,,,,,2026,https://www.immunize.org/official-guidance/state-policies/vaccine-requirements/mmr-child-school-2026/
Wisconsin,MMR,School,yes,True,2,K–12,,,,longstanding,,,,,2026,https://www.immunize.org/official-guidance/state-policies/vaccine-requirements/mmr-child-school-2026/
Wyoming,MMR,Childcare,yes,True,age-appropriate,,,,,longstanding,,,,,2026,https://www.immunize.org/official-guidance/state-policies/vaccine-requirements/mmr-child-school-2026/
Wyoming,MMR,School,yes,True,2,K–12,,,,longstanding,,,,,2026,https://www.immunize.org/official-guidance/state-policies/vaccine-requirements/mmr-child-school-2026/
Alabama,PCV,Childcare,yes,True,age-appropriate,,,,,2009,,,,,2026,https://www.immunize.org/official-guidance/state-policies/vaccine-requirements/pcv-childcare-2026/
Alaska,PCV,Childcare,,False,,,,,,,,,,,2026,https://www.immunize.org/official-guidance/state-policies/vaccine-requirements/pcv-childcare-2026/
Arizona,PCV,Childcare,,False,,,,,,,,,,,2026,https://www.immunize.org/official-guidance/state-policies/vaccine-requirements/pcv-childcare-2026/
Arkansas,PCV,Childcare,yes,True,age-appropriate,,,,,2008,,,,,2026,https://www.immunize.org/official-guidance/state-policies/vaccine-requirements/pcv-childcare-2026/
California,PCV,Childcare,,False,,,,,,,,,,,2026,https://www.immunize.org/official-guidance/state-policies/vaccine-requirements/pcv-childcare-2026/
Colorado,PCV,Childcare,yes,True,age-appropriate,,,,,2007,,,,,2026,https://www.immunize.org/official-guidance/state-policies/vaccine-requirements/pcv-childcare-2026/
Connecticut,PCV,Childcare,yes,True,age-appropriate,,,,,2007,,,,,2026,https://www.immunize.org/official-guidance/state-policies/vaccine-requirements/pcv-childcare-2026/
Delaware,PCV,Childcare,,False,,,,,,,,,,,2026,https://www.immunize.org/official-guidance/state-policies/vaccine-requirements/pcv-childcare-2026/
District of Columbia,PCV,Childcare,yes,True,age-appropriate,,,,,2008,,,,,2026,https://www.immunize.org/official-guidance/state-policies/vaccine-requirements/pcv-childcare-2026/
Florida,PCV,Childcare,yes,True,age-appropriate,,,,,2012,,,,,2026,https://www.immunize.org/official-guidance/state-policies/vaccine-requirements/pcv-childcare-2026/
Georgia,PCV,Childcare,yes,True,age-appropriate,,,,,2007,,,,,2026,https://www.immunize.org/official-guidance/state-policies/vaccine-requirements/pcv-childcare-2026/
Hawaii,PCV,Childcare,yes,True,age-appropriate,,,,,2020,,,,,2026,https://www.immunize.org/official-guidance/state-policies/vaccine-requirements/pcv-childcare-2026/
Idaho,PCV,Childcare,yes,True,age-appropriate,,,,,2011,,,,,2026,https://www.immunize.org/official-guidance/state-policies/vaccine-requirements/pcv-childcare-2026/
Illinois,PCV,Childcare,yes,True,age-appropriate,,,,,2007,,,,,2026,https://www.immunize.org/official-guidance/state-policies/vaccine-requirements/pcv-childcare-2026/
Indiana,PCV,Childcare,yes,True,age-appropriate,,,,,2003,,,,,2026,https://www.immunize.org/official-guidance/state-policies/vaccine-requirements/pcv-childcare-2026/
Iowa,PCV,Childcare,yes,True,age-appropriate,,,,,2009,,,,,2026,https://www.immunize.org/official-guidance/state-policies/vaccine-requirements/pcv-childcare-2026/
Kansas,PCV,Childcare,yes,True,age-appropriate,,,,,2009,,,,,2026,https://www.immunize.org/official-guidance/state-policies/vaccine-requirements/pcv-childcare-2026/
Kentucky,PCV,Childcare,yes,True,age-appropriate,,,,,2011,,,,,2026,https://www.immunize.org/official-guidance/state-policies/vaccine-requirements/pcv-childcare-2026/
Louisiana,PCV,Childcare,yes,True,age-appropriate,,,,,2006,,,,,2026,https://www.immunize.org/official-guidance/state-policies/vaccine-requirements/pcv-childcare-2026/
Maine,PCV,Childcare,yes,True,age-appropriate,,,,,2002,,,,,2026,https://www.immunize.org/official-guidance/state-policies/vaccine-requirements/pcv-childcare-2026/
Maryland,PCV,Childcare,yes,True,age-appropriate,,,,,2005,,,,,2026,https://www.immunize.org/official-guidance/state-policies/vaccine-requirements/pcv-childcare-2026/
Massachusetts,PCV,Childcare,,False,,,,,,,,,,,2026,https://www.immunize.org/official-guidance/state-policies/vaccine-requirements/pcv-childcare-2026/
Michigan,PCV,Childcare,yes,True,age-appropriate,,,,,2007,,,,,2026,https://www.immunize.org/official-guidance/state-policies/vaccine-requirements/pcv-childcare-2026/
Minnesota,PCV,Childcare,yes,True,age-appropriate,,,,,2004,,,,,2026,https://www.immunize.org/official-guidance/state-policies/vaccine-requirements/pcv-childcare-2026/
Mississippi,PCV,Childcare,yes,True,age-appropriate,,,,,2007,,,,,2026,https://www.immunize.org/official-guidance/state-policies/vaccine-requirements/pcv-childcare-2026/
Missouri,PCV,Childcare,yes,True,age-appropriate,,,,,2010,,,,,2026,https://www.immunize.org/official-guidance/state-policies/vaccine-requirements/pcv-childcare-2026/
Montana,PCV,Childcare,yes,True,age-appropriate,,,,,2018,,,,,2026,https://www.immunize.org/official-guidance/state-policies/vaccine-requirements/pcv-childcare-2026/
Nebraska,PCV,Childcare,yes,True,age-appropriate,,,,,2008,,,,,2026,https://www.immunize.org/official-guidance/state-policies/vaccine-requirements/pcv-childcare-2026/
Nevada,PCV,Childcare,yes,True,age-appropriate,,,,,2007,,,,,2026,https://www.immunize.org/official-guidance/state-policies/vaccine-requirements/pcv-childcare-2026/
New Hampshire,PCV,Childcare,,False,,,,,,,,,,,2026,https://www.immunize.org/official-guidance/state-policies/vaccine-requirements/pcv-childcare-2026/
New Jersey,PCV,Childcare,yes,True,age-appropriate,,,,,2008,,,,,2026,https://www.immunize.org/official-guidance/state-policies/vaccine-requirements/pcv-childcare-2026/
New Mexico,PCV,Childcare,yes,True,age-appropriate,,,,,2018,,,,,2026,https://www.immunize.org/official-guidance/state-policies/vaccine-requirements/pcv-childcare-2026/
New York,PCV,Childcare,yes,True,age-appropriate,,,,,2008,,,,,2026,https://www.immunize.org/official-guidance/state-policies/vaccine-requirements/pcv-childcare-2026/
North Carolina,PCV,Childcare,yes,True,age-appropriate,,,,,2015,,,,,2026,https://www.immunize.org/official-guidance/state-policies/vaccine-requirements/pcv-childcare-2026/
North Dakota,PCV,Childcare,yes,True,age-appropriate,,,,,2008,,,,,2026,https://www.immunize.org/official-guidance/state-policies/vaccine-requirements/pcv-childcare-2026/
Ohio,PCV,Childcare,yes,True,age-appropriate,,,,,2015,,,,,2026,https://www.immunize.org/official-guidance/state-policies/vaccine-requirements/pcv-childcare-2026/
Oklahoma,PCV,Childcare,yes,True,age-appropriate,,,,,2007,,,,,2026,https://www.immunize.org/official-guidance/state-policies/vaccine-requirements/pcv-childcare-2026/
Oregon,PCV,Childcare,,False,,,,,,,,,,,2026,https://www.immunize.org/official-guidance/state-policies/vaccine-requirements/pcv-childcare-2026/
Pennsylvania,PCV,Childcare,yes,True,age-appropriate,,,,,2001,,,,,2026,https://www.immunize.org/official-guidance/state-policies/vaccine-requirements/pcv-childcare-2026/
Rhode Island,PCV,Childcare,yes,True,age-appropriate,,,,,2005,,,,,2026,https://www.immunize.org/official-guidance/state-policies/vaccine-requirements/pcv-childcare-2026/
South Carolina,PCV,Childcare,yes,True,age-appropriate,,,,,2007,,,,,2026,https://www.immunize.org/official-guidance/state-policies/vaccine-requirements/pcv-childcare-2026/
South Dakota,PCV,Childcare,yes,True,age-appropriate,,,,,2016,,,,,2026,https://www.immunize.org/official-guidance/state-policies/vaccine-requirements/pcv-childcare-2026/
Tennessee,PCV,Childcare,yes,True,age-appropriate,,,,,2010,,,,,2026,https://www.immunize.org/official-guidance/state-policies/vaccine-requirements/pcv-childcare-2026/
Texas,PCV,Childcare,yes,True,age-appropriate,,,,,2005,,,,,2026,https://www.immunize.org/official-guidance/state-policies/vaccine-requirements/pcv-childcare-2026/
Utah,PCV,Childcare,yes,True,age-appropriate,,,,,2008,,,,,2026,https://www.immunize.org/official-guidance/state-policies/vaccine-requirements/pcv-childcare-2026/
Vermont,PCV,Childcare,yes,True,age-appropriate,,,,,2011,,,,,2026,https://www.immunize.org/official-guidance/state-policies/vaccine-requirements/pcv-childcare-2026/
Virginia,PCV,Childcare,yes,True,age-appropriate,,,,,2006,,,,,2026,https://www.immunize.org/official-guidance/state-policies/vaccine-requirements/pcv-childcare-2026/
Washington,PCV,Childcare,yes,True,age-appropriate,,,,,2008,,,,,2026,https://www.immunize.org/official-guidance/state-policies/vaccine-requirements/pcv-childcare-2026/
West Virginia,PCV,Childcare,,False,,,,,,,,,,,2026,https://www.immunize.org/official-guidance/state-policies/vaccine-requirements/pcv-childcare-2026/
Wisconsin,PCV,Childcare,yes,True,age-appropriate,,,,,2008,,,,,2026,https://www.immunize.org/official-guidance/state-policies/vaccine-requirements/pcv-childcare-2026/
Wyoming,PCV,Childcare,yes,True,age-appropriate,,,,,2018,,,,,2026,https://www.immunize.org/official-guidance/state-policies/vaccine-requirements/pcv-childcare-2026/
Alabama,Polio,Childcare,yes,True,age-appropriate,,,,,longstanding,,,,,2026,https://www.immunize.org/official-guidance/state-policies/vaccine-requirements/polio-child-school-2026/
Alabama,Polio,School,yes,True,age-appropriate,K–12,,,,longstanding,,,,,2026,https://www.immunize.org/official-guidance/state-policies/vaccine-requirements/polio-child-school-2026/
Alaska,Polio,Childcare,yes,True,age-appropriate,,,,,longstanding,,,,,2026,https://www.immunize.org/official-guidance/state-policies/vaccine-requirements/polio-child-school-2026/
Alaska,Polio,School,yes,True,age-appropriate,K–12,,,,longstanding,,,,,2026,https://www.immunize.org/official-guidance/state-policies/vaccine-requirements/polio-child-school-2026/
Arizona,Polio,Childcare,yes,True,age-appropriate,,,,,longstanding,,,,,2026,https://www.immunize.org/official-guidance/state-policies/vaccine-requirements/polio-child-school-2026/
Arizona,Polio,School,yes,True,age-appropriate,K–12,,,,longstanding,,,,,2026,https://www.immunize.org/official-guidance/state-policies/vaccine-requirements/polio-child-school-2026/
Arkansas,Polio,Childcare,yes,True,age-appropriate,,,,,longstanding,,,,,2026,https://www.immunize.org/official-guidance/state-policies/vaccine-requirements/polio-child-school-2026/
Arkansas,Polio,School,yes,True,age-appropriate,K–12,,,,longstanding,,,,,2026,https://www.immunize.org/official-guidance/state-policies/vaccine-requirements/polio-child-school-2026/
California,Polio,Childcare,yes,True,age-appropriate,,,,,longstanding,,,,,2026,https://www.immunize.org/official-guidance/state-policies/vaccine-requirements/polio-child-school-2026/
California,Polio,School,yes,True,age-appropriate,K–12,,,,longstanding,,,,,2026,https://www.immunize.org/official-guidance/state-policies/vaccine-requirements/polio-child-school-2026/
Colorado,Polio,Childcare,yes,True,age-appropriate,,,,,longstanding,,,,,2026,https://www.immunize.org/official-guidance/state-policies/vaccine-requirements/polio-child-school-2026/
Colorado,Polio,School,yes,True,age-appropriate,K–12,,,,longstanding,,,,,2026,https://www.immunize.org/official-guidance/state-policies/vaccine-requirements/polio-child-school-2026/
Connecticut,Polio,Childcare,yes,True,age-appropriate,,,,,longstanding,,,,,2026,https://www.immunize.org/official-guidance/state-policies/vaccine-requirements/polio-child-school-2026/
Connecticut,Polio,School,yes,True,age-appropriate,K–12,,,,longstanding,,,,,2026,https://www.immunize.org/official-guidance/state-policies/vaccine-requirements/polio-child-school-2026/
Delaware,Polio,Childcare,yes,True,age-appropriate,,,,,longstanding,,,,,2026,https://www.immunize.org/official-guidance/state-policies/vaccine-requirements/polio-child-school-2026/
Delaware,Polio,School,yes,True,age-appropriate,K–12,,,,longstanding,,,,,2026,https://www.immunize.org/official-guidance/state-policies/vaccine-requirements/polio-child-school-2026/
District of Columbia,Polio,Childcare,yes,True,age-appropriate,,,,,longstanding,,,,,2026,https://www.immunize.org/official-guidance/state-policies/vaccine-requirements/polio-child-school-2026/
District of Columbia,Polio,School,yes,True,age-appropriate,K–12,,,,longstanding,,,,,2026,https://www.immunize.org/official-guidance/state-policies/vaccine-requirements/polio-child-school-2026/
Florida,Polio,Childcare,yes,True,age-appropriate,,,,,longstanding,,,,,2026,https://www.immunize.org/official-guidance/state-policies/vaccine-requirements/polio-child-school-2026/
Florida,Polio,School,yes,True,age-appropriate,K–12,,,,longstanding,,,,,2026,https://www.immunize.org/official-guidance/state-policies/vaccine-requirements/polio-child-school-2026/
Georgia,Polio,Childcare,yes,True,age-appropriate,,,,,longstanding,,,,,2026,https://www.immunize.org/official-guidance/state-policies/vaccine-requirements/polio-child-school-2026/
Georgia,Polio,School,yes,True,age-appropriate,K–12,,,,longstanding,,,,,2026,https://www.immunize.org/official-guidance/state-policies/vaccine-requirements/polio-child-school-2026/
Hawaii,Polio,Childcare,yes,True,age-appropriate,,,,,longstanding,,,,,2026,https://www.immunize.org/official-guidance/state-policies/vaccine-requirements/polio-child-school-2026/
Hawaii,Polio,School,yes,True,3–4,K–12,,,,longstanding,,,,,2026,https://www.immunize.org/official-guidance/state-policies/vaccine-requirements/polio-child-school-2026/
Idaho,Polio,Childcare,yes,True,age-appropriate,,,,,longstanding,,,,,2026,https://www.immunize.org/official-guidance/state-policies/vaccine-requirements/polio-child-school-2026/
Idaho,Polio,School,yes,True,age-appropriate,K–12,,,,longstanding,,,,,2026,https://www.immunize.org/official-guidance/state-policies/vaccine-requirements/polio-child-school-2026/
Illinois,Polio,Childcare,yes,True,age-appropriate,,,,,longstanding,,,,,2026,https://www.immunize.org/official-guidance/state-policies/vaccine-requirements/polio-child-school-2026/
Illinois,Polio,School,yes,True,age-appropriate,K–12,,,,longstanding,,,,,2026,https://www.immunize.org/official-guidance/state-policies/vaccine-requirements/polio-child-school-2026/
Indiana,Polio,Childcare,yes,True,age-appropriate,,,,,longstanding,,,,,2026,https://www.immunize.org/official-guidance/state-policies/vaccine-requirements/polio-child-school-2026/
Indiana,Polio,School,yes,True,age-appropriate,K–12,,,,longstanding,,,,,2026,https://www.immunize.org/official-guidance/state-policies/vaccine-requirements/polio-child-school-2026/
Iowa,Polio,Childcare,yes,True,age-appropriate,,,,,longstanding,,,,,2026,https://www.immunize.org/official-guidance/state-policies/vaccine-requirements/polio-child-school-2026/
Iowa,Polio,School,yes,True,age-appropriate,K–12,,,,longstanding,,,,,2026,https://www.immunize.org/official-guidance/state-policies/vaccine-requirements/polio-child-school-2026/
Kansas,Polio,Childcare,yes,True,age-appropriate,,,,,longstanding,,,,,2026,https://www.immunize.org/official-guidance/state-policies/vaccine-requirements/polio-child-school-2026/
Kansas,Polio,School,yes,True,age-appropriate,K–12,,,,longstanding,,,,,2026,https://www.immunize.org/official-guidance/state-policies/vaccine-requirements/polio-child-school-2026/
Kentucky,Polio,Childcare,yes,True,age-appropriate,,,,,longstanding,,,,,2026,https://www.immunize.org/official-guidance/state-policies/vaccine-requirements/polio-child-school-2026/
Kentucky,Polio,School,yes,True,age-appropriate,K–12,,,,longstanding,,,,,2026,https://www.immunize.org/official-guidance/state-policies/vaccine-requirements/polio-child-school-2026/
Louisiana,Polio,Childcare,yes,True,age-appropriate,,,,,longstanding,,,,,2026,https://www.immunize.org/official-guidance/state-policies/vaccine-requirements/polio-child-school-2026/
Louisiana,Polio,School,yes,True,age-appropriate,K–12,,,,longstanding,,,,,2026,https://www.immunize.org/official-guidance/state-policies/vaccine-requirements/polio-child-school-2026/
Maine,Polio,Childcare,yes,True,age-appropriate,,,,,longstanding,,,,,2026,https://www.immunize.org/official-guidance/state-policies/vaccine-requirements/polio-child-school-2026/
Maine,Polio,School,yes,True,age-appropriate,K–12,,,,longstanding,,,,,2026,https://www.immunize.org/official-guidance/state-policies/vaccine-requirements/polio-child-school-2026/
Maryland,Polio,Childcare,yes,True,age-appropriate,,,,,longstanding,,,,,2026,https://www.immunize.org/official-guidance/state-policies/vaccine-requirements/polio-child-school-2026/
Maryland,Polio,School,yes,True,age-appropriate,K–12,,,,longstanding,,,,,2026,https://www.immunize.org/official-guidance/state-policies/vaccine-requirements/polio-child-school-2026/
Massachusetts,Polio,Childcare,yes,True,age-appropriate,,,,,longstanding,,,,,2026,https://www.immunize.org/official-guidance/state-policies/vaccine-requirements/polio-child-school-2026/
Massachusetts,Polio,School,yes,True,age-appropriate,K–12,,,,longstanding,,,,,2026,https://www.immunize.org/official-guidance/state-policies/vaccine-requirements/polio-child-school-2026/
Michigan,Polio,Childcare,yes,True,age-appropriate,,,,,longstanding,,,,,2026,https://www.immunize.org/official-guidance/state-policies/vaccine-requirements/polio-child-school-2026/
Michigan,Polio,School,yes,True,age-appropriate,K–12,,,,longstanding,,,,,2026,https://www.immunize.org/official-guidance/state-policies/vaccine-requirements/polio-child-school-2026/
Minnesota,Polio,Childcare,yes,True,age-appropriate,,,,,longstanding,,,,,2026,https://www.immunize.org/official-guidance/state-policies/vaccine-requirements/polio-child-school-2026/
Minnesota,Polio,School,yes,True,age-appropriate,K–12,,,,longstanding,,,,,2026,https://www.immunize.org/official-guidance/state-policies/vaccine-requirements/polio-child-school-2026/
Mississippi,Polio,Childcare,yes,True,age-appropriate,,,,,longstanding,,,,,2026,https://www.immunize.org/official-guidance/state-policies/vaccine-requirements/polio-child-school-2026/
Mississippi,Polio,School,yes,True,age-appropriate,K–12,,,,longstanding,,,,,2026,https://www.immunize.org/official-guidance/state-policies/vaccine-requirements/polio-child-school-2026/
Missouri,Polio,Childcare,yes,True,age-appropriate,,,,,longstanding,,,,,2026,https://www.immunize.org/official-guidance/state-policies/vaccine-requirements/polio-child-school-2026/
Missouri,Polio,School,yes,True,age-appropriate,K–12,,,,longstanding,,,,,2026,https://www.immunize.org/official-guidance/state-policies/vaccine-requirements/polio-child-school-2026/
Montana,Polio,Childcare,yes,True,age-appropriate,,,,,longstanding,,,,,2026,https://www.immunize.org/official-guidance/state-policies/vaccine-requirements/polio-child-school-2026/
Montana,Polio,School,yes,True,age-appropriate,K–12,,,,longstanding,,,,,2026,https://www.immunize.org/official-guidance/state-policies/vaccine-requirements/polio-child-school-2026/
Nebraska,Polio,Childcare,yes,True,age-appropriate,,,,,longstanding,,,,,2026,https://www.immunize.org/official-guidance/state-policies/vaccine-requirements/polio-child-school-2026/
Nebraska,Polio,School,yes,True,age-appropriate,K–12,,,,longstanding,,,,,2026,https://www.immunize.org/official-guidance/state-policies/vaccine-requirements/polio-child-school-2026/
Nevada,Polio,Childcare,yes,True,age-appropriate,,,,,longstanding,,,,,2026,https://www.immunize.org/official-guidance/state-policies/vaccine-requirements/polio-child-school-2026/
Nevada,Polio,School,yes,True,age-appropriate,K–12,,,,longstanding,,,,,2026,https://www.immunize.org/official-guidance/state-policies/vaccine-requirements/polio-child-school-2026/
New Hampshire,Polio,Childcare,yes,True,age-appropriate,,,,,longstanding,,,,,2026,https://www.immunize.org/official-guidance/state-policies/vaccine-requirements/polio-child-school-2026/
New Hampshire,Polio,School,yes,True,age-appropriate,K–12,,,,longstanding,,,,,2026,https://www.immunize.org/official-guidance/state-policies/vaccine-requirements/polio-child-school-2026/
New Jersey,Polio,Childcare,yes,True,age-appropriate,,,,,longstanding,,,,,2026,https://www.immunize.org/official-guidance/state-policies/vaccine-requirements/polio-child-school-2026/
New Jersey,Polio,School,yes,True,3–4 doses as age appropriate,K–12,,,,longstanding,,,,,2026,https://www.immunize.org/official-guidance/state-policies/vaccine-requirements/polio-child-school-2026/
New Mexico,Polio,Childcare,yes,True,age-appropriate,,,,,longstanding,,,,,2026,https://www.immunize.org/official-guidance/state-policies/vaccine-requirements/polio-child-school-2026/
New Mexico,Polio,School,yes,True,age-appropriate,K–12,,,,longstanding,,,,,2026,https://www.immunize.org/official-guidance/state-policies/vaccine-requirements/polio-child-school-2026/
New York,Polio,Childcare,yes,True,age-appropriate,,,,,longstanding,,,,,2026,https://www.immunize.org/official-guidance/state-policies/vaccine-requirements/polio-child-school-2026/
New York,Polio,School,yes,True,age-appropriate,K–12,,,,longstanding,,,,,2026,https://www.immunize.org/official-guidance/state-policies/vaccine-requirements/polio-child-school-2026/
North Carolina,Polio,Childcare,yes,True,age-appropriate,,,,,longstanding,,,,,2026,https://www.immunize.org/official-guidance/state-policies/vaccine-requirements/polio-child-school-2026/
North Carolina,Polio,School,yes,True,age-appropriate,K–12,,,,longstanding,,,,,2026,https://www.immunize.org/official-guidance/state-policies/vaccine-requirements/polio-child-school-2026/
North Dakota,Polio,Childcare,yes,True,age-appropriate,,,,,longstanding,,,,,2026,https://www.immunize.org/official-guidance/state-policies/vaccine-requirements/polio-child-school-2026/
North Dakota,Polio,School,yes,True,age-appropriate,K–12,,,,longstanding,,,,,2026,https://www.immunize.org/official-guidance/state-policies/vaccine-requirements/polio-child-school-2026/
Ohio,Polio,Childcare,yes,True,age-appropriate,,,,,longstanding,,,,,2026,https://www.immunize.org/official-guidance/state-policies/vaccine-requirements/polio-child-school-2026/
Ohio,Polio,School,yes,True,age-appropriate,K–12,,,,longstanding,,,,,2026,https://www.immunize.org/official-guidance/state-policies/vaccine-requirements/polio-child-school-2026/
Oklahoma,Polio,Childcare,yes,True,age-appropriate,,,,,longstanding,,,,,2026,https://www.immunize.org/official-guidance/state-policies/vaccine-requirements/polio-child-school-2026/
Oklahoma,Polio,School,yes,True,age-appropriate,K–12,,,,longstanding,,,,,2026,https://www.immunize.org/official-guidance/state-policies/vaccine-requirements/polio-child-school-2026/
Oregon,Polio,Childcare,yes,True,age-appropriate,,,,,longstanding,,,,,2026,https://www.immunize.org/official-guidance/state-policies/vaccine-requirements/polio-child-school-2026/
Oregon,Polio,School,yes,True,age-appropriate,K–12,,,,longstanding,,,,,2026,https://www.immunize.org/official-guidance/state-policies/vaccine-requirements/polio-child-school-2026/
Pennsylvania,Polio,Childcare,yes,True,age-appropriate,,,,,longstanding,,,,,2026,https://www.immunize.org/official-guidance/state-policies/vaccine-requirements/polio-child-school-2026/
Pennsylvania,Polio,School,yes,True,3–4,K–12,,,,longstanding,,,,,2026,https://www.immunize.org/official-guidance/state-policies/vaccine-requirements/polio-child-school-2026/
Rhode Island,Polio,Childcare,yes,True,age-appropriate,,,,,longstanding,,,,,2026,https://www.immunize.org/official-guidance/state-policies/vaccine-requirements/polio-child-school-2026/
Rhode Island,Polio,School,yes,True,age-appropriate,K–12,,,,longstanding,,,,,2026,https://www.immunize.org/official-guidance/state-policies/vaccine-requirements/polio-child-school-2026/
South Carolina,Polio,Childcare,yes,True,age-appropriate,,,,,longstanding,,,,,2026,https://www.immunize.org/official-guidance/state-policies/vaccine-requirements/polio-child-school-2026/
South Carolina,Polio,School,yes,True,age-appropriate,K–12,,,,longstanding,,,,,2026,https://www.immunize.org/official-guidance/state-policies/vaccine-requirements/polio-child-school-2026/
South Dakota,Polio,Childcare,yes,True,age-appropriate,,,,,longstanding,,,,,2026,https://www.immunize.org/official-guidance/state-policies/vaccine-requirements/polio-child-school-2026/
South Dakota,Polio,School,yes,True,age-appropriate,K–12,,,,longstanding,,,,,2026,https://www.immunize.org/official-guidance/state-policies/vaccine-requirements/polio-child-school-2026/
Tennessee,Polio,Childcare,yes,True,age-appropriate,,,,,longstanding,,,,,2026,https://www.immunize.org/official-guidance/state-policies/vaccine-requirements/polio-child-school-2026/
Tennessee,Polio,School,yes,True,age-appropriate,K–12,,,,longstanding,,,,,2026,https://www.immunize.org/official-guidance/state-policies/vaccine-requirements/polio-child-school-2026/
Texas,Polio,Childcare,yes,True,age-appropriate,,,,,longstanding,,,,,2026,https://www.immunize.org/official-guidance/state-policies/vaccine-requirements/polio-child-school-2026/
Texas,Polio,School,yes,True,3–4,K–12,,,,longstanding,,,,,2026,https://www.immunize.org/official-guidance/state-policies/vaccine-requirements/polio-child-school-2026/
Utah,Polio,Childcare,yes,True,age-appropriate,,,,,longstanding,,,,,2026,https://www.immunize.org/official-guidance/state-policies/vaccine-requirements/polio-child-school-2026/
Utah,Polio,School,yes,True,age-appropriate,K–12,,,,longstanding,,,,,2026,https://www.immunize.org/official-guidance/state-policies/vaccine-requirements/polio-child-school-2026/
Vermont,Polio,Childcare,yes,True,age-appropriate,,,,,longstanding,,,,,2026,https://www.immunize.org/official-guidance/state-policies/vaccine-requirements/polio-child-school-2026/
Vermont,Polio,School,yes,True,age-appropriate,K–12,,,,longstanding,,,,,2026,https://www.immunize.org/official-guidance/state-policies/vaccine-requirements/polio-child-school-2026/
Virginia,Polio,Childcare,yes,True,age-appropriate,,,,,longstanding,,,,,2026,https://www.immunize.org/official-guidance/state-policies/vaccine-requirements/polio-child-school-2026/
Virginia,Polio,School,yes,True,age-appropriate,K–12,,,,longstanding,,,,,2026,https://www.immunize.org/official-guidance/state-policies/vaccine-requirements/polio-child-school-2026/
Washington,Polio,Childcare,yes,True,age-appropriate,,,,,longstanding,,,,,2026,https://www.immunize.org/official-guidance/state-policies/vaccine-requirements/polio-child-school-2026/
Washington,Polio,School,yes,True,3–4,K–12,,,,longstanding,,,,,2026,https://www.immunize.org/official-guidance/state-policies/vaccine-requirements/polio-child-school-2026/
West Virginia,Polio,Childcare,yes,True,age-appropriate,,,,,longstanding,,,,,2026,https://www.immunize.org/official-guidance/state-policies/vaccine-requirements/polio-child-school-2026/
West Virginia,Polio,School,yes,True,age-appropriate,K–12,,,,longstanding,,,,,2026,https://www.immunize.org/official-guidance/state-policies/vaccine-requirements/polio-child-school-2026/
Wisconsin,Polio,Childcare,yes,True,age-appropriate,,,,,longstanding,,,,,2026,https://www.immunize.org/official-guidance/state-policies/vaccine-requirements/polio-child-school-2026/
Wisconsin,Polio,School,yes,True,age-appropriate,K–12,,,,longstanding,,,,,2026,https://www.immunize.org/official-guidance/state-policies/vaccine-requirements/polio-child-school-2026/
Wyoming,Polio,Childcare,yes,True,age-appropriate,,,,,longstanding,,,,,2026,https://www.immunize.org/official-guidance/state-policies/vaccine-requirements/polio-child-school-2026/
Wyoming,Polio,School,yes,True,age-appropriate,K–12,,,,longstanding,,,,,2026,https://www.immunize.org/official-guidance/state-policies/vaccine-requirements/polio-child-school-2026/
Alabama,Rotavirus,Childcare,,False,,,,,,,,,,,2026,https://www.immunize.org/official-guidance/state-policies/vaccine-requirements/rotavirus-childcare-2026/
Alaska,Rotavirus,Childcare,,False,,,,,,,,,,,2026,https://www.immunize.org/official-guidance/state-policies/vaccine-requirements/rotavirus-childcare-2026/
Arizona,Rotavirus,Childcare,,False,,,,,,,,,,,2026,https://www.immunize.org/official-guidance/state-policies/vaccine-requirements/rotavirus-childcare-2026/
Arkansas,Rotavirus,Childcare,,False,,,,,,,,,,,2026,https://www.immunize.org/official-guidance/state-policies/vaccine-requirements/rotavirus-childcare-2026/
California,Rotavirus,Childcare,,False,,,,,,,,,,,2026,https://www.immunize.org/official-guidance/state-policies/vaccine-requirements/rotavirus-childcare-2026/
Colorado,Rotavirus,Childcare,,False,,,,,,,,,,,2026,https://www.immunize.org/official-guidance/state-policies/vaccine-requirements/rotavirus-childcare-2026/
Connecticut,Rotavirus,Childcare,,False,,,,,,,,,,,2026,https://www.immunize.org/official-guidance/state-policies/vaccine-requirements/rotavirus-childcare-2026/
Delaware,Rotavirus,Childcare,,False,,,,,,,,,,,2026,https://www.immunize.org/official-guidance/state-policies/vaccine-requirements/rotavirus-childcare-2026/
District of Columbia,Rotavirus,Childcare,,False,,,,,,,,,,,2026,https://www.immunize.org/official-guidance/state-policies/vaccine-requirements/rotavirus-childcare-2026/
Florida,Rotavirus,Childcare,,False,,,,,,,,,,,2026,https://www.immunize.org/official-guidance/state-policies/vaccine-requirements/rotavirus-childcare-2026/
Georgia,Rotavirus,Childcare,,False,,,,,,,,,,,2026,https://www.immunize.org/official-guidance/state-policies/vaccine-requirements/rotavirus-childcare-2026/
Hawaii,Rotavirus,Childcare,,False,,,,,,,,,,,2026,https://www.immunize.org/official-guidance/state-policies/vaccine-requirements/rotavirus-childcare-2026/
Idaho,Rotavirus,Childcare,yes,True,,,,age-appropriate,,2011,,,,,2026,https://www.immunize.org/official-guidance/state-policies/vaccine-requirements/rotavirus-childcare-2026/
Illinois,Rotavirus,Childcare,,False,,,,,,,,,,,2026,https://www.immunize.org/official-guidance/state-policies/vaccine-requirements/rotavirus-childcare-2026/
Indiana,Rotavirus,Childcare,,False,,,,,,,,,,,2026,https://www.immunize.org/official-guidance/state-policies/vaccine-requirements/rotavirus-childcare-2026/
Iowa,Rotavirus,Childcare,,False,,,,,,,,,,,2026,https://www.immunize.org/official-guidance/state-policies/vaccine-requirements/rotavirus-childcare-2026/
Kansas,Rotavirus,Childcare,,False,,,,,,,,,,,2026,https://www.immunize.org/official-guidance/state-policies/vaccine-requirements/rotavirus-childcare-2026/
Kentucky,Rotavirus,Childcare,,False,,,,,,,,,,,2026,https://www.immunize.org/official-guidance/state-policies/vaccine-requirements/rotavirus-childcare-2026/
Louisiana,Rotavirus,Childcare,yes,True,,,,age-appropriate,,2009,,,,,2026,https://www.immunize.org/official-guidance/state-policies/vaccine-requirements/rotavirus-childcare-2026/
Maine,Rotavirus,Childcare,,False,,,,,,,,,,,2026,https://www.immunize.org/official-guidance/state-policies/vaccine-requirements/rotavirus-childcare-2026/
Maryland,Rotavirus,Childcare,,False,,,,,,,,,,,2026,https://www.immunize.org/official-guidance/state-policies/vaccine-requirements/rotavirus-childcare-2026/
Massachusetts,Rotavirus,Childcare,,False,,,,,,,,,,,2026,https://www.immunize.org/official-guidance/state-policies/vaccine-requirements/rotavirus-childcare-2026/
Michigan,Rotavirus,Childcare,,False,,,,,,,,,,,2026,https://www.immunize.org/official-guidance/state-policies/vaccine-requirements/rotavirus-childcare-2026/
Minnesota,Rotavirus,Childcare,,False,,,,,,,,,,,2026,https://www.immunize.org/official-guidance/state-policies/vaccine-requirements/rotavirus-childcare-2026/
Mississippi,Rotavirus,Childcare,,False,,,,,,,,,,,2026,https://www.immunize.org/official-guidance/state-policies/vaccine-requirements/rotavirus-childcare-2026/
Missouri,Rotavirus,Childcare,,False,,,,,,,,,,,2026,https://www.immunize.org/official-guidance/state-policies/vaccine-requirements/rotavirus-childcare-2026/
Montana,Rotavirus,Childcare,,False,,,,,,,,,,,2026,https://www.immunize.org/official-guidance/state-policies/vaccine-requirements/rotavirus-childcare-2026/
Nebraska,Rotavirus,Childcare,,False,,,,,,,,,,,2026,https://www.immunize.org/official-guidance/state-policies/vaccine-requirements/rotavirus-childcare-2026/
Nevada,Rotavirus,Childcare,,False,,,,,,,,,,,2026,https://www.immunize.org/official-guidance/state-policies/vaccine-requirements/rotavirus-childcare-2026/
New Hampshire,Rotavirus,Childcare,,False,,,,,,,,,,,2026,https://www.immunize.org/official-guidance/state-policies/vaccine-requirements/rotavirus-childcare-2026/
New Jersey,Rotavirus,Childcare,,False,,,,,,,,,,,2026,https://www.immunize.org/official-guidance/state-policies/vaccine-requirements/rotavirus-childcare-2026/
New Mexico,Rotavirus,Childcare,,False,,,,,,,,,,,2026,https://www.immunize.org/official-guidance/state-policies/vaccine-requirements/rotavirus-childcare-2026/
New York,Rotavirus,Childcare,,False,,,,,,,,,,,2026,https://www.immunize.org/official-guidance/state-policies/vaccine-requirements/rotavirus-childcare-2026/
North Carolina,Rotavirus,Childcare,,False,,,,,,,,,,,2026,https://www.immunize.org/official-guidance/state-policies/vaccine-requirements/rotavirus-childcare-2026/
North Dakota,Rotavirus,Childcare,yes,True,,,,age-appropriate,,2008,,,,,2026,https://www.immunize.org/official-guidance/state-policies/vaccine-requirements/rotavirus-childcare-2026/
Ohio,Rotavirus,Childcare,yes,True,,,,age-appropriate,,2015,,,,,2026,https://www.immunize.org/official-guidance/state-policies/vaccine-requirements/rotavirus-childcare-2026/
Oklahoma,Rotavirus,Childcare,,False,,,,,,,,,,,2026,https://www.immunize.org/official-guidance/state-policies/vaccine-requirements/rotavirus-childcare-2026/
Oregon,Rotavirus,Childcare,,False,,,,,,,,,,,2026,https://www.immunize.org/official-guidance/state-policies/vaccine-requirements/rotavirus-childcare-2026/
Pennsylvania,Rotavirus,Childcare,yes,True,,,,age-appropriate,,1999,,,,,2026,https://www.immunize.org/official-guidance/state-policies/vaccine-requirements/rotavirus-childcare-2026/
Rhode Island,Rotavirus,Childcare,yes,True,,,,age-appropriate,,2015,,,,,2026,https://www.immunize.org/official-guidance/state-policies/vaccine-requirements/rotavirus-childcare-2026/
South Carolina,Rotavirus,Childcare,,False,,,,,,,,,,,2026,https://www.immunize.org/official-guidance/state-policies/vaccine-requirements/rotavirus-childcare-2026/
South Dakota,Rotavirus,Childcare,,False,,,,,,,,,,,2026,https://www.immunize.org/official-guidance/state-policies/vaccine-requirements/rotavirus-childcare-2026/
Tennessee,Rotavirus,Childcare,,False,,,,,,,,,,,2026,https://www.immunize.org/official-guidance/state-policies/vaccine-requirements/rotavirus-childcare-2026/
Texas,Rotavirus,Childcare,,False,,,,,,,,,,,2026,https://www.immunize.org/official-guidance/state-policies/vaccine-requirements/rotavirus-childcare-2026/
Utah,Rotavirus,Childcare,,False,,,,,,,,,,,2026,https://www.immunize.org/official-guidance/state-policies/vaccine-requirements/rotavirus-childcare-2026/
Vermont,Rotavirus,Childcare,,False,,,,,,,,,,,2026,https://www.immunize.org/official-guidance/state-policies/vaccine-requirements/rotavirus-childcare-2026/
Virginia,Rotavirus,Childcare,yes,True,,,,age-appropriate,,2021,,,,,2026,https://www.immunize.org/official-guidance/state-policies/vaccine-requirements/rotavirus-childcare-2026/
Washington,Rotavirus,Childcare,,False,,,,,,,,,,,2026,https://www.immunize.org/official-guidance/state-policies/vaccine-requirements/rotavirus-childcare-2026/
West Virginia,Rotavirus,Childcare,,False,,,,,,,,,,,2026,https://www.immunize.org/official-guidance/state-policies/vaccine-requirements/rotavirus-childcare-2026/
Wisconsin,Rotavirus,Childcare,,False,,,,,,,,,,,2026,https://www.immunize.org/official-guidance/state-policies/vaccine-requirements/rotavirus-childcare-2026/
Wyoming,Rotavirus,Childcare,yes,True,,,,age-appropriate,,2018,,,,,2026,https://www.immunize.org/official-guidance/state-policies/vaccine-requirements/rotavirus-childcare-2026/
Alabama,Tdap,School,yes,True,,,Gr 6–12,,,2010,,,,,2026,https://www.immunize.org/official-guidance/state-policies/vaccine-requirements/tdap-school-2026/
Alaska,Tdap,School,yes,True,,,required 10 years after most recent tetanus-diphtheria-containing vaccine,,,2009,,,,,2026,https://www.immunize.org/official-guidance/state-policies/vaccine-requirements/tdap-school-2026/
Arizona,Tdap,School,yes,True,,,Age 11 or older,,,2008,,,,,2026,https://www.immunize.org/official-guidance/state-policies/vaccine-requirements/tdap-school-2026/
Arkansas,Tdap,School,yes,True,,,Age 11 or older,,,2014,,,,,2026,https://www.immunize.org/official-guidance/state-policies/vaccine-requirements/tdap-school-2026/
California,Tdap,School,yes,True,,,Gr 7,,,2011,,,,,2026,https://www.immunize.org/official-guidance/state-policies/vaccine-requirements/tdap-school-2026/
Colorado,Tdap,School,yes,True,,,Gr 7–12,,,2007,"Starting in the 2026-2027 school year, Colorado law will require students to receive a dose of Tdap vaccine before their first day of seventh grade. This is a change from the 2025-2026 school year and before, when Colorado law had required one dose of Tdap vaccine before sixth-grade entry. See the current rule language here .",,,,2026,https://www.immunize.org/official-guidance/state-policies/vaccine-requirements/tdap-school-2026/
Connecticut,Tdap,School,yes,True,,,Gr 7,,,2011,,,,,2026,https://www.immunize.org/official-guidance/state-policies/vaccine-requirements/tdap-school-2026/
Delaware,Tdap,School,yes,True,,,Gr 9–12,,,2016,,,,,2026,https://www.immunize.org/official-guidance/state-policies/vaccine-requirements/tdap-school-2026/
District of Columbia,Tdap,School,yes,True,,,Gr 6–12,,,2008,,,,,2026,https://www.immunize.org/official-guidance/state-policies/vaccine-requirements/tdap-school-2026/
Florida,Tdap,School,yes,True,,,Gr 7–12,,,2009,,,,,2026,https://www.immunize.org/official-guidance/state-policies/vaccine-requirements/tdap-school-2026/
Georgia,Tdap,School,yes,True,,,Gr 7–12,,,2014,Gr 7: born on/after 1/1/2002 Gr 8–12: new entrants,,,,2026,https://www.immunize.org/official-guidance/state-policies/vaccine-requirements/tdap-school-2026/
Hawaii,Tdap,School,yes,True,,,Gr 7–12,,,2020,Gr 7: all Gr 8–12: new entrants,,,,2026,https://www.immunize.org/official-guidance/state-policies/vaccine-requirements/tdap-school-2026/
Idaho,Tdap,School,yes,True,,,Gr 7–12,,,2011,,,,,2026,https://www.immunize.org/official-guidance/state-policies/vaccine-requirements/tdap-school-2026/
Illinois,Tdap,School,yes,True,,,Gr 6–12,,,2012,,,,,2026,https://www.immunize.org/official-guidance/state-policies/vaccine-requirements/tdap-school-2026/
Indiana,Tdap,School,yes,True,,,Gr 6–12,,,2010,,,,,2026,https://www.immunize.org/official-guidance/state-policies/vaccine-requirements/tdap-school-2026/
Iowa,Tdap,School,yes,True,,,Gr 7–12,,,2013,2024: requirement to be born on/after 9/15/2000 removed,,,,2026,https://www.immunize.org/official-guidance/state-policies/vaccine-requirements/tdap-school-2026/
Kansas,Tdap,School,yes,True,,,Gr 7,,,2009,,,,,2026,https://www.immunize.org/official-guidance/state-policies/vaccine-requirements/tdap-school-2026/
Kentucky,Tdap,School,yes,True,,,Gr 6,,,2011,,,,,2026,https://www.immunize.org/official-guidance/state-policies/vaccine-requirements/tdap-school-2026/
Louisiana,Tdap,School,yes,True,,,Gr 6–12,,,2009,,,,,2026,https://www.immunize.org/official-guidance/state-policies/vaccine-requirements/tdap-school-2026/
Maine,Tdap,School,yes,True,,,Gr 7,,,2017,,,,,2026,https://www.immunize.org/official-guidance/state-policies/vaccine-requirements/tdap-school-2026/
Maryland,Tdap,School,yes,True,,,Gr 7–12,,,2014,,,,,2026,https://www.immunize.org/official-guidance/state-policies/vaccine-requirements/tdap-school-2026/
Massachusetts,Tdap,School,yes,True,,,Gr 7–12,,,2011,,,,,2026,https://www.immunize.org/official-guidance/state-policies/vaccine-requirements/tdap-school-2026/
Michigan,Tdap,School,yes,True,,,Gr 7; transfer students up to date age 7–18,,,2010,,,,,2026,https://www.immunize.org/official-guidance/state-policies/vaccine-requirements/tdap-school-2026/
Minnesota,Tdap,School,yes,True,,,Gr 7–12,,,2014,,,,,2026,https://www.immunize.org/official-guidance/state-policies/vaccine-requirements/tdap-school-2026/
Mississippi,Tdap,School,yes,True,,,Gr 7,,,2012,,,,,2026,https://www.immunize.org/official-guidance/state-policies/vaccine-requirements/tdap-school-2026/
Missouri,Tdap,School,yes,True,,,Gr 8–12,,,2010,,,,,2026,https://www.immunize.org/official-guidance/state-policies/vaccine-requirements/tdap-school-2026/
Montana,Tdap,School,yes,True,,,Gr 7–12,,,2015,,,,,2026,https://www.immunize.org/official-guidance/state-policies/vaccine-requirements/tdap-school-2026/
Nebraska,Tdap,School,yes,True,,,Gr 7,,,2010,,,,,2026,https://www.immunize.org/official-guidance/state-policies/vaccine-requirements/tdap-school-2026/
Nevada,Tdap,School,yes,True,,,Gr 7,,,2008,,,,,2026,https://www.immunize.org/official-guidance/state-policies/vaccine-requirements/tdap-school-2026/
New Hampshire,Tdap,School,yes,True,,,Age 11,,,2009,,,,,2026,https://www.immunize.org/official-guidance/state-policies/vaccine-requirements/tdap-school-2026/
New Jersey,Tdap,School,yes,True,,,Gr 7–12,,,2008,9/1/2026: change to Gr 7-12 from Gr 6-12 if age 11 or older,,,,2026,https://www.immunize.org/official-guidance/state-policies/vaccine-requirements/tdap-school-2026/
New Mexico,Tdap,School,yes,True,,,Gr 7–12,,,2007,,,,,2026,https://www.immunize.org/official-guidance/state-policies/vaccine-requirements/tdap-school-2026/
New York,Tdap,School,yes,True,,,Gr 6–12,,,2007,,,,,2026,https://www.immunize.org/official-guidance/state-policies/vaccine-requirements/tdap-school-2026/
North Carolina,Tdap,School,yes,True,,,Gr 7 or age 12 (whichever is 1st),,,2015,,,,,2026,https://www.immunize.org/official-guidance/state-policies/vaccine-requirements/tdap-school-2026/
North Dakota,Tdap,School,yes,True,,,Gr 7–12,,,2014,,,,,2026,https://www.immunize.org/official-guidance/state-policies/vaccine-requirements/tdap-school-2026/
Ohio,Tdap,School,yes,True,,,Gr 7–12,,,2012,,,,,2026,https://www.immunize.org/official-guidance/state-policies/vaccine-requirements/tdap-school-2026/
Oklahoma,Tdap,School,yes,True,,,Gr 7–12,,,2011,,,,,2026,https://www.immunize.org/official-guidance/state-policies/vaccine-requirements/tdap-school-2026/
Oregon,Tdap,School,yes,True,,,Gr 7–12,,,2008,,,,,2026,https://www.immunize.org/official-guidance/state-policies/vaccine-requirements/tdap-school-2026/
Pennsylvania,Tdap,School,yes,True,,,Gr 7,,,2011,,,,,2026,https://www.immunize.org/official-guidance/state-policies/vaccine-requirements/tdap-school-2026/
Rhode Island,Tdap,School,yes,True,,,Gr 7,,,2009,,,,,2026,https://www.immunize.org/official-guidance/state-policies/vaccine-requirements/tdap-school-2026/
South Carolina,Tdap,School,yes,True,,,Gr 7,,,2013,,,,,2026,https://www.immunize.org/official-guidance/state-policies/vaccine-requirements/tdap-school-2026/
South Dakota,Tdap,School,yes,True,,,Gr 6,,,2016,,,,,2026,https://www.immunize.org/official-guidance/state-policies/vaccine-requirements/tdap-school-2026/
Tennessee,Tdap,School,yes,True,,,Gr 7,,,2010,,,,,2026,https://www.immunize.org/official-guidance/state-policies/vaccine-requirements/tdap-school-2026/
Texas,Tdap,School,yes,True,,,Gr 7–12,,,2009,2026: changed from Gr 7 to Gr 7-12,,,,2026,https://www.immunize.org/official-guidance/state-policies/vaccine-requirements/tdap-school-2026/
Utah,Tdap,School,yes,True,,,Gr 7,,,2007,,,,,2026,https://www.immunize.org/official-guidance/state-policies/vaccine-requirements/tdap-school-2026/
Vermont,Tdap,School,yes,True,,,Gr 7,,,2008,,,,,2026,https://www.immunize.org/official-guidance/state-policies/vaccine-requirements/tdap-school-2026/
Virginia,Tdap,School,yes,True,,,Gr 7,,,2006,,,,,2026,https://www.immunize.org/official-guidance/state-policies/vaccine-requirements/tdap-school-2026/
Washington,Tdap,School,yes,True,,,Gr 7–12,,,2007,2020: changed from Gr 6–12 to Gr 7–12,,,,2026,https://www.immunize.org/official-guidance/state-policies/vaccine-requirements/tdap-school-2026/
West Virginia,Tdap,School,yes,True,,,"Gr 7, 12",,,2012,,,,,2026,https://www.immunize.org/official-guidance/state-policies/vaccine-requirements/tdap-school-2026/
Wisconsin,Tdap,School,yes,True,,,Gr 7,,,2023,,,,,2026,https://www.immunize.org/official-guidance/state-policies/vaccine-requirements/tdap-school-2026/
Wyoming,Tdap,School,yes,True,,,Gr 7,,,2010,,,,,2026,https://www.immunize.org/official-guidance/state-policies/vaccine-requirements/tdap-school-2026/
Alabama,Varicella,Childcare,yes,True,1,,,,,2000,,,,,2026,https://www.immunize.org/official-guidance/state-policies/vaccine-requirements/varicella-child-school-2026/
Alabama,Varicella,School,yes,True,1–2,K–12,,,,2001,,2 doses required if dose 1 given at age 13 or older,,,2026,https://www.immunize.org/official-guidance/state-policies/vaccine-requirements/varicella-child-school-2026/
Alaska,Varicella,Childcare,yes,True,1,,,,,2001,,,,,2026,https://www.immunize.org/official-guidance/state-policies/vaccine-requirements/varicella-child-school-2026/
Alaska,Varicella,School,yes,True,2,K–6,,,,2009,,,,,2026,https://www.immunize.org/official-guidance/state-policies/vaccine-requirements/varicella-child-school-2026/
Arizona,Varicella,Childcare,yes,True,1,,,,,2005,,,,,2026,https://www.immunize.org/official-guidance/state-policies/vaccine-requirements/varicella-child-school-2026/
Arizona,Varicella,School,yes,True,1–2,K–12,,,,2005,,2 doses required if dose 1 given at age 13 or older,,,2026,https://www.immunize.org/official-guidance/state-policies/vaccine-requirements/varicella-child-school-2026/
Arkansas,Varicella,Childcare,yes,True,1,,,,,2000,,,,,2026,https://www.immunize.org/official-guidance/state-policies/vaccine-requirements/varicella-child-school-2026/
Arkansas,Varicella,School,yes,True,2,K–7,,,,2000,,,,,2026,https://www.immunize.org/official-guidance/state-policies/vaccine-requirements/varicella-child-school-2026/
California,Varicella,Childcare,yes,True,1,,,,,2001,,,,,2026,https://www.immunize.org/official-guidance/state-policies/vaccine-requirements/varicella-child-school-2026/
California,Varicella,School,yes,True,2,K–12,,,,2001,,,,,2026,https://www.immunize.org/official-guidance/state-policies/vaccine-requirements/varicella-child-school-2026/
Colorado,Varicella,Childcare,yes,True,age-appropriate,,,,,2000,,,,,2026,https://www.immunize.org/official-guidance/state-policies/vaccine-requirements/varicella-child-school-2026/
Colorado,Varicella,School,yes,True,2,K–12,,,,2000,2000: K–6 2006: Gr 7–12,,,,2026,https://www.immunize.org/official-guidance/state-policies/vaccine-requirements/varicella-child-school-2026/
Connecticut,Varicella,Childcare,yes,True,1,,,,,2000,,,,,2026,https://www.immunize.org/official-guidance/state-policies/vaccine-requirements/varicella-child-school-2026/
Connecticut,Varicella,School,yes,True,2,K–12,,,,2000,,,,,2026,https://www.immunize.org/official-guidance/state-policies/vaccine-requirements/varicella-child-school-2026/
Delaware,Varicella,Childcare,yes,True,1,,,,,2002,,,,,2026,https://www.immunize.org/official-guidance/state-policies/vaccine-requirements/varicella-child-school-2026/
Delaware,Varicella,School,yes,True,2,K–12,,,,2003,2003: K–6 2009: Gr 7–12,,,,2026,https://www.immunize.org/official-guidance/state-policies/vaccine-requirements/varicella-child-school-2026/
District of Columbia,Varicella,Childcare,yes,True,1,,,,,1997,,,,,2026,https://www.immunize.org/official-guidance/state-policies/vaccine-requirements/varicella-child-school-2026/
District of Columbia,Varicella,School,yes,True,2,K–12,,,,1997,,,,,2026,https://www.immunize.org/official-guidance/state-policies/vaccine-requirements/varicella-child-school-2026/
Florida,Varicella,Childcare,yes,True,1,,,,,2001,,,,,2026,https://www.immunize.org/official-guidance/state-policies/vaccine-requirements/varicella-child-school-2026/
Florida,Varicella,School,yes,True,2,K–12,,,,2001,,,,,2026,https://www.immunize.org/official-guidance/state-policies/vaccine-requirements/varicella-child-school-2026/
Georgia,Varicella,Childcare,yes,True,1,,,,,2000,,,,,2026,https://www.immunize.org/official-guidance/state-policies/vaccine-requirements/varicella-child-school-2026/
Georgia,Varicella,School,yes,True,2,K–12,,,,2000,,,,,2026,https://www.immunize.org/official-guidance/state-policies/vaccine-requirements/varicella-child-school-2026/
Hawaii,Varicella,Childcare,yes,True,1,,,,,2002,,,,,2026,https://www.immunize.org/official-guidance/state-policies/vaccine-requirements/varicella-child-school-2026/
Hawaii,Varicella,School,yes,True,2,K–12,,,,2002,,,,,2026,https://www.immunize.org/official-guidance/state-policies/vaccine-requirements/varicella-child-school-2026/
Idaho,Varicella,Childcare,yes,True,1,,,,,2011,,,,,2026,https://www.immunize.org/official-guidance/state-policies/vaccine-requirements/varicella-child-school-2026/
Idaho,Varicella,School,yes,True,2,K–12,,,,2002,,,,,2026,https://www.immunize.org/official-guidance/state-policies/vaccine-requirements/varicella-child-school-2026/
Illinois,Varicella,Childcare,yes,True,1,,,,,2002,,,,,2026,https://www.immunize.org/official-guidance/state-policies/vaccine-requirements/varicella-child-school-2026/
Illinois,Varicella,School,yes,True,2,K–12,,,,2002,,,,,2026,https://www.immunize.org/official-guidance/state-policies/vaccine-requirements/varicella-child-school-2026/
Indiana,Varicella,Childcare,yes,True,1,,,,,2003,,,,,2026,https://www.immunize.org/official-guidance/state-policies/vaccine-requirements/varicella-child-school-2026/
Indiana,Varicella,School,yes,True,2,K–12,,,,2004,,,,,2026,https://www.immunize.org/official-guidance/state-policies/vaccine-requirements/varicella-child-school-2026/
Iowa,Varicella,Childcare,yes,True,1,,,,,2004,,,,,2026,https://www.immunize.org/official-guidance/state-policies/vaccine-requirements/varicella-child-school-2026/
Iowa,Varicella,School,yes,True,2,K–12,,,,2004,2004: K–6 2009: Gr 7–12,,,,2026,https://www.immunize.org/official-guidance/state-policies/vaccine-requirements/varicella-child-school-2026/
Kansas,Varicella,Childcare,yes,True,1–2,,,,,2009,,Dose 2 required at age 4 years or older,,,2026,https://www.immunize.org/official-guidance/state-policies/vaccine-requirements/varicella-child-school-2026/
Kansas,Varicella,School,yes,True,2,K–12,,,,2004,2004: K–6 2010: Gr 7–12,,,,2026,https://www.immunize.org/official-guidance/state-policies/vaccine-requirements/varicella-child-school-2026/
Kentucky,Varicella,Childcare,yes,True,1,,,,,2001,,,,,2026,https://www.immunize.org/official-guidance/state-policies/vaccine-requirements/varicella-child-school-2026/
Kentucky,Varicella,School,yes,True,2,K–12,,,,2001,2001: K–6 2009: Gr 7–12,,,,2026,https://www.immunize.org/official-guidance/state-policies/vaccine-requirements/varicella-child-school-2026/
Louisiana,Varicella,Childcare,yes,True,1,,,,,2003,,,,,2026,https://www.immunize.org/official-guidance/state-policies/vaccine-requirements/varicella-child-school-2026/
Louisiana,Varicella,School,yes,True,2,K–12,,,,2003,,,,,2026,https://www.immunize.org/official-guidance/state-policies/vaccine-requirements/varicella-child-school-2026/
Maine,Varicella,Childcare,yes,True,1,,,,,2002,,Dose required by age 16 months,,,2026,https://www.immunize.org/official-guidance/state-policies/vaccine-requirements/varicella-child-school-2026/
Maine,Varicella,School,yes,True,2,K–12,,,,2003,,,,,2026,https://www.immunize.org/official-guidance/state-policies/vaccine-requirements/varicella-child-school-2026/
Maryland,Varicella,Childcare,yes,True,1,,,,,2000,,,,,2026,https://www.immunize.org/official-guidance/state-policies/vaccine-requirements/varicella-child-school-2026/
Maryland,Varicella,School,yes,True,2,K–12,,,,2001,1 dose Gr K–12 school yr 2025-26; 2 doses Gr K–12 school yr 2026-27 starting 9/2026,,,,2026,https://www.immunize.org/official-guidance/state-policies/vaccine-requirements/varicella-child-school-2026/
Massachusetts,Varicella,Childcare,yes,True,1,,,,,1999,,,,,2026,https://www.immunize.org/official-guidance/state-policies/vaccine-requirements/varicella-child-school-2026/
Massachusetts,Varicella,School,yes,True,2,K–12,,,,1999,,,,,2026,https://www.immunize.org/official-guidance/state-policies/vaccine-requirements/varicella-child-school-2026/
Michigan,Varicella,Childcare,yes,True,1,,,,,2000,,,,,2026,https://www.immunize.org/official-guidance/state-policies/vaccine-requirements/varicella-child-school-2026/
Michigan,Varicella,School,yes,True,2,K–12,,,,2002,,,,,2026,https://www.immunize.org/official-guidance/state-policies/vaccine-requirements/varicella-child-school-2026/
Minnesota,Varicella,Childcare,yes,True,1,,,,,2004,,,,,2026,https://www.immunize.org/official-guidance/state-policies/vaccine-requirements/varicella-child-school-2026/
Minnesota,Varicella,School,yes,True,2,K–12,,,,2004,,,,,2026,https://www.immunize.org/official-guidance/state-policies/vaccine-requirements/varicella-child-school-2026/
Mississippi,Varicella,Childcare,yes,True,1,,,,,2002,,,,,2026,https://www.immunize.org/official-guidance/state-policies/vaccine-requirements/varicella-child-school-2026/
Mississippi,Varicella,School,yes,True,2,K–6,,,,2002,,,,,2026,https://www.immunize.org/official-guidance/state-policies/vaccine-requirements/varicella-child-school-2026/
Missouri,Varicella,Childcare,yes,True,1,,,,,2001,,,,,2026,https://www.immunize.org/official-guidance/state-policies/vaccine-requirements/varicella-child-school-2026/
Missouri,Varicella,School,yes,True,2,K–12,,,,2002,2005: K–6 2011: Gr 7–12,,,,2026,https://www.immunize.org/official-guidance/state-policies/vaccine-requirements/varicella-child-school-2026/
Montana,Varicella,Childcare,yes,True,1,,,,,2015,,,,,2026,https://www.immunize.org/official-guidance/state-policies/vaccine-requirements/varicella-child-school-2026/
Montana,Varicella,School,yes,True,2,K–12,,,,2015,,,,,2026,https://www.immunize.org/official-guidance/state-policies/vaccine-requirements/varicella-child-school-2026/
Nebraska,Varicella,Childcare,yes,True,1,,,,,2004,,,,,2026,https://www.immunize.org/official-guidance/state-policies/vaccine-requirements/varicella-child-school-2026/
Nebraska,Varicella,School,yes,True,2,K–12,,,,2004,,,,,2026,https://www.immunize.org/official-guidance/state-policies/vaccine-requirements/varicella-child-school-2026/
Nevada,Varicella,Childcare,yes,True,1–2,,,,,2007,,Dose 2 required at age 4 years or older,,,2026,https://www.immunize.org/official-guidance/state-policies/vaccine-requirements/varicella-child-school-2026/
Nevada,Varicella,School,yes,True,2,K–6,,,,2003,,,,,2026,https://www.immunize.org/official-guidance/state-policies/vaccine-requirements/varicella-child-school-2026/
New Hampshire,Varicella,Childcare,yes,True,1,,,,,2003,,,,,2026,https://www.immunize.org/official-guidance/state-policies/vaccine-requirements/varicella-child-school-2026/
New Hampshire,Varicella,School,yes,True,2,K–6,,,,2003,,,,,2026,https://www.immunize.org/official-guidance/state-policies/vaccine-requirements/varicella-child-school-2026/
New Jersey,Varicella,Childcare,yes,True,1,,,,,2004,,Dose required at 19 months or older; 9/2026 Dose required at age 15 months or older,,,2026,https://www.immunize.org/official-guidance/state-policies/vaccine-requirements/varicella-child-school-2026/
New Jersey,Varicella,School,yes,True,1,K–12,,,,2004,,,,,2026,https://www.immunize.org/official-guidance/state-policies/vaccine-requirements/varicella-child-school-2026/
New Mexico,Varicella,Childcare,yes,True,1–2,,,,,2000,,Dose 2 required at age 4 years or older,,,2026,https://www.immunize.org/official-guidance/state-policies/vaccine-requirements/varicella-child-school-2026/
New Mexico,Varicella,School,yes,True,2,K–12,,,,2002,2002: K–6 2008: Gr 7–12,,,,2026,https://www.immunize.org/official-guidance/state-policies/vaccine-requirements/varicella-child-school-2026/
New York,Varicella,Childcare,yes,True,age-appropriate,,,,,1999,,,,,2026,https://www.immunize.org/official-guidance/state-policies/vaccine-requirements/varicella-child-school-2026/
New York,Varicella,School,yes,True,2,K–12,,,,2003,2003: K–6 2005: Gr 7–12,,,,2026,https://www.immunize.org/official-guidance/state-policies/vaccine-requirements/varicella-child-school-2026/
North Carolina,Varicella,Childcare,yes,True,1,,,,,2002,,,,,2026,https://www.immunize.org/official-guidance/state-policies/vaccine-requirements/varicella-child-school-2026/
North Carolina,Varicella,School,yes,True,2,K–12,,,,2006,2006: K–6 2012: Gr 7–12,,,,2026,https://www.immunize.org/official-guidance/state-policies/vaccine-requirements/varicella-child-school-2026/
North Dakota,Varicella,Childcare,yes,True,1,,,,,2004,,,,,2026,https://www.immunize.org/official-guidance/state-policies/vaccine-requirements/varicella-child-school-2026/
North Dakota,Varicella,School,yes,True,2,K–12,,,,2004,2004: K–6 2010: Gr 7–12,,,,2026,https://www.immunize.org/official-guidance/state-policies/vaccine-requirements/varicella-child-school-2026/
Ohio,Varicella,Childcare,yes,True,age-appropriate,,,,,2015,,,,,2026,https://www.immunize.org/official-guidance/state-policies/vaccine-requirements/varicella-child-school-2026/
Ohio,Varicella,School,yes,True,2,K–12,,,,2006,,,,,2026,https://www.immunize.org/official-guidance/state-policies/vaccine-requirements/varicella-child-school-2026/
Oklahoma,Varicella,Childcare,yes,True,1,,,,,1998,,,,,2026,https://www.immunize.org/official-guidance/state-policies/vaccine-requirements/varicella-child-school-2026/
Oklahoma,Varicella,School,yes,True,1,K–12,,,,1998,1998: K–6 2004: Gr 7–12,,,,2026,https://www.immunize.org/official-guidance/state-policies/vaccine-requirements/varicella-child-school-2026/
Oregon,Varicella,Childcare,yes,True,1,,,,,2000,,,,,2026,https://www.immunize.org/official-guidance/state-policies/vaccine-requirements/varicella-child-school-2026/
Oregon,Varicella,School,yes,True,1,K–12,,,,2000,,2 doses required if dose 1 given at age 13 or older,,,2026,https://www.immunize.org/official-guidance/state-policies/vaccine-requirements/varicella-child-school-2026/
Pennsylvania,Varicella,Childcare,yes,True,1,,,,,1997,,,,,2026,https://www.immunize.org/official-guidance/state-policies/vaccine-requirements/varicella-child-school-2026/
Pennsylvania,Varicella,School,yes,True,2,"K, Gr 7, Gr 12",,,,2002,,2 doses or evidence of immunity,,,2026,https://www.immunize.org/official-guidance/state-policies/vaccine-requirements/varicella-child-school-2026/
Rhode Island,Varicella,Childcare,yes,True,1,,,,,1999,,,,,2026,https://www.immunize.org/official-guidance/state-policies/vaccine-requirements/varicella-child-school-2026/
Rhode Island,Varicella,School,yes,True,2,K–12,,,,1999,,,,,2026,https://www.immunize.org/official-guidance/state-policies/vaccine-requirements/varicella-child-school-2026/
South Carolina,Varicella,Childcare,yes,True,1,,,,,2000,,,,,2026,https://www.immunize.org/official-guidance/state-policies/vaccine-requirements/varicella-child-school-2026/
South Carolina,Varicella,School,yes,True,2,K–12,,,,2001,2001: K–6 2007: Gr 7–12,,,,2026,https://www.immunize.org/official-guidance/state-policies/vaccine-requirements/varicella-child-school-2026/
South Dakota,Varicella,Childcare,yes,True,1,,,,,2016,,,,,2026,https://www.immunize.org/official-guidance/state-policies/vaccine-requirements/varicella-child-school-2026/
South Dakota,Varicella,School,yes,True,2,K–12,,,,2000,,,,,2026,https://www.immunize.org/official-guidance/state-policies/vaccine-requirements/varicella-child-school-2026/
Tennessee,Varicella,Childcare,yes,True,1,,,,,1999,,or proof of disease,,,2026,https://www.immunize.org/official-guidance/state-policies/vaccine-requirements/varicella-child-school-2026/
Tennessee,Varicella,School,yes,True,2,K–12,,,,2002,2002: K–6 2010: Gr 7–12,or proof of disease,,,2026,https://www.immunize.org/official-guidance/state-policies/vaccine-requirements/varicella-child-school-2026/
Texas,Varicella,Childcare,yes,True,1,,,,,2000,,,,,2026,https://www.immunize.org/official-guidance/state-policies/vaccine-requirements/varicella-child-school-2026/
Texas,Varicella,School,yes,True,2,K–12,,,,2000,,,,,2026,https://www.immunize.org/official-guidance/state-policies/vaccine-requirements/varicella-child-school-2026/
Utah,Varicella,Childcare,yes,True,1,,,,,2008,,,,,2026,https://www.immunize.org/official-guidance/state-policies/vaccine-requirements/varicella-child-school-2026/
Utah,Varicella,School,yes,True,2,K–12,,,,2002,2002: K–6 2007: Gr 7–12,,,,2026,https://www.immunize.org/official-guidance/state-policies/vaccine-requirements/varicella-child-school-2026/
Vermont,Varicella,Childcare,yes,True,1,,,,,2011,,,,,2026,https://www.immunize.org/official-guidance/state-policies/vaccine-requirements/varicella-child-school-2026/
Vermont,Varicella,School,yes,True,2,K–12,,,,2008,,,,,2026,https://www.immunize.org/official-guidance/state-policies/vaccine-requirements/varicella-child-school-2026/
Virginia,Varicella,Childcare,yes,True,age-appropriate,,,,,1999,,,,,2026,https://www.immunize.org/official-guidance/state-policies/vaccine-requirements/varicella-child-school-2026/
Virginia,Varicella,School,yes,True,2,K–12,,,,1999,,,,,2026,https://www.immunize.org/official-guidance/state-policies/vaccine-requirements/varicella-child-school-2026/
Washington,Varicella,Childcare,yes,True,age-appropriate,,,,,2006,,children in preschool/ transitional K who are age 4 years on September 1 of the school year need 2 doses,,,2026,https://www.immunize.org/official-guidance/state-policies/vaccine-requirements/varicella-child-school-2026/
Washington,Varicella,School,yes,True,2,K–6,,,,2006,2006: K–6 2008: Gr 7–12,,,,2026,https://www.immunize.org/official-guidance/state-policies/vaccine-requirements/varicella-child-school-2026/
West Virginia,Varicella,Childcare,yes,True,1–2,,,,,2000,,Dose 1: required at age 15 – 17 months Dose 2: required at age 18 months – 5 years,,,2026,https://www.immunize.org/official-guidance/state-policies/vaccine-requirements/varicella-child-school-2026/
West Virginia,Varicella,School,yes,True,2,K–6,,,,2008,,,,,2026,https://www.immunize.org/official-guidance/state-policies/vaccine-requirements/varicella-child-school-2026/
Wisconsin,Varicella,Childcare,yes,True,1,,,,,2001,,2024: parent report of varicella disease no longer acceptable,,,2026,https://www.immunize.org/official-guidance/state-policies/vaccine-requirements/varicella-child-school-2026/
Wisconsin,Varicella,School,yes,True,2,K–12,,,,2001,2001: K–6 2004: Gr 7–12,2024: parent report of varicella disease no longer acceptable,,,2026,https://www.immunize.org/official-guidance/state-policies/vaccine-requirements/varicella-child-school-2026/
Wyoming,Varicella,Childcare,yes,True,age-appropriate,,,,,2010,,,,,2026,https://www.immunize.org/official-guidance/state-policies/vaccine-requirements/varicella-child-school-2026/
Wyoming,Varicella,School,yes,True,2,K–12,,,,2010,,,,,2026,https://www.immunize.org/official-guidance/state-policies/vaccine-requirements/varicella-child-school-2026/
