jurisdiction,vaccine,setting,field,value,source_year,source_url
Alabama,DTaP,Childcare,required,yes,2025,https://www.immunize.org/official-guidance/state-policies/vaccine-requirements/dtap-child-school-2025/
Alabama,DTaP,Childcare,year_first_implemented,longstanding,2025,https://www.immunize.org/official-guidance/state-policies/vaccine-requirements/dtap-child-school-2025/
Alaska,DTaP,Childcare,required,yes,2025,https://www.immunize.org/official-guidance/state-policies/vaccine-requirements/dtap-child-school-2025/
Alaska,DTaP,Childcare,year_first_implemented,longstanding,2025,https://www.immunize.org/official-guidance/state-policies/vaccine-requirements/dtap-child-school-2025/
Arizona,DTaP,Childcare,required,yes,2025,https://www.immunize.org/official-guidance/state-policies/vaccine-requirements/dtap-child-school-2025/
Arizona,DTaP,Childcare,year_first_implemented,longstanding,2025,https://www.immunize.org/official-guidance/state-policies/vaccine-requirements/dtap-child-school-2025/
Arkansas,DTaP,Childcare,required,yes,2025,https://www.immunize.org/official-guidance/state-policies/vaccine-requirements/dtap-child-school-2025/
Arkansas,DTaP,Childcare,year_first_implemented,longstanding,2025,https://www.immunize.org/official-guidance/state-policies/vaccine-requirements/dtap-child-school-2025/
California,DTaP,Childcare,required,yes,2025,https://www.immunize.org/official-guidance/state-policies/vaccine-requirements/dtap-child-school-2025/
California,DTaP,Childcare,year_first_implemented,longstanding,2025,https://www.immunize.org/official-guidance/state-policies/vaccine-requirements/dtap-child-school-2025/
Colorado,DTaP,Childcare,required,yes,2025,https://www.immunize.org/official-guidance/state-policies/vaccine-requirements/dtap-child-school-2025/
Colorado,DTaP,Childcare,year_first_implemented,longstanding,2025,https://www.immunize.org/official-guidance/state-policies/vaccine-requirements/dtap-child-school-2025/
Connecticut,DTaP,Childcare,required,yes,2025,https://www.immunize.org/official-guidance/state-policies/vaccine-requirements/dtap-child-school-2025/
Connecticut,DTaP,Childcare,year_first_implemented,longstanding,2025,https://www.immunize.org/official-guidance/state-policies/vaccine-requirements/dtap-child-school-2025/
Delaware,DTaP,Childcare,required,yes,2025,https://www.immunize.org/official-guidance/state-policies/vaccine-requirements/dtap-child-school-2025/
Delaware,DTaP,Childcare,year_first_implemented,longstanding,2025,https://www.immunize.org/official-guidance/state-policies/vaccine-requirements/dtap-child-school-2025/
District of Columbia,DTaP,Childcare,required,yes,2025,https://www.immunize.org/official-guidance/state-policies/vaccine-requirements/dtap-child-school-2025/
District of Columbia,DTaP,Childcare,year_first_implemented,longstanding,2025,https://www.immunize.org/official-guidance/state-policies/vaccine-requirements/dtap-child-school-2025/
Florida,DTaP,Childcare,required,yes,2025,https://www.immunize.org/official-guidance/state-policies/vaccine-requirements/dtap-child-school-2025/
Florida,DTaP,Childcare,year_first_implemented,longstanding,2025,https://www.immunize.org/official-guidance/state-policies/vaccine-requirements/dtap-child-school-2025/
Georgia,DTaP,Childcare,required,yes,2025,https://www.immunize.org/official-guidance/state-policies/vaccine-requirements/dtap-child-school-2025/
Georgia,DTaP,Childcare,year_first_implemented,longstanding,2025,https://www.immunize.org/official-guidance/state-policies/vaccine-requirements/dtap-child-school-2025/
Hawaii,DTaP,Childcare,required,yes,2025,https://www.immunize.org/official-guidance/state-policies/vaccine-requirements/dtap-child-school-2025/
Hawaii,DTaP,Childcare,year_first_implemented,longstanding,2025,https://www.immunize.org/official-guidance/state-policies/vaccine-requirements/dtap-child-school-2025/
Idaho,DTaP,Childcare,required,yes,2025,https://www.immunize.org/official-guidance/state-policies/vaccine-requirements/dtap-child-school-2025/
Idaho,DTaP,Childcare,year_first_implemented,longstanding,2025,https://www.immunize.org/official-guidance/state-policies/vaccine-requirements/dtap-child-school-2025/
Illinois,DTaP,Childcare,required,yes,2025,https://www.immunize.org/official-guidance/state-policies/vaccine-requirements/dtap-child-school-2025/
Illinois,DTaP,Childcare,year_first_implemented,longstanding,2025,https://www.immunize.org/official-guidance/state-policies/vaccine-requirements/dtap-child-school-2025/
Indiana,DTaP,Childcare,required,yes,2025,https://www.immunize.org/official-guidance/state-policies/vaccine-requirements/dtap-child-school-2025/
Indiana,DTaP,Childcare,year_first_implemented,longstanding,2025,https://www.immunize.org/official-guidance/state-policies/vaccine-requirements/dtap-child-school-2025/
Iowa,DTaP,Childcare,required,yes,2025,https://www.immunize.org/official-guidance/state-policies/vaccine-requirements/dtap-child-school-2025/
Iowa,DTaP,Childcare,year_first_implemented,longstanding,2025,https://www.immunize.org/official-guidance/state-policies/vaccine-requirements/dtap-child-school-2025/
Kansas,DTaP,Childcare,required,yes,2025,https://www.immunize.org/official-guidance/state-policies/vaccine-requirements/dtap-child-school-2025/
Kansas,DTaP,Childcare,year_first_implemented,longstanding,2025,https://www.immunize.org/official-guidance/state-policies/vaccine-requirements/dtap-child-school-2025/
Kentucky,DTaP,Childcare,required,yes,2025,https://www.immunize.org/official-guidance/state-policies/vaccine-requirements/dtap-child-school-2025/
Kentucky,DTaP,Childcare,year_first_implemented,longstanding,2025,https://www.immunize.org/official-guidance/state-policies/vaccine-requirements/dtap-child-school-2025/
Louisiana,DTaP,Childcare,required,yes,2025,https://www.immunize.org/official-guidance/state-policies/vaccine-requirements/dtap-child-school-2025/
Louisiana,DTaP,Childcare,year_first_implemented,longstanding,2025,https://www.immunize.org/official-guidance/state-policies/vaccine-requirements/dtap-child-school-2025/
Maine,DTaP,Childcare,required,yes,2025,https://www.immunize.org/official-guidance/state-policies/vaccine-requirements/dtap-child-school-2025/
Maine,DTaP,Childcare,year_first_implemented,longstanding,2025,https://www.immunize.org/official-guidance/state-policies/vaccine-requirements/dtap-child-school-2025/
Maryland,DTaP,Childcare,required,yes,2025,https://www.immunize.org/official-guidance/state-policies/vaccine-requirements/dtap-child-school-2025/
Maryland,DTaP,Childcare,year_first_implemented,longstanding,2025,https://www.immunize.org/official-guidance/state-policies/vaccine-requirements/dtap-child-school-2025/
Massachusetts,DTaP,Childcare,required,yes,2025,https://www.immunize.org/official-guidance/state-policies/vaccine-requirements/dtap-child-school-2025/
Massachusetts,DTaP,Childcare,year_first_implemented,longstanding,2025,https://www.immunize.org/official-guidance/state-policies/vaccine-requirements/dtap-child-school-2025/
Michigan,DTaP,Childcare,required,yes,2025,https://www.immunize.org/official-guidance/state-policies/vaccine-requirements/dtap-child-school-2025/
Michigan,DTaP,Childcare,year_first_implemented,longstanding,2025,https://www.immunize.org/official-guidance/state-policies/vaccine-requirements/dtap-child-school-2025/
Minnesota,DTaP,Childcare,required,yes,2025,https://www.immunize.org/official-guidance/state-policies/vaccine-requirements/dtap-child-school-2025/
Minnesota,DTaP,Childcare,year_first_implemented,longstanding,2025,https://www.immunize.org/official-guidance/state-policies/vaccine-requirements/dtap-child-school-2025/
Mississippi,DTaP,Childcare,required,yes,2025,https://www.immunize.org/official-guidance/state-policies/vaccine-requirements/dtap-child-school-2025/
Mississippi,DTaP,Childcare,year_first_implemented,longstanding,2025,https://www.immunize.org/official-guidance/state-policies/vaccine-requirements/dtap-child-school-2025/
Missouri,DTaP,Childcare,required,yes,2025,https://www.immunize.org/official-guidance/state-policies/vaccine-requirements/dtap-child-school-2025/
Missouri,DTaP,Childcare,year_first_implemented,longstanding,2025,https://www.immunize.org/official-guidance/state-policies/vaccine-requirements/dtap-child-school-2025/
Montana,DTaP,Childcare,required,yes,2025,https://www.immunize.org/official-guidance/state-policies/vaccine-requirements/dtap-child-school-2025/
Montana,DTaP,Childcare,year_first_implemented,longstanding,2025,https://www.immunize.org/official-guidance/state-policies/vaccine-requirements/dtap-child-school-2025/
Nebraska,DTaP,Childcare,required,yes,2025,https://www.immunize.org/official-guidance/state-policies/vaccine-requirements/dtap-child-school-2025/
Nebraska,DTaP,Childcare,year_first_implemented,longstanding,2025,https://www.immunize.org/official-guidance/state-policies/vaccine-requirements/dtap-child-school-2025/
Nevada,DTaP,Childcare,required,yes,2025,https://www.immunize.org/official-guidance/state-policies/vaccine-requirements/dtap-child-school-2025/
Nevada,DTaP,Childcare,year_first_implemented,longstanding,2025,https://www.immunize.org/official-guidance/state-policies/vaccine-requirements/dtap-child-school-2025/
New Hampshire,DTaP,Childcare,required,yes,2025,https://www.immunize.org/official-guidance/state-policies/vaccine-requirements/dtap-child-school-2025/
New Hampshire,DTaP,Childcare,year_first_implemented,longstanding,2025,https://www.immunize.org/official-guidance/state-policies/vaccine-requirements/dtap-child-school-2025/
New Jersey,DTaP,Childcare,required,yes,2025,https://www.immunize.org/official-guidance/state-policies/vaccine-requirements/dtap-child-school-2025/
New Jersey,DTaP,Childcare,year_first_implemented,longstanding,2025,https://www.immunize.org/official-guidance/state-policies/vaccine-requirements/dtap-child-school-2025/
New Mexico,DTaP,Childcare,required,yes,2025,https://www.immunize.org/official-guidance/state-policies/vaccine-requirements/dtap-child-school-2025/
New Mexico,DTaP,Childcare,year_first_implemented,longstanding,2025,https://www.immunize.org/official-guidance/state-policies/vaccine-requirements/dtap-child-school-2025/
New York,DTaP,Childcare,required,yes,2025,https://www.immunize.org/official-guidance/state-policies/vaccine-requirements/dtap-child-school-2025/
New York,DTaP,Childcare,year_first_implemented,longstanding,2025,https://www.immunize.org/official-guidance/state-policies/vaccine-requirements/dtap-child-school-2025/
North Carolina,DTaP,Childcare,required,yes,2025,https://www.immunize.org/official-guidance/state-policies/vaccine-requirements/dtap-child-school-2025/
North Carolina,DTaP,Childcare,year_first_implemented,longstanding,2025,https://www.immunize.org/official-guidance/state-policies/vaccine-requirements/dtap-child-school-2025/
North Dakota,DTaP,Childcare,required,yes,2025,https://www.immunize.org/official-guidance/state-policies/vaccine-requirements/dtap-child-school-2025/
North Dakota,DTaP,Childcare,year_first_implemented,longstanding,2025,https://www.immunize.org/official-guidance/state-policies/vaccine-requirements/dtap-child-school-2025/
Ohio,DTaP,Childcare,required,yes,2025,https://www.immunize.org/official-guidance/state-policies/vaccine-requirements/dtap-child-school-2025/
Ohio,DTaP,Childcare,year_first_implemented,longstanding,2025,https://www.immunize.org/official-guidance/state-policies/vaccine-requirements/dtap-child-school-2025/
Oklahoma,DTaP,Childcare,required,yes,2025,https://www.immunize.org/official-guidance/state-policies/vaccine-requirements/dtap-child-school-2025/
Oklahoma,DTaP,Childcare,year_first_implemented,longstanding,2025,https://www.immunize.org/official-guidance/state-policies/vaccine-requirements/dtap-child-school-2025/
Oregon,DTaP,Childcare,required,yes,2025,https://www.immunize.org/official-guidance/state-policies/vaccine-requirements/dtap-child-school-2025/
Oregon,DTaP,Childcare,year_first_implemented,longstanding,2025,https://www.immunize.org/official-guidance/state-policies/vaccine-requirements/dtap-child-school-2025/
Pennsylvania,DTaP,Childcare,required,yes,2025,https://www.immunize.org/official-guidance/state-policies/vaccine-requirements/dtap-child-school-2025/
Pennsylvania,DTaP,Childcare,year_first_implemented,longstanding,2025,https://www.immunize.org/official-guidance/state-policies/vaccine-requirements/dtap-child-school-2025/
Rhode Island,DTaP,Childcare,required,yes,2025,https://www.immunize.org/official-guidance/state-policies/vaccine-requirements/dtap-child-school-2025/
Rhode Island,DTaP,Childcare,year_first_implemented,longstanding,2025,https://www.immunize.org/official-guidance/state-policies/vaccine-requirements/dtap-child-school-2025/
South Carolina,DTaP,Childcare,required,yes,2025,https://www.immunize.org/official-guidance/state-policies/vaccine-requirements/dtap-child-school-2025/
South Carolina,DTaP,Childcare,year_first_implemented,longstanding,2025,https://www.immunize.org/official-guidance/state-policies/vaccine-requirements/dtap-child-school-2025/
South Dakota,DTaP,Childcare,required,yes,2025,https://www.immunize.org/official-guidance/state-policies/vaccine-requirements/dtap-child-school-2025/
South Dakota,DTaP,Childcare,year_first_implemented,longstanding,2025,https://www.immunize.org/official-guidance/state-policies/vaccine-requirements/dtap-child-school-2025/
Tennessee,DTaP,Childcare,required,yes,2025,https://www.immunize.org/official-guidance/state-policies/vaccine-requirements/dtap-child-school-2025/
Tennessee,DTaP,Childcare,year_first_implemented,longstanding,2025,https://www.immunize.org/official-guidance/state-policies/vaccine-requirements/dtap-child-school-2025/
Texas,DTaP,Childcare,required,yes,2025,https://www.immunize.org/official-guidance/state-policies/vaccine-requirements/dtap-child-school-2025/
Texas,DTaP,Childcare,year_first_implemented,longstanding,2025,https://www.immunize.org/official-guidance/state-policies/vaccine-requirements/dtap-child-school-2025/
Utah,DTaP,Childcare,required,yes,2025,https://www.immunize.org/official-guidance/state-policies/vaccine-requirements/dtap-child-school-2025/
Utah,DTaP,Childcare,year_first_implemented,longstanding,2025,https://www.immunize.org/official-guidance/state-policies/vaccine-requirements/dtap-child-school-2025/
Vermont,DTaP,Childcare,required,yes,2025,https://www.immunize.org/official-guidance/state-policies/vaccine-requirements/dtap-child-school-2025/
Vermont,DTaP,Childcare,year_first_implemented,longstanding,2025,https://www.immunize.org/official-guidance/state-policies/vaccine-requirements/dtap-child-school-2025/
Virginia,DTaP,Childcare,required,yes,2025,https://www.immunize.org/official-guidance/state-policies/vaccine-requirements/dtap-child-school-2025/
Virginia,DTaP,Childcare,year_first_implemented,longstanding,2025,https://www.immunize.org/official-guidance/state-policies/vaccine-requirements/dtap-child-school-2025/
Washington,DTaP,Childcare,required,yes,2025,https://www.immunize.org/official-guidance/state-policies/vaccine-requirements/dtap-child-school-2025/
Washington,DTaP,Childcare,year_first_implemented,longstanding,2025,https://www.immunize.org/official-guidance/state-policies/vaccine-requirements/dtap-child-school-2025/
West Virginia,DTaP,Childcare,required,yes,2025,https://www.immunize.org/official-guidance/state-policies/vaccine-requirements/dtap-child-school-2025/
West Virginia,DTaP,Childcare,year_first_implemented,longstanding,2025,https://www.immunize.org/official-guidance/state-policies/vaccine-requirements/dtap-child-school-2025/
Wisconsin,DTaP,Childcare,required,yes,2025,https://www.immunize.org/official-guidance/state-policies/vaccine-requirements/dtap-child-school-2025/
Wisconsin,DTaP,Childcare,year_first_implemented,longstanding,2025,https://www.immunize.org/official-guidance/state-policies/vaccine-requirements/dtap-child-school-2025/
Wyoming,DTaP,Childcare,required,yes,2025,https://www.immunize.org/official-guidance/state-policies/vaccine-requirements/dtap-child-school-2025/
Wyoming,DTaP,Childcare,year_first_implemented,longstanding,2025,https://www.immunize.org/official-guidance/state-policies/vaccine-requirements/dtap-child-school-2025/
Alaska,Hepatitis A,Childcare,required,yes,2025,https://www.immunize.org/official-guidance/state-policies/vaccine-requirements/hepa-child-school-2025/
Alaska,Hepatitis A,Childcare,grades_included,K–12,2025,https://www.immunize.org/official-guidance/state-policies/vaccine-requirements/hepa-child-school-2025/
Alaska,Hepatitis A,Childcare,year_first_implemented,2001,2025,https://www.immunize.org/official-guidance/state-policies/vaccine-requirements/hepa-child-school-2025/
Arkansas,Hepatitis A,Childcare,required,yes,2025,https://www.immunize.org/official-guidance/state-policies/vaccine-requirements/hepa-child-school-2025/
Arkansas,Hepatitis A,Childcare,grades_included,"K, 1",2025,https://www.immunize.org/official-guidance/state-policies/vaccine-requirements/hepa-child-school-2025/
Arkansas,Hepatitis A,Childcare,year_first_implemented,2014,2025,https://www.immunize.org/official-guidance/state-policies/vaccine-requirements/hepa-child-school-2025/
Connecticut,Hepatitis A,Childcare,required,yes,2025,https://www.immunize.org/official-guidance/state-policies/vaccine-requirements/hepa-child-school-2025/
Connecticut,Hepatitis A,Childcare,grades_included,K–12,2025,https://www.immunize.org/official-guidance/state-policies/vaccine-requirements/hepa-child-school-2025/
Connecticut,Hepatitis A,Childcare,year_first_implemented,2011,2025,https://www.immunize.org/official-guidance/state-policies/vaccine-requirements/hepa-child-school-2025/
District of Columbia,Hepatitis A,Childcare,required,yes,2025,https://www.immunize.org/official-guidance/state-policies/vaccine-requirements/hepa-child-school-2025/
District of Columbia,Hepatitis A,Childcare,grades_included,K–12,2025,https://www.immunize.org/official-guidance/state-policies/vaccine-requirements/hepa-child-school-2025/
District of Columbia,Hepatitis A,Childcare,year_first_implemented,2008,2025,https://www.immunize.org/official-guidance/state-policies/vaccine-requirements/hepa-child-school-2025/
Georgia,Hepatitis A,Childcare,required,yes,2025,https://www.immunize.org/official-guidance/state-policies/vaccine-requirements/hepa-child-school-2025/
Georgia,Hepatitis A,Childcare,grades_included,K–12,2025,https://www.immunize.org/official-guidance/state-policies/vaccine-requirements/hepa-child-school-2025/
Georgia,Hepatitis A,Childcare,year_first_implemented,2007,2025,https://www.immunize.org/official-guidance/state-policies/vaccine-requirements/hepa-child-school-2025/
Hawaii,Hepatitis A,Childcare,required,yes,2025,https://www.immunize.org/official-guidance/state-policies/vaccine-requirements/hepa-child-school-2025/
Hawaii,Hepatitis A,Childcare,grades_included,K–12,2025,https://www.immunize.org/official-guidance/state-policies/vaccine-requirements/hepa-child-school-2025/
Hawaii,Hepatitis A,Childcare,year_first_implemented,2020,2025,https://www.immunize.org/official-guidance/state-policies/vaccine-requirements/hepa-child-school-2025/
Idaho,Hepatitis A,Childcare,required,yes,2025,https://www.immunize.org/official-guidance/state-policies/vaccine-requirements/hepa-child-school-2025/
Idaho,Hepatitis A,Childcare,grades_included,K–12,2025,https://www.immunize.org/official-guidance/state-policies/vaccine-requirements/hepa-child-school-2025/
Idaho,Hepatitis A,Childcare,year_first_implemented,2011,2025,https://www.immunize.org/official-guidance/state-policies/vaccine-requirements/hepa-child-school-2025/
Indiana,Hepatitis A,Childcare,required,yes,2025,https://www.immunize.org/official-guidance/state-policies/vaccine-requirements/hepa-child-school-2025/
Indiana,Hepatitis A,Childcare,grades_included,pre K–12,2025,https://www.immunize.org/official-guidance/state-policies/vaccine-requirements/hepa-child-school-2025/
Indiana,Hepatitis A,Childcare,year_first_implemented,2020,2025,https://www.immunize.org/official-guidance/state-policies/vaccine-requirements/hepa-child-school-2025/
Kansas,Hepatitis A,Childcare,required,yes,2025,https://www.immunize.org/official-guidance/state-policies/vaccine-requirements/hepa-child-school-2025/
Kansas,Hepatitis A,Childcare,grades_included,K–12,2025,https://www.immunize.org/official-guidance/state-policies/vaccine-requirements/hepa-child-school-2025/
Kansas,Hepatitis A,Childcare,year_first_implemented,2019,2025,https://www.immunize.org/official-guidance/state-policies/vaccine-requirements/hepa-child-school-2025/
Kentucky,Hepatitis A,Childcare,required,yes,2025,https://www.immunize.org/official-guidance/state-policies/vaccine-requirements/hepa-child-school-2025/
Kentucky,Hepatitis A,Childcare,grades_included,K–12,2025,https://www.immunize.org/official-guidance/state-policies/vaccine-requirements/hepa-child-school-2025/
Kentucky,Hepatitis A,Childcare,year_first_implemented,2018,2025,https://www.immunize.org/official-guidance/state-policies/vaccine-requirements/hepa-child-school-2025/
Louisiana,Hepatitis A,Childcare,required,yes,2025,https://www.immunize.org/official-guidance/state-policies/vaccine-requirements/hepa-child-school-2025/
Louisiana,Hepatitis A,Childcare,grades_included,K,2025,https://www.immunize.org/official-guidance/state-policies/vaccine-requirements/hepa-child-school-2025/
Louisiana,Hepatitis A,Childcare,year_first_implemented,2023,2025,https://www.immunize.org/official-guidance/state-policies/vaccine-requirements/hepa-child-school-2025/
Nevada,Hepatitis A,Childcare,required,yes,2025,https://www.immunize.org/official-guidance/state-policies/vaccine-requirements/hepa-child-school-2025/
Nevada,Hepatitis A,Childcare,grades_included,K–12,2025,https://www.immunize.org/official-guidance/state-policies/vaccine-requirements/hepa-child-school-2025/
Nevada,Hepatitis A,Childcare,year_first_implemented,2002,2025,https://www.immunize.org/official-guidance/state-policies/vaccine-requirements/hepa-child-school-2025/
New Mexico,Hepatitis A,Childcare,required,yes,2025,https://www.immunize.org/official-guidance/state-policies/vaccine-requirements/hepa-child-school-2025/
New Mexico,Hepatitis A,Childcare,grades_included,K–4,2025,https://www.immunize.org/official-guidance/state-policies/vaccine-requirements/hepa-child-school-2025/
New Mexico,Hepatitis A,Childcare,comment,vaccine catch-up recommended for Gr 5–12,2025,https://www.immunize.org/official-guidance/state-policies/vaccine-requirements/hepa-child-school-2025/
Oklahoma,Hepatitis A,Childcare,required,yes,2025,https://www.immunize.org/official-guidance/state-policies/vaccine-requirements/hepa-child-school-2025/
Oklahoma,Hepatitis A,Childcare,grades_included,K–12,2025,https://www.immunize.org/official-guidance/state-policies/vaccine-requirements/hepa-child-school-2025/
Oklahoma,Hepatitis A,Childcare,year_first_implemented,1998,2025,https://www.immunize.org/official-guidance/state-policies/vaccine-requirements/hepa-child-school-2025/
Oregon,Hepatitis A,Childcare,required,yes,2025,https://www.immunize.org/official-guidance/state-policies/vaccine-requirements/hepa-child-school-2025/
Oregon,Hepatitis A,Childcare,grades_included,K–12,2025,https://www.immunize.org/official-guidance/state-policies/vaccine-requirements/hepa-child-school-2025/
Oregon,Hepatitis A,Childcare,year_first_implemented,2008,2025,https://www.immunize.org/official-guidance/state-policies/vaccine-requirements/hepa-child-school-2025/
South Carolina,Hepatitis A,Childcare,required,yes,2025,https://www.immunize.org/official-guidance/state-policies/vaccine-requirements/hepa-child-school-2025/
South Carolina,Hepatitis A,Childcare,grades_included,K–5,2025,https://www.immunize.org/official-guidance/state-policies/vaccine-requirements/hepa-child-school-2025/
South Carolina,Hepatitis A,Childcare,year_first_implemented,2020,2025,https://www.immunize.org/official-guidance/state-policies/vaccine-requirements/hepa-child-school-2025/
South Carolina,Hepatitis A,Childcare,comment,incremental implementation (+1 grade each year),2025,https://www.immunize.org/official-guidance/state-policies/vaccine-requirements/hepa-child-school-2025/
Tennessee,Hepatitis A,Childcare,required,yes,2025,https://www.immunize.org/official-guidance/state-policies/vaccine-requirements/hepa-child-school-2025/
Tennessee,Hepatitis A,Childcare,grades_included,K,2025,https://www.immunize.org/official-guidance/state-policies/vaccine-requirements/hepa-child-school-2025/
Tennessee,Hepatitis A,Childcare,year_first_implemented,2011,2025,https://www.immunize.org/official-guidance/state-policies/vaccine-requirements/hepa-child-school-2025/
Texas,Hepatitis A,Childcare,required,yes,2025,https://www.immunize.org/official-guidance/state-policies/vaccine-requirements/hepa-child-school-2025/
Texas,Hepatitis A,Childcare,grades_included,K–12,2025,https://www.immunize.org/official-guidance/state-policies/vaccine-requirements/hepa-child-school-2025/
Texas,Hepatitis A,Childcare,year_first_implemented,2022,2025,https://www.immunize.org/official-guidance/state-policies/vaccine-requirements/hepa-child-school-2025/
Utah,Hepatitis A,Childcare,required,yes,2025,https://www.immunize.org/official-guidance/state-policies/vaccine-requirements/hepa-child-school-2025/
Utah,Hepatitis A,Childcare,grades_included,K,2025,https://www.immunize.org/official-guidance/state-policies/vaccine-requirements/hepa-child-school-2025/
Utah,Hepatitis A,Childcare,year_first_implemented,2002,2025,https://www.immunize.org/official-guidance/state-policies/vaccine-requirements/hepa-child-school-2025/
Virginia,Hepatitis A,Childcare,required,yes,2025,https://www.immunize.org/official-guidance/state-policies/vaccine-requirements/hepa-child-school-2025/
Virginia,Hepatitis A,Childcare,grades_included,K,2025,https://www.immunize.org/official-guidance/state-policies/vaccine-requirements/hepa-child-school-2025/
Virginia,Hepatitis A,Childcare,year_first_implemented,2021,2025,https://www.immunize.org/official-guidance/state-policies/vaccine-requirements/hepa-child-school-2025/
Alaska,Hepatitis B,Childcare,required,yes,2025,https://www.immunize.org/official-guidance/state-policies/vaccine-requirements/hepb-child-school-2025/
Alaska,Hepatitis B,Childcare,grades_included,K–12,2025,https://www.immunize.org/official-guidance/state-policies/vaccine-requirements/hepb-child-school-2025/
Alaska,Hepatitis B,Childcare,year_first_implemented,2001,2025,https://www.immunize.org/official-guidance/state-policies/vaccine-requirements/hepb-child-school-2025/
Arizona,Hepatitis B,Childcare,required,yes,2025,https://www.immunize.org/official-guidance/state-policies/vaccine-requirements/hepb-child-school-2025/
Arizona,Hepatitis B,Childcare,grades_included,K–12,2025,https://www.immunize.org/official-guidance/state-policies/vaccine-requirements/hepb-child-school-2025/
Arizona,Hepatitis B,Childcare,year_first_implemented,1997,2025,https://www.immunize.org/official-guidance/state-policies/vaccine-requirements/hepb-child-school-2025/
Arkansas,Hepatitis B,Childcare,required,yes,2025,https://www.immunize.org/official-guidance/state-policies/vaccine-requirements/hepb-child-school-2025/
Arkansas,Hepatitis B,Childcare,grades_included,K–12,2025,https://www.immunize.org/official-guidance/state-policies/vaccine-requirements/hepb-child-school-2025/
Arkansas,Hepatitis B,Childcare,year_first_implemented,2000,2025,https://www.immunize.org/official-guidance/state-policies/vaccine-requirements/hepb-child-school-2025/
California,Hepatitis B,Childcare,required,yes,2025,https://www.immunize.org/official-guidance/state-policies/vaccine-requirements/hepb-child-school-2025/
California,Hepatitis B,Childcare,grades_included,K–12,2025,https://www.immunize.org/official-guidance/state-policies/vaccine-requirements/hepb-child-school-2025/
California,Hepatitis B,Childcare,year_first_implemented,1997,2025,https://www.immunize.org/official-guidance/state-policies/vaccine-requirements/hepb-child-school-2025/
Colorado,Hepatitis B,Childcare,required,yes,2025,https://www.immunize.org/official-guidance/state-policies/vaccine-requirements/hepb-child-school-2025/
Colorado,Hepatitis B,Childcare,grades_included,K–12,2025,https://www.immunize.org/official-guidance/state-policies/vaccine-requirements/hepb-child-school-2025/
Colorado,Hepatitis B,Childcare,year_first_implemented,1997,2025,https://www.immunize.org/official-guidance/state-policies/vaccine-requirements/hepb-child-school-2025/
Connecticut,Hepatitis B,Childcare,required,yes,2025,https://www.immunize.org/official-guidance/state-policies/vaccine-requirements/hepb-child-school-2025/
Connecticut,Hepatitis B,Childcare,grades_included,K–12,2025,https://www.immunize.org/official-guidance/state-policies/vaccine-requirements/hepb-child-school-2025/
Connecticut,Hepatitis B,Childcare,year_first_implemented,1996,2025,https://www.immunize.org/official-guidance/state-policies/vaccine-requirements/hepb-child-school-2025/
Delaware,Hepatitis B,Childcare,required,yes,2025,https://www.immunize.org/official-guidance/state-policies/vaccine-requirements/hepb-child-school-2025/
Delaware,Hepatitis B,Childcare,grades_included,K–12,2025,https://www.immunize.org/official-guidance/state-policies/vaccine-requirements/hepb-child-school-2025/
Delaware,Hepatitis B,Childcare,year_first_implemented,1999,2025,https://www.immunize.org/official-guidance/state-policies/vaccine-requirements/hepb-child-school-2025/
District of Columbia,Hepatitis B,Childcare,required,yes,2025,https://www.immunize.org/official-guidance/state-policies/vaccine-requirements/hepb-child-school-2025/
District of Columbia,Hepatitis B,Childcare,grades_included,K–12,2025,https://www.immunize.org/official-guidance/state-policies/vaccine-requirements/hepb-child-school-2025/
District of Columbia,Hepatitis B,Childcare,year_first_implemented,1997,2025,https://www.immunize.org/official-guidance/state-policies/vaccine-requirements/hepb-child-school-2025/
Florida,Hepatitis B,Childcare,required,yes,2025,https://www.immunize.org/official-guidance/state-policies/vaccine-requirements/hepb-child-school-2025/
Florida,Hepatitis B,Childcare,grades_included,K–12,2025,https://www.immunize.org/official-guidance/state-policies/vaccine-requirements/hepb-child-school-2025/
Florida,Hepatitis B,Childcare,year_first_implemented,1998,2025,https://www.immunize.org/official-guidance/state-policies/vaccine-requirements/hepb-child-school-2025/
Florida,Hepatitis B,Childcare,historical_note,1998: K–6 1997: Gr 7–12,2025,https://www.immunize.org/official-guidance/state-policies/vaccine-requirements/hepb-child-school-2025/
Georgia,Hepatitis B,Childcare,required,yes,2025,https://www.immunize.org/official-guidance/state-policies/vaccine-requirements/hepb-child-school-2025/
Georgia,Hepatitis B,Childcare,grades_included,K–6,2025,https://www.immunize.org/official-guidance/state-policies/vaccine-requirements/hepb-child-school-2025/
Georgia,Hepatitis B,Childcare,year_first_implemented,1997,2025,https://www.immunize.org/official-guidance/state-policies/vaccine-requirements/hepb-child-school-2025/
Hawaii,Hepatitis B,Childcare,required,yes,2025,https://www.immunize.org/official-guidance/state-policies/vaccine-requirements/hepb-child-school-2025/
Hawaii,Hepatitis B,Childcare,grades_included,K–12,2025,https://www.immunize.org/official-guidance/state-policies/vaccine-requirements/hepb-child-school-2025/
Hawaii,Hepatitis B,Childcare,year_first_implemented,1998,2025,https://www.immunize.org/official-guidance/state-policies/vaccine-requirements/hepb-child-school-2025/
Hawaii,Hepatitis B,Childcare,historical_note,1998: K–6 2002: Gr 7–12,2025,https://www.immunize.org/official-guidance/state-policies/vaccine-requirements/hepb-child-school-2025/
Idaho,Hepatitis B,Childcare,required,yes,2025,https://www.immunize.org/official-guidance/state-policies/vaccine-requirements/hepb-child-school-2025/
Idaho,Hepatitis B,Childcare,grades_included,K–12,2025,https://www.immunize.org/official-guidance/state-policies/vaccine-requirements/hepb-child-school-2025/
Idaho,Hepatitis B,Childcare,year_first_implemented,1995,2025,https://www.immunize.org/official-guidance/state-policies/vaccine-requirements/hepb-child-school-2025/
Idaho,Hepatitis B,Childcare,historical_note,K–12 born on/after 11/22/1991,2025,https://www.immunize.org/official-guidance/state-policies/vaccine-requirements/hepb-child-school-2025/
Illinois,Hepatitis B,Childcare,required,yes,2025,https://www.immunize.org/official-guidance/state-policies/vaccine-requirements/hepb-child-school-2025/
Illinois,Hepatitis B,Childcare,grades_included,Gr 6–12,2025,https://www.immunize.org/official-guidance/state-policies/vaccine-requirements/hepb-child-school-2025/
Illinois,Hepatitis B,Childcare,year_first_implemented,1997,2025,https://www.immunize.org/official-guidance/state-policies/vaccine-requirements/hepb-child-school-2025/
Indiana,Hepatitis B,Childcare,required,yes,2025,https://www.immunize.org/official-guidance/state-policies/vaccine-requirements/hepb-child-school-2025/
Indiana,Hepatitis B,Childcare,grades_included,K–12,2025,https://www.immunize.org/official-guidance/state-policies/vaccine-requirements/hepb-child-school-2025/
Indiana,Hepatitis B,Childcare,year_first_implemented,1999,2025,https://www.immunize.org/official-guidance/state-policies/vaccine-requirements/hepb-child-school-2025/
Indiana,Hepatitis B,Childcare,historical_note,1999: K–6 2005: Gr 7–12,2025,https://www.immunize.org/official-guidance/state-policies/vaccine-requirements/hepb-child-school-2025/
Iowa,Hepatitis B,Childcare,required,yes,2025,https://www.immunize.org/official-guidance/state-policies/vaccine-requirements/hepb-child-school-2025/
Iowa,Hepatitis B,Childcare,grades_included,K–12,2025,https://www.immunize.org/official-guidance/state-policies/vaccine-requirements/hepb-child-school-2025/
Iowa,Hepatitis B,Childcare,year_first_implemented,1999,2025,https://www.immunize.org/official-guidance/state-policies/vaccine-requirements/hepb-child-school-2025/
Kansas,Hepatitis B,Childcare,required,yes,2025,https://www.immunize.org/official-guidance/state-policies/vaccine-requirements/hepb-child-school-2025/
Kansas,Hepatitis B,Childcare,grades_included,K–12,2025,https://www.immunize.org/official-guidance/state-policies/vaccine-requirements/hepb-child-school-2025/
Kansas,Hepatitis B,Childcare,year_first_implemented,2004,2025,https://www.immunize.org/official-guidance/state-policies/vaccine-requirements/hepb-child-school-2025/
Kansas,Hepatitis B,Childcare,historical_note,2004: K–6 2009: Gr 7–12,2025,https://www.immunize.org/official-guidance/state-policies/vaccine-requirements/hepb-child-school-2025/
Kentucky,Hepatitis B,Childcare,required,yes,2025,https://www.immunize.org/official-guidance/state-policies/vaccine-requirements/hepb-child-school-2025/
Kentucky,Hepatitis B,Childcare,grades_included,K–12,2025,https://www.immunize.org/official-guidance/state-policies/vaccine-requirements/hepb-child-school-2025/
Kentucky,Hepatitis B,Childcare,year_first_implemented,1998,2025,https://www.immunize.org/official-guidance/state-policies/vaccine-requirements/hepb-child-school-2025/
Kentucky,Hepatitis B,Childcare,historical_note,1998: K–6 2001: Gr 7–12,2025,https://www.immunize.org/official-guidance/state-policies/vaccine-requirements/hepb-child-school-2025/
Louisiana,Hepatitis B,Childcare,required,yes,2025,https://www.immunize.org/official-guidance/state-policies/vaccine-requirements/hepb-child-school-2025/
Louisiana,Hepatitis B,Childcare,grades_included,K–12,2025,https://www.immunize.org/official-guidance/state-policies/vaccine-requirements/hepb-child-school-2025/
Louisiana,Hepatitis B,Childcare,year_first_implemented,1998,2025,https://www.immunize.org/official-guidance/state-policies/vaccine-requirements/hepb-child-school-2025/
Louisiana,Hepatitis B,Childcare,historical_note,1998: K–6 2009: Gr 7–12,2025,https://www.immunize.org/official-guidance/state-policies/vaccine-requirements/hepb-child-school-2025/
Maryland,Hepatitis B,Childcare,required,yes,2025,https://www.immunize.org/official-guidance/state-policies/vaccine-requirements/hepb-child-school-2025/
Maryland,Hepatitis B,Childcare,grades_included,K–12,2025,https://www.immunize.org/official-guidance/state-policies/vaccine-requirements/hepb-child-school-2025/
Maryland,Hepatitis B,Childcare,year_first_implemented,2001,2025,https://www.immunize.org/official-guidance/state-policies/vaccine-requirements/hepb-child-school-2025/
Maryland,Hepatitis B,Childcare,historical_note,2001: K–6 2007: Gr 7–12,2025,https://www.immunize.org/official-guidance/state-policies/vaccine-requirements/hepb-child-school-2025/
Massachusetts,Hepatitis B,Childcare,required,yes,2025,https://www.immunize.org/official-guidance/state-policies/vaccine-requirements/hepb-child-school-2025/
Massachusetts,Hepatitis B,Childcare,grades_included,K–12,2025,https://www.immunize.org/official-guidance/state-policies/vaccine-requirements/hepb-child-school-2025/
Massachusetts,Hepatitis B,Childcare,year_first_implemented,1996,2025,https://www.immunize.org/official-guidance/state-policies/vaccine-requirements/hepb-child-school-2025/
Massachusetts,Hepatitis B,Childcare,historical_note,1996: K–6 1999: Gr 7–12,2025,https://www.immunize.org/official-guidance/state-policies/vaccine-requirements/hepb-child-school-2025/
Michigan,Hepatitis B,Childcare,required,yes,2025,https://www.immunize.org/official-guidance/state-policies/vaccine-requirements/hepb-child-school-2025/
Michigan,Hepatitis B,Childcare,grades_included,K–12,2025,https://www.immunize.org/official-guidance/state-policies/vaccine-requirements/hepb-child-school-2025/
Michigan,Hepatitis B,Childcare,year_first_implemented,2001,2025,https://www.immunize.org/official-guidance/state-policies/vaccine-requirements/hepb-child-school-2025/
Michigan,Hepatitis B,Childcare,historical_note,2001: K–6 2002: Gr 7–12,2025,https://www.immunize.org/official-guidance/state-policies/vaccine-requirements/hepb-child-school-2025/
Minnesota,Hepatitis B,Childcare,required,yes,2025,https://www.immunize.org/official-guidance/state-policies/vaccine-requirements/hepb-child-school-2025/
Minnesota,Hepatitis B,Childcare,grades_included,K–12,2025,https://www.immunize.org/official-guidance/state-policies/vaccine-requirements/hepb-child-school-2025/
Minnesota,Hepatitis B,Childcare,year_first_implemented,2000,2025,https://www.immunize.org/official-guidance/state-policies/vaccine-requirements/hepb-child-school-2025/
Minnesota,Hepatitis B,Childcare,historical_note,2000: K–6 2001: Gr 7–12,2025,https://www.immunize.org/official-guidance/state-policies/vaccine-requirements/hepb-child-school-2025/
Mississippi,Hepatitis B,Childcare,required,yes,2025,https://www.immunize.org/official-guidance/state-policies/vaccine-requirements/hepb-child-school-2025/
Mississippi,Hepatitis B,Childcare,grades_included,K–12,2025,https://www.immunize.org/official-guidance/state-policies/vaccine-requirements/hepb-child-school-2025/
Mississippi,Hepatitis B,Childcare,year_first_implemented,1999,2025,https://www.immunize.org/official-guidance/state-policies/vaccine-requirements/hepb-child-school-2025/
Missouri,Hepatitis B,Childcare,required,yes,2025,https://www.immunize.org/official-guidance/state-policies/vaccine-requirements/hepb-child-school-2025/
Missouri,Hepatitis B,Childcare,grades_included,K–12,2025,https://www.immunize.org/official-guidance/state-policies/vaccine-requirements/hepb-child-school-2025/
Missouri,Hepatitis B,Childcare,year_first_implemented,1997,2025,https://www.immunize.org/official-guidance/state-policies/vaccine-requirements/hepb-child-school-2025/
Missouri,Hepatitis B,Childcare,historical_note,1997: K–6 1998: Gr 7–12,2025,https://www.immunize.org/official-guidance/state-policies/vaccine-requirements/hepb-child-school-2025/
Nebraska,Hepatitis B,Childcare,required,yes,2025,https://www.immunize.org/official-guidance/state-policies/vaccine-requirements/hepb-child-school-2025/
Nebraska,Hepatitis B,Childcare,grades_included,K–12,2025,https://www.immunize.org/official-guidance/state-policies/vaccine-requirements/hepb-child-school-2025/
Nebraska,Hepatitis B,Childcare,year_first_implemented,1999,2025,https://www.immunize.org/official-guidance/state-policies/vaccine-requirements/hepb-child-school-2025/
Nebraska,Hepatitis B,Childcare,historical_note,1999: K–6 2000: Gr 7–12,2025,https://www.immunize.org/official-guidance/state-policies/vaccine-requirements/hepb-child-school-2025/
Nevada,Hepatitis B,Childcare,required,yes,2025,https://www.immunize.org/official-guidance/state-policies/vaccine-requirements/hepb-child-school-2025/
Nevada,Hepatitis B,Childcare,grades_included,K–6,2025,https://www.immunize.org/official-guidance/state-policies/vaccine-requirements/hepb-child-school-2025/
Nevada,Hepatitis B,Childcare,year_first_implemented,2002,2025,https://www.immunize.org/official-guidance/state-policies/vaccine-requirements/hepb-child-school-2025/
New Hampshire,Hepatitis B,Childcare,required,yes,2025,https://www.immunize.org/official-guidance/state-policies/vaccine-requirements/hepb-child-school-2025/
New Hampshire,Hepatitis B,Childcare,grades_included,K–12,2025,https://www.immunize.org/official-guidance/state-policies/vaccine-requirements/hepb-child-school-2025/
New Hampshire,Hepatitis B,Childcare,year_first_implemented,1993,2025,https://www.immunize.org/official-guidance/state-policies/vaccine-requirements/hepb-child-school-2025/
New Jersey,Hepatitis B,Childcare,required,yes,2025,https://www.immunize.org/official-guidance/state-policies/vaccine-requirements/hepb-child-school-2025/
New Jersey,Hepatitis B,Childcare,grades_included,K–12,2025,https://www.immunize.org/official-guidance/state-policies/vaccine-requirements/hepb-child-school-2025/
New Jersey,Hepatitis B,Childcare,year_first_implemented,2001,2025,https://www.immunize.org/official-guidance/state-policies/vaccine-requirements/hepb-child-school-2025/
New Jersey,Hepatitis B,Childcare,historical_note,2001: K–6 2004: Gr 9–12,2025,https://www.immunize.org/official-guidance/state-policies/vaccine-requirements/hepb-child-school-2025/
New Mexico,Hepatitis B,Childcare,required,yes,2025,https://www.immunize.org/official-guidance/state-policies/vaccine-requirements/hepb-child-school-2025/
New Mexico,Hepatitis B,Childcare,grades_included,K–12,2025,https://www.immunize.org/official-guidance/state-policies/vaccine-requirements/hepb-child-school-2025/
New Mexico,Hepatitis B,Childcare,year_first_implemented,1999,2025,https://www.immunize.org/official-guidance/state-policies/vaccine-requirements/hepb-child-school-2025/
New Mexico,Hepatitis B,Childcare,historical_note,2002: K–6 1999: Gr 7–12,2025,https://www.immunize.org/official-guidance/state-policies/vaccine-requirements/hepb-child-school-2025/
New York,Hepatitis B,Childcare,required,yes,2025,https://www.immunize.org/official-guidance/state-policies/vaccine-requirements/hepb-child-school-2025/
New York,Hepatitis B,Childcare,grades_included,K–12,2025,https://www.immunize.org/official-guidance/state-policies/vaccine-requirements/hepb-child-school-2025/
New York,Hepatitis B,Childcare,year_first_implemented,1998,2025,https://www.immunize.org/official-guidance/state-policies/vaccine-requirements/hepb-child-school-2025/
New York,Hepatitis B,Childcare,historical_note,1998: K–6 2000: Gr 7–12,2025,https://www.immunize.org/official-guidance/state-policies/vaccine-requirements/hepb-child-school-2025/
North Carolina,Hepatitis B,Childcare,required,yes,2025,https://www.immunize.org/official-guidance/state-policies/vaccine-requirements/hepb-child-school-2025/
North Carolina,Hepatitis B,Childcare,grades_included,K–12,2025,https://www.immunize.org/official-guidance/state-policies/vaccine-requirements/hepb-child-school-2025/
North Carolina,Hepatitis B,Childcare,year_first_implemented,1999,2025,https://www.immunize.org/official-guidance/state-policies/vaccine-requirements/hepb-child-school-2025/
North Carolina,Hepatitis B,Childcare,historical_note,1999: K–6 2005: Gr 7–12,2025,https://www.immunize.org/official-guidance/state-policies/vaccine-requirements/hepb-child-school-2025/
North Dakota,Hepatitis B,Childcare,required,yes,2025,https://www.immunize.org/official-guidance/state-policies/vaccine-requirements/hepb-child-school-2025/
North Dakota,Hepatitis B,Childcare,grades_included,K–12,2025,https://www.immunize.org/official-guidance/state-policies/vaccine-requirements/hepb-child-school-2025/
North Dakota,Hepatitis B,Childcare,year_first_implemented,2000,2025,https://www.immunize.org/official-guidance/state-policies/vaccine-requirements/hepb-child-school-2025/
Ohio,Hepatitis B,Childcare,required,yes,2025,https://www.immunize.org/official-guidance/state-policies/vaccine-requirements/hepb-child-school-2025/
Ohio,Hepatitis B,Childcare,grades_included,K–12,2025,https://www.immunize.org/official-guidance/state-policies/vaccine-requirements/hepb-child-school-2025/
Ohio,Hepatitis B,Childcare,year_first_implemented,1999,2025,https://www.immunize.org/official-guidance/state-policies/vaccine-requirements/hepb-child-school-2025/
Ohio,Hepatitis B,Childcare,historical_note,1999: K–6 2006: Gr 7–12,2025,https://www.immunize.org/official-guidance/state-policies/vaccine-requirements/hepb-child-school-2025/
Oklahoma,Hepatitis B,Childcare,required,yes,2025,https://www.immunize.org/official-guidance/state-policies/vaccine-requirements/hepb-child-school-2025/
Oklahoma,Hepatitis B,Childcare,grades_included,K–12,2025,https://www.immunize.org/official-guidance/state-policies/vaccine-requirements/hepb-child-school-2025/
Oklahoma,Hepatitis B,Childcare,year_first_implemented,1997,2025,https://www.immunize.org/official-guidance/state-policies/vaccine-requirements/hepb-child-school-2025/
Oklahoma,Hepatitis B,Childcare,historical_note,1998: K–6 1997: Gr 7–12,2025,https://www.immunize.org/official-guidance/state-policies/vaccine-requirements/hepb-child-school-2025/
Oregon,Hepatitis B,Childcare,required,yes,2025,https://www.immunize.org/official-guidance/state-policies/vaccine-requirements/hepb-child-school-2025/
Oregon,Hepatitis B,Childcare,grades_included,K–12,2025,https://www.immunize.org/official-guidance/state-policies/vaccine-requirements/hepb-child-school-2025/
Oregon,Hepatitis B,Childcare,year_first_implemented,1998,2025,https://www.immunize.org/official-guidance/state-policies/vaccine-requirements/hepb-child-school-2025/
Oregon,Hepatitis B,Childcare,historical_note,1998: Gr K–6 2000: Gr 7–12,2025,https://www.immunize.org/official-guidance/state-policies/vaccine-requirements/hepb-child-school-2025/
Pennsylvania,Hepatitis B,Childcare,required,yes,2025,https://www.immunize.org/official-guidance/state-policies/vaccine-requirements/hepb-child-school-2025/
Pennsylvania,Hepatitis B,Childcare,grades_included,"K, Gr 7, Gr 12",2025,https://www.immunize.org/official-guidance/state-policies/vaccine-requirements/hepb-child-school-2025/
Pennsylvania,Hepatitis B,Childcare,year_first_implemented,1997,2025,https://www.immunize.org/official-guidance/state-policies/vaccine-requirements/hepb-child-school-2025/
Pennsylvania,Hepatitis B,Childcare,historical_note,1997: K 2002 :Gr 7–12,2025,https://www.immunize.org/official-guidance/state-policies/vaccine-requirements/hepb-child-school-2025/
Rhode Island,Hepatitis B,Childcare,required,yes,2025,https://www.immunize.org/official-guidance/state-policies/vaccine-requirements/hepb-child-school-2025/
Rhode Island,Hepatitis B,Childcare,grades_included,K–12,2025,https://www.immunize.org/official-guidance/state-policies/vaccine-requirements/hepb-child-school-2025/
Rhode Island,Hepatitis B,Childcare,year_first_implemented,1999,2025,https://www.immunize.org/official-guidance/state-policies/vaccine-requirements/hepb-child-school-2025/
Rhode Island,Hepatitis B,Childcare,historical_note,1999: K–6 2000: Gr 7–12,2025,https://www.immunize.org/official-guidance/state-policies/vaccine-requirements/hepb-child-school-2025/
South Carolina,Hepatitis B,Childcare,required,yes,2025,https://www.immunize.org/official-guidance/state-policies/vaccine-requirements/hepb-child-school-2025/
South Carolina,Hepatitis B,Childcare,grades_included,K–12,2025,https://www.immunize.org/official-guidance/state-policies/vaccine-requirements/hepb-child-school-2025/
South Carolina,Hepatitis B,Childcare,year_first_implemented,1998,2025,https://www.immunize.org/official-guidance/state-policies/vaccine-requirements/hepb-child-school-2025/
Tennessee,Hepatitis B,Childcare,required,yes,2025,https://www.immunize.org/official-guidance/state-policies/vaccine-requirements/hepb-child-school-2025/
Tennessee,Hepatitis B,Childcare,grades_included,K–12,2025,https://www.immunize.org/official-guidance/state-policies/vaccine-requirements/hepb-child-school-2025/
Tennessee,Hepatitis B,Childcare,year_first_implemented,1999,2025,https://www.immunize.org/official-guidance/state-policies/vaccine-requirements/hepb-child-school-2025/
Tennessee,Hepatitis B,Childcare,historical_note,1999: K–6 2002: Gr 7–12,2025,https://www.immunize.org/official-guidance/state-policies/vaccine-requirements/hepb-child-school-2025/
Texas,Hepatitis B,Childcare,required,yes,2025,https://www.immunize.org/official-guidance/state-policies/vaccine-requirements/hepb-child-school-2025/
Texas,Hepatitis B,Childcare,grades_included,K–12,2025,https://www.immunize.org/official-guidance/state-policies/vaccine-requirements/hepb-child-school-2025/
Texas,Hepatitis B,Childcare,year_first_implemented,1998,2025,https://www.immunize.org/official-guidance/state-policies/vaccine-requirements/hepb-child-school-2025/
Texas,Hepatitis B,Childcare,historical_note,1998: K–6 2000: Gr 7–12,2025,https://www.immunize.org/official-guidance/state-policies/vaccine-requirements/hepb-child-school-2025/
Utah,Hepatitis B,Childcare,required,yes,2025,https://www.immunize.org/official-guidance/state-policies/vaccine-requirements/hepb-child-school-2025/
Utah,Hepatitis B,Childcare,grades_included,K–12,2025,https://www.immunize.org/official-guidance/state-policies/vaccine-requirements/hepb-child-school-2025/
Utah,Hepatitis B,Childcare,year_first_implemented,1999,2025,https://www.immunize.org/official-guidance/state-policies/vaccine-requirements/hepb-child-school-2025/
Vermont,Hepatitis B,Childcare,required,yes,2025,https://www.immunize.org/official-guidance/state-policies/vaccine-requirements/hepb-child-school-2025/
Vermont,Hepatitis B,Childcare,grades_included,K–12,2025,https://www.immunize.org/official-guidance/state-policies/vaccine-requirements/hepb-child-school-2025/
Vermont,Hepatitis B,Childcare,year_first_implemented,1999,2025,https://www.immunize.org/official-guidance/state-policies/vaccine-requirements/hepb-child-school-2025/
Vermont,Hepatitis B,Childcare,historical_note,2008: K–6 1999: Gr 7–12,2025,https://www.immunize.org/official-guidance/state-policies/vaccine-requirements/hepb-child-school-2025/
Virginia,Hepatitis B,Childcare,required,yes,2025,https://www.immunize.org/official-guidance/state-policies/vaccine-requirements/hepb-child-school-2025/
Virginia,Hepatitis B,Childcare,grades_included,K–12,2025,https://www.immunize.org/official-guidance/state-policies/vaccine-requirements/hepb-child-school-2025/
Virginia,Hepatitis B,Childcare,year_first_implemented,1994,2025,https://www.immunize.org/official-guidance/state-policies/vaccine-requirements/hepb-child-school-2025/
Virginia,Hepatitis B,Childcare,historical_note,1994: K–6 2001: Gr 7–12,2025,https://www.immunize.org/official-guidance/state-policies/vaccine-requirements/hepb-child-school-2025/
Washington,Hepatitis B,Childcare,required,yes,2025,https://www.immunize.org/official-guidance/state-policies/vaccine-requirements/hepb-child-school-2025/
Washington,Hepatitis B,Childcare,grades_included,K–12,2025,https://www.immunize.org/official-guidance/state-policies/vaccine-requirements/hepb-child-school-2025/
Washington,Hepatitis B,Childcare,year_first_implemented,1997,2025,https://www.immunize.org/official-guidance/state-policies/vaccine-requirements/hepb-child-school-2025/
Washington,Hepatitis B,Childcare,historical_note,1997: K–6 2008: Gr 7–12,2025,https://www.immunize.org/official-guidance/state-policies/vaccine-requirements/hepb-child-school-2025/
West Virginia,Hepatitis B,Childcare,required,yes,2025,https://www.immunize.org/official-guidance/state-policies/vaccine-requirements/hepb-child-school-2025/
West Virginia,Hepatitis B,Childcare,grades_included,K–12,2025,https://www.immunize.org/official-guidance/state-policies/vaccine-requirements/hepb-child-school-2025/
West Virginia,Hepatitis B,Childcare,year_first_implemented,2008,2025,https://www.immunize.org/official-guidance/state-policies/vaccine-requirements/hepb-child-school-2025/
Wisconsin,Hepatitis B,Childcare,required,yes,2025,https://www.immunize.org/official-guidance/state-policies/vaccine-requirements/hepb-child-school-2025/
Wisconsin,Hepatitis B,Childcare,grades_included,K–12,2025,https://www.immunize.org/official-guidance/state-policies/vaccine-requirements/hepb-child-school-2025/
Wisconsin,Hepatitis B,Childcare,year_first_implemented,1997,2025,https://www.immunize.org/official-guidance/state-policies/vaccine-requirements/hepb-child-school-2025/
Wyoming,Hepatitis B,Childcare,required,yes,2025,https://www.immunize.org/official-guidance/state-policies/vaccine-requirements/hepb-child-school-2025/
Wyoming,Hepatitis B,Childcare,grades_included,K–12,2025,https://www.immunize.org/official-guidance/state-policies/vaccine-requirements/hepb-child-school-2025/
Wyoming,Hepatitis B,Childcare,year_first_implemented,1999,2025,https://www.immunize.org/official-guidance/state-policies/vaccine-requirements/hepb-child-school-2025/
Wyoming,Hepatitis B,Childcare,historical_note,1999: K–6 1998: Gr 7–12,2025,https://www.immunize.org/official-guidance/state-policies/vaccine-requirements/hepb-child-school-2025/
California,Hepatitis B,College,population_subject,students age 18 or younger,2025,https://www.immunize.org/official-guidance/state-policies/vaccine-requirements/hepb-college-2025/
California,Hepatitis B,College,type_of_institution,state university and University of CA system,2025,https://www.immunize.org/official-guidance/state-policies/vaccine-requirements/hepb-college-2025/
California,Hepatitis B,College,year_first_implemented,2000,2025,https://www.immunize.org/official-guidance/state-policies/vaccine-requirements/hepb-college-2025/
District of Columbia,Hepatitis B,College,population_subject,all,2025,https://www.immunize.org/official-guidance/state-policies/vaccine-requirements/hepb-college-2025/
District of Columbia,Hepatitis B,College,type_of_institution,all,2025,https://www.immunize.org/official-guidance/state-policies/vaccine-requirements/hepb-college-2025/
District of Columbia,Hepatitis B,College,year_first_implemented,2003,2025,https://www.immunize.org/official-guidance/state-policies/vaccine-requirements/hepb-college-2025/
Florida,Hepatitis B,College,population_subject,students in on-campus housing,2025,https://www.immunize.org/official-guidance/state-policies/vaccine-requirements/hepb-college-2025/
Florida,Hepatitis B,College,type_of_institution,all,2025,https://www.immunize.org/official-guidance/state-policies/vaccine-requirements/hepb-college-2025/
Florida,Hepatitis B,College,year_first_implemented,2003,2025,https://www.immunize.org/official-guidance/state-policies/vaccine-requirements/hepb-college-2025/
Georgia,Hepatitis B,College,population_subject,students age 18 or younger,2025,https://www.immunize.org/official-guidance/state-policies/vaccine-requirements/hepb-college-2025/
Georgia,Hepatitis B,College,type_of_institution,University of GA,2025,https://www.immunize.org/official-guidance/state-policies/vaccine-requirements/hepb-college-2025/
Georgia,Hepatitis B,College,year_first_implemented,2005,2025,https://www.immunize.org/official-guidance/state-policies/vaccine-requirements/hepb-college-2025/
Massachusetts,Hepatitis B,College,population_subject,full-time undergraduate and graduate students; part-time health science students,2025,https://www.immunize.org/official-guidance/state-policies/vaccine-requirements/hepb-college-2025/
Massachusetts,Hepatitis B,College,type_of_institution,all,2025,https://www.immunize.org/official-guidance/state-policies/vaccine-requirements/hepb-college-2025/
Massachusetts,Hepatitis B,College,year_first_implemented,2000,2025,https://www.immunize.org/official-guidance/state-policies/vaccine-requirements/hepb-college-2025/
Massachusetts,Hepatitis B,College,historical_note,2000: health science students 2001: all full-time students,2025,https://www.immunize.org/official-guidance/state-policies/vaccine-requirements/hepb-college-2025/
Mississippi,Hepatitis B,College,population_subject,health science students,2025,https://www.immunize.org/official-guidance/state-policies/vaccine-requirements/hepb-college-2025/
Mississippi,Hepatitis B,College,type_of_institution,all,2025,https://www.immunize.org/official-guidance/state-policies/vaccine-requirements/hepb-college-2025/
Mississippi,Hepatitis B,College,year_first_implemented,1993,2025,https://www.immunize.org/official-guidance/state-policies/vaccine-requirements/hepb-college-2025/
New Jersey,Hepatitis B,College,population_subject,incoming students with 12+ credits,2025,https://www.immunize.org/official-guidance/state-policies/vaccine-requirements/hepb-college-2025/
New Jersey,Hepatitis B,College,type_of_institution,all,2025,https://www.immunize.org/official-guidance/state-policies/vaccine-requirements/hepb-college-2025/
New Jersey,Hepatitis B,College,year_first_implemented,2008,2025,https://www.immunize.org/official-guidance/state-policies/vaccine-requirements/hepb-college-2025/
North Carolina,Hepatitis B,College,population_subject,incoming students,2025,https://www.immunize.org/official-guidance/state-policies/vaccine-requirements/hepb-college-2025/
North Carolina,Hepatitis B,College,type_of_institution,all,2025,https://www.immunize.org/official-guidance/state-policies/vaccine-requirements/hepb-college-2025/
North Carolina,Hepatitis B,College,year_first_implemented,2009,2025,https://www.immunize.org/official-guidance/state-policies/vaccine-requirements/hepb-college-2025/
Ohio,Hepatitis B,College,population_subject,students in on-campus housing,2025,https://www.immunize.org/official-guidance/state-policies/vaccine-requirements/hepb-college-2025/
Ohio,Hepatitis B,College,type_of_institution,all public institutions,2025,https://www.immunize.org/official-guidance/state-policies/vaccine-requirements/hepb-college-2025/
Ohio,Hepatitis B,College,year_first_implemented,2005,2025,https://www.immunize.org/official-guidance/state-policies/vaccine-requirements/hepb-college-2025/
Oklahoma,Hepatitis B,College,population_subject,incoming students,2025,https://www.immunize.org/official-guidance/state-policies/vaccine-requirements/hepb-college-2025/
Oklahoma,Hepatitis B,College,type_of_institution,all,2025,https://www.immunize.org/official-guidance/state-policies/vaccine-requirements/hepb-college-2025/
Oklahoma,Hepatitis B,College,year_first_implemented,2004,2025,https://www.immunize.org/official-guidance/state-policies/vaccine-requirements/hepb-college-2025/
Rhode Island,Hepatitis B,College,population_subject,all students,2025,https://www.immunize.org/official-guidance/state-policies/vaccine-requirements/hepb-college-2025/
Rhode Island,Hepatitis B,College,type_of_institution,all,2025,https://www.immunize.org/official-guidance/state-policies/vaccine-requirements/hepb-college-2025/
Rhode Island,Hepatitis B,College,year_first_implemented,2001,2025,https://www.immunize.org/official-guidance/state-policies/vaccine-requirements/hepb-college-2025/
Rhode Island,Hepatitis B,College,historical_note,2001: health science students 2006: all students,2025,https://www.immunize.org/official-guidance/state-policies/vaccine-requirements/hepb-college-2025/
South Dakota,Hepatitis B,College,population_subject,health science students,2025,https://www.immunize.org/official-guidance/state-policies/vaccine-requirements/hepb-college-2025/
South Dakota,Hepatitis B,College,type_of_institution,state university and University of SD system,2025,https://www.immunize.org/official-guidance/state-policies/vaccine-requirements/hepb-college-2025/
South Dakota,Hepatitis B,College,year_first_implemented,2002,2025,https://www.immunize.org/official-guidance/state-policies/vaccine-requirements/hepb-college-2025/
Tennessee,Hepatitis B,College,population_subject,health science students expected to have patient contact,2025,https://www.immunize.org/official-guidance/state-policies/vaccine-requirements/hepb-college-2025/
Tennessee,Hepatitis B,College,type_of_institution,all with more than 200 students,2025,https://www.immunize.org/official-guidance/state-policies/vaccine-requirements/hepb-college-2025/
Tennessee,Hepatitis B,College,year_first_implemented,2011,2025,https://www.immunize.org/official-guidance/state-policies/vaccine-requirements/hepb-college-2025/
Texas,Hepatitis B,College,population_subject,health science students,2025,https://www.immunize.org/official-guidance/state-policies/vaccine-requirements/hepb-college-2025/
Texas,Hepatitis B,College,type_of_institution,all,2025,https://www.immunize.org/official-guidance/state-policies/vaccine-requirements/hepb-college-2025/
Texas,Hepatitis B,College,year_first_implemented,1992,2025,https://www.immunize.org/official-guidance/state-policies/vaccine-requirements/hepb-college-2025/
Vermont,Hepatitis B,College,population_subject,incoming students,2025,https://www.immunize.org/official-guidance/state-policies/vaccine-requirements/hepb-college-2025/
Vermont,Hepatitis B,College,type_of_institution,all,2025,https://www.immunize.org/official-guidance/state-policies/vaccine-requirements/hepb-college-2025/
Vermont,Hepatitis B,College,year_first_implemented,2008,2025,https://www.immunize.org/official-guidance/state-policies/vaccine-requirements/hepb-college-2025/
Virginia,Hepatitis B,College,population_subject,incoming full-time students,2025,https://www.immunize.org/official-guidance/state-policies/vaccine-requirements/hepb-college-2025/
Virginia,Hepatitis B,College,type_of_institution,all 4-year public institutions,2025,https://www.immunize.org/official-guidance/state-policies/vaccine-requirements/hepb-college-2025/
Virginia,Hepatitis B,College,year_first_implemented,2005,2025,https://www.immunize.org/official-guidance/state-policies/vaccine-requirements/hepb-college-2025/
Alabama,Hib,Childcare,required,yes,2025,https://www.immunize.org/official-guidance/state-policies/vaccine-requirements/hib-childcare-2025/
Alabama,Hib,Childcare,doses_required,age-appropriate,2025,https://www.immunize.org/official-guidance/state-policies/vaccine-requirements/hib-childcare-2025/
Alabama,Hib,Childcare,year_first_implemented,longstanding,2025,https://www.immunize.org/official-guidance/state-policies/vaccine-requirements/hib-childcare-2025/
Alaska,Hib,Childcare,required,yes,2025,https://www.immunize.org/official-guidance/state-policies/vaccine-requirements/hib-childcare-2025/
Alaska,Hib,Childcare,doses_required,age-appropriate,2025,https://www.immunize.org/official-guidance/state-policies/vaccine-requirements/hib-childcare-2025/
Alaska,Hib,Childcare,year_first_implemented,longstanding,2025,https://www.immunize.org/official-guidance/state-policies/vaccine-requirements/hib-childcare-2025/
Arizona,Hib,Childcare,required,yes,2025,https://www.immunize.org/official-guidance/state-policies/vaccine-requirements/hib-childcare-2025/
Arizona,Hib,Childcare,doses_required,age-appropriate,2025,https://www.immunize.org/official-guidance/state-policies/vaccine-requirements/hib-childcare-2025/
Arizona,Hib,Childcare,year_first_implemented,longstanding,2025,https://www.immunize.org/official-guidance/state-policies/vaccine-requirements/hib-childcare-2025/
Arkansas,Hib,Childcare,required,yes,2025,https://www.immunize.org/official-guidance/state-policies/vaccine-requirements/hib-childcare-2025/
Arkansas,Hib,Childcare,doses_required,age-appropriate,2025,https://www.immunize.org/official-guidance/state-policies/vaccine-requirements/hib-childcare-2025/
Arkansas,Hib,Childcare,year_first_implemented,longstanding,2025,https://www.immunize.org/official-guidance/state-policies/vaccine-requirements/hib-childcare-2025/
California,Hib,Childcare,required,yes,2025,https://www.immunize.org/official-guidance/state-policies/vaccine-requirements/hib-childcare-2025/
California,Hib,Childcare,doses_required,age-appropriate,2025,https://www.immunize.org/official-guidance/state-policies/vaccine-requirements/hib-childcare-2025/
California,Hib,Childcare,year_first_implemented,longstanding,2025,https://www.immunize.org/official-guidance/state-policies/vaccine-requirements/hib-childcare-2025/
Colorado,Hib,Childcare,required,yes,2025,https://www.immunize.org/official-guidance/state-policies/vaccine-requirements/hib-childcare-2025/
Colorado,Hib,Childcare,doses_required,age-appropriate,2025,https://www.immunize.org/official-guidance/state-policies/vaccine-requirements/hib-childcare-2025/
Colorado,Hib,Childcare,year_first_implemented,longstanding,2025,https://www.immunize.org/official-guidance/state-policies/vaccine-requirements/hib-childcare-2025/
Connecticut,Hib,Childcare,required,yes,2025,https://www.immunize.org/official-guidance/state-policies/vaccine-requirements/hib-childcare-2025/
Connecticut,Hib,Childcare,doses_required,age-appropriate,2025,https://www.immunize.org/official-guidance/state-policies/vaccine-requirements/hib-childcare-2025/
Connecticut,Hib,Childcare,year_first_implemented,longstanding,2025,https://www.immunize.org/official-guidance/state-policies/vaccine-requirements/hib-childcare-2025/
Delaware,Hib,Childcare,required,yes,2025,https://www.immunize.org/official-guidance/state-policies/vaccine-requirements/hib-childcare-2025/
Delaware,Hib,Childcare,doses_required,age-appropriate,2025,https://www.immunize.org/official-guidance/state-policies/vaccine-requirements/hib-childcare-2025/
Delaware,Hib,Childcare,year_first_implemented,longstanding,2025,https://www.immunize.org/official-guidance/state-policies/vaccine-requirements/hib-childcare-2025/
District of Columbia,Hib,Childcare,required,yes,2025,https://www.immunize.org/official-guidance/state-policies/vaccine-requirements/hib-childcare-2025/
District of Columbia,Hib,Childcare,doses_required,age-appropriate,2025,https://www.immunize.org/official-guidance/state-policies/vaccine-requirements/hib-childcare-2025/
District of Columbia,Hib,Childcare,year_first_implemented,longstanding,2025,https://www.immunize.org/official-guidance/state-policies/vaccine-requirements/hib-childcare-2025/
Florida,Hib,Childcare,required,yes,2025,https://www.immunize.org/official-guidance/state-policies/vaccine-requirements/hib-childcare-2025/
Florida,Hib,Childcare,doses_required,age-appropriate,2025,https://www.immunize.org/official-guidance/state-policies/vaccine-requirements/hib-childcare-2025/
Florida,Hib,Childcare,year_first_implemented,longstanding,2025,https://www.immunize.org/official-guidance/state-policies/vaccine-requirements/hib-childcare-2025/
Georgia,Hib,Childcare,required,yes,2025,https://www.immunize.org/official-guidance/state-policies/vaccine-requirements/hib-childcare-2025/
Georgia,Hib,Childcare,doses_required,age-appropriate,2025,https://www.immunize.org/official-guidance/state-policies/vaccine-requirements/hib-childcare-2025/
Georgia,Hib,Childcare,year_first_implemented,longstanding,2025,https://www.immunize.org/official-guidance/state-policies/vaccine-requirements/hib-childcare-2025/
Hawaii,Hib,Childcare,required,yes,2025,https://www.immunize.org/official-guidance/state-policies/vaccine-requirements/hib-childcare-2025/
Hawaii,Hib,Childcare,doses_required,age-appropriate,2025,https://www.immunize.org/official-guidance/state-policies/vaccine-requirements/hib-childcare-2025/
Hawaii,Hib,Childcare,year_first_implemented,longstanding,2025,https://www.immunize.org/official-guidance/state-policies/vaccine-requirements/hib-childcare-2025/
Idaho,Hib,Childcare,required,yes,2025,https://www.immunize.org/official-guidance/state-policies/vaccine-requirements/hib-childcare-2025/
Idaho,Hib,Childcare,doses_required,age-appropriate,2025,https://www.immunize.org/official-guidance/state-policies/vaccine-requirements/hib-childcare-2025/
Idaho,Hib,Childcare,year_first_implemented,longstanding,2025,https://www.immunize.org/official-guidance/state-policies/vaccine-requirements/hib-childcare-2025/
Illinois,Hib,Childcare,required,yes,2025,https://www.immunize.org/official-guidance/state-policies/vaccine-requirements/hib-childcare-2025/
Illinois,Hib,Childcare,doses_required,age-appropriate,2025,https://www.immunize.org/official-guidance/state-policies/vaccine-requirements/hib-childcare-2025/
Illinois,Hib,Childcare,year_first_implemented,longstanding,2025,https://www.immunize.org/official-guidance/state-policies/vaccine-requirements/hib-childcare-2025/
Indiana,Hib,Childcare,required,yes,2025,https://www.immunize.org/official-guidance/state-policies/vaccine-requirements/hib-childcare-2025/
Indiana,Hib,Childcare,doses_required,age-appropriate,2025,https://www.immunize.org/official-guidance/state-policies/vaccine-requirements/hib-childcare-2025/
Indiana,Hib,Childcare,year_first_implemented,longstanding,2025,https://www.immunize.org/official-guidance/state-policies/vaccine-requirements/hib-childcare-2025/
Iowa,Hib,Childcare,required,yes,2025,https://www.immunize.org/official-guidance/state-policies/vaccine-requirements/hib-childcare-2025/
Iowa,Hib,Childcare,doses_required,age-appropriate,2025,https://www.immunize.org/official-guidance/state-policies/vaccine-requirements/hib-childcare-2025/
Iowa,Hib,Childcare,year_first_implemented,longstanding,2025,https://www.immunize.org/official-guidance/state-policies/vaccine-requirements/hib-childcare-2025/
Kansas,Hib,Childcare,required,yes,2025,https://www.immunize.org/official-guidance/state-policies/vaccine-requirements/hib-childcare-2025/
Kansas,Hib,Childcare,doses_required,age-appropriate,2025,https://www.immunize.org/official-guidance/state-policies/vaccine-requirements/hib-childcare-2025/
Kansas,Hib,Childcare,year_first_implemented,longstanding,2025,https://www.immunize.org/official-guidance/state-policies/vaccine-requirements/hib-childcare-2025/
Kentucky,Hib,Childcare,required,yes,2025,https://www.immunize.org/official-guidance/state-policies/vaccine-requirements/hib-childcare-2025/
Kentucky,Hib,Childcare,doses_required,age-appropriate,2025,https://www.immunize.org/official-guidance/state-policies/vaccine-requirements/hib-childcare-2025/
Kentucky,Hib,Childcare,year_first_implemented,longstanding,2025,https://www.immunize.org/official-guidance/state-policies/vaccine-requirements/hib-childcare-2025/
Louisiana,Hib,Childcare,required,yes,2025,https://www.immunize.org/official-guidance/state-policies/vaccine-requirements/hib-childcare-2025/
Louisiana,Hib,Childcare,doses_required,age-appropriate,2025,https://www.immunize.org/official-guidance/state-policies/vaccine-requirements/hib-childcare-2025/
Louisiana,Hib,Childcare,year_first_implemented,longstanding,2025,https://www.immunize.org/official-guidance/state-policies/vaccine-requirements/hib-childcare-2025/
Maine,Hib,Childcare,required,yes,2025,https://www.immunize.org/official-guidance/state-policies/vaccine-requirements/hib-childcare-2025/
Maine,Hib,Childcare,doses_required,age-appropriate,2025,https://www.immunize.org/official-guidance/state-policies/vaccine-requirements/hib-childcare-2025/
Maine,Hib,Childcare,year_first_implemented,longstanding,2025,https://www.immunize.org/official-guidance/state-policies/vaccine-requirements/hib-childcare-2025/
Maryland,Hib,Childcare,required,yes,2025,https://www.immunize.org/official-guidance/state-policies/vaccine-requirements/hib-childcare-2025/
Maryland,Hib,Childcare,doses_required,age-appropriate,2025,https://www.immunize.org/official-guidance/state-policies/vaccine-requirements/hib-childcare-2025/
Maryland,Hib,Childcare,year_first_implemented,longstanding,2025,https://www.immunize.org/official-guidance/state-policies/vaccine-requirements/hib-childcare-2025/
Massachusetts,Hib,Childcare,required,yes,2025,https://www.immunize.org/official-guidance/state-policies/vaccine-requirements/hib-childcare-2025/
Massachusetts,Hib,Childcare,doses_required,age-appropriate,2025,https://www.immunize.org/official-guidance/state-policies/vaccine-requirements/hib-childcare-2025/
Massachusetts,Hib,Childcare,year_first_implemented,longstanding,2025,https://www.immunize.org/official-guidance/state-policies/vaccine-requirements/hib-childcare-2025/
Michigan,Hib,Childcare,required,yes,2025,https://www.immunize.org/official-guidance/state-policies/vaccine-requirements/hib-childcare-2025/
Michigan,Hib,Childcare,doses_required,age-appropriate,2025,https://www.immunize.org/official-guidance/state-policies/vaccine-requirements/hib-childcare-2025/
Michigan,Hib,Childcare,year_first_implemented,longstanding,2025,https://www.immunize.org/official-guidance/state-policies/vaccine-requirements/hib-childcare-2025/
Minnesota,Hib,Childcare,required,yes,2025,https://www.immunize.org/official-guidance/state-policies/vaccine-requirements/hib-childcare-2025/
Minnesota,Hib,Childcare,doses_required,age-appropriate,2025,https://www.immunize.org/official-guidance/state-policies/vaccine-requirements/hib-childcare-2025/
Minnesota,Hib,Childcare,year_first_implemented,longstanding,2025,https://www.immunize.org/official-guidance/state-policies/vaccine-requirements/hib-childcare-2025/
Mississippi,Hib,Childcare,required,yes,2025,https://www.immunize.org/official-guidance/state-policies/vaccine-requirements/hib-childcare-2025/
Mississippi,Hib,Childcare,doses_required,age-appropriate,2025,https://www.immunize.org/official-guidance/state-policies/vaccine-requirements/hib-childcare-2025/
Mississippi,Hib,Childcare,year_first_implemented,longstanding,2025,https://www.immunize.org/official-guidance/state-policies/vaccine-requirements/hib-childcare-2025/
Missouri,Hib,Childcare,required,yes,2025,https://www.immunize.org/official-guidance/state-policies/vaccine-requirements/hib-childcare-2025/
Missouri,Hib,Childcare,doses_required,age-appropriate,2025,https://www.immunize.org/official-guidance/state-policies/vaccine-requirements/hib-childcare-2025/
Missouri,Hib,Childcare,year_first_implemented,longstanding,2025,https://www.immunize.org/official-guidance/state-policies/vaccine-requirements/hib-childcare-2025/
Montana,Hib,Childcare,required,yes,2025,https://www.immunize.org/official-guidance/state-policies/vaccine-requirements/hib-childcare-2025/
Montana,Hib,Childcare,doses_required,age-appropriate,2025,https://www.immunize.org/official-guidance/state-policies/vaccine-requirements/hib-childcare-2025/
Montana,Hib,Childcare,year_first_implemented,longstanding,2025,https://www.immunize.org/official-guidance/state-policies/vaccine-requirements/hib-childcare-2025/
Nebraska,Hib,Childcare,required,yes,2025,https://www.immunize.org/official-guidance/state-policies/vaccine-requirements/hib-childcare-2025/
Nebraska,Hib,Childcare,doses_required,age-appropriate,2025,https://www.immunize.org/official-guidance/state-policies/vaccine-requirements/hib-childcare-2025/
Nebraska,Hib,Childcare,year_first_implemented,longstanding,2025,https://www.immunize.org/official-guidance/state-policies/vaccine-requirements/hib-childcare-2025/
Nevada,Hib,Childcare,required,yes,2025,https://www.immunize.org/official-guidance/state-policies/vaccine-requirements/hib-childcare-2025/
Nevada,Hib,Childcare,doses_required,age-appropriate,2025,https://www.immunize.org/official-guidance/state-policies/vaccine-requirements/hib-childcare-2025/
Nevada,Hib,Childcare,year_first_implemented,longstanding,2025,https://www.immunize.org/official-guidance/state-policies/vaccine-requirements/hib-childcare-2025/
New Hampshire,Hib,Childcare,required,yes,2025,https://www.immunize.org/official-guidance/state-policies/vaccine-requirements/hib-childcare-2025/
New Hampshire,Hib,Childcare,doses_required,age-appropriate,2025,https://www.immunize.org/official-guidance/state-policies/vaccine-requirements/hib-childcare-2025/
New Hampshire,Hib,Childcare,year_first_implemented,longstanding,2025,https://www.immunize.org/official-guidance/state-policies/vaccine-requirements/hib-childcare-2025/
New Jersey,Hib,Childcare,required,yes,2025,https://www.immunize.org/official-guidance/state-policies/vaccine-requirements/hib-childcare-2025/
New Jersey,Hib,Childcare,doses_required,age-appropriate,2025,https://www.immunize.org/official-guidance/state-policies/vaccine-requirements/hib-childcare-2025/
New Jersey,Hib,Childcare,year_first_implemented,longstanding,2025,https://www.immunize.org/official-guidance/state-policies/vaccine-requirements/hib-childcare-2025/
New Mexico,Hib,Childcare,required,yes,2025,https://www.immunize.org/official-guidance/state-policies/vaccine-requirements/hib-childcare-2025/
New Mexico,Hib,Childcare,doses_required,age-appropriate,2025,https://www.immunize.org/official-guidance/state-policies/vaccine-requirements/hib-childcare-2025/
New Mexico,Hib,Childcare,year_first_implemented,longstanding,2025,https://www.immunize.org/official-guidance/state-policies/vaccine-requirements/hib-childcare-2025/
New York,Hib,Childcare,required,yes,2025,https://www.immunize.org/official-guidance/state-policies/vaccine-requirements/hib-childcare-2025/
New York,Hib,Childcare,doses_required,age-appropriate,2025,https://www.immunize.org/official-guidance/state-policies/vaccine-requirements/hib-childcare-2025/
New York,Hib,Childcare,year_first_implemented,longstanding,2025,https://www.immunize.org/official-guidance/state-policies/vaccine-requirements/hib-childcare-2025/
North Carolina,Hib,Childcare,required,yes,2025,https://www.immunize.org/official-guidance/state-policies/vaccine-requirements/hib-childcare-2025/
North Carolina,Hib,Childcare,doses_required,age-appropriate,2025,https://www.immunize.org/official-guidance/state-policies/vaccine-requirements/hib-childcare-2025/
North Carolina,Hib,Childcare,year_first_implemented,longstanding,2025,https://www.immunize.org/official-guidance/state-policies/vaccine-requirements/hib-childcare-2025/
North Dakota,Hib,Childcare,required,yes,2025,https://www.immunize.org/official-guidance/state-policies/vaccine-requirements/hib-childcare-2025/
North Dakota,Hib,Childcare,doses_required,age-appropriate,2025,https://www.immunize.org/official-guidance/state-policies/vaccine-requirements/hib-childcare-2025/
North Dakota,Hib,Childcare,year_first_implemented,longstanding,2025,https://www.immunize.org/official-guidance/state-policies/vaccine-requirements/hib-childcare-2025/
Ohio,Hib,Childcare,required,yes,2025,https://www.immunize.org/official-guidance/state-policies/vaccine-requirements/hib-childcare-2025/
Ohio,Hib,Childcare,doses_required,age-appropriate,2025,https://www.immunize.org/official-guidance/state-policies/vaccine-requirements/hib-childcare-2025/
Ohio,Hib,Childcare,year_first_implemented,longstanding,2025,https://www.immunize.org/official-guidance/state-policies/vaccine-requirements/hib-childcare-2025/
Oklahoma,Hib,Childcare,required,yes,2025,https://www.immunize.org/official-guidance/state-policies/vaccine-requirements/hib-childcare-2025/
Oklahoma,Hib,Childcare,doses_required,age-appropriate,2025,https://www.immunize.org/official-guidance/state-policies/vaccine-requirements/hib-childcare-2025/
Oklahoma,Hib,Childcare,year_first_implemented,longstanding,2025,https://www.immunize.org/official-guidance/state-policies/vaccine-requirements/hib-childcare-2025/
Oregon,Hib,Childcare,required,yes,2025,https://www.immunize.org/official-guidance/state-policies/vaccine-requirements/hib-childcare-2025/
Oregon,Hib,Childcare,doses_required,age-appropriate,2025,https://www.immunize.org/official-guidance/state-policies/vaccine-requirements/hib-childcare-2025/
Oregon,Hib,Childcare,year_first_implemented,longstanding,2025,https://www.immunize.org/official-guidance/state-policies/vaccine-requirements/hib-childcare-2025/
Pennsylvania,Hib,Childcare,required,yes,2025,https://www.immunize.org/official-guidance/state-policies/vaccine-requirements/hib-childcare-2025/
Pennsylvania,Hib,Childcare,doses_required,age-appropriate,2025,https://www.immunize.org/official-guidance/state-policies/vaccine-requirements/hib-childcare-2025/
Pennsylvania,Hib,Childcare,year_first_implemented,longstanding,2025,https://www.immunize.org/official-guidance/state-policies/vaccine-requirements/hib-childcare-2025/
Rhode Island,Hib,Childcare,required,yes,2025,https://www.immunize.org/official-guidance/state-policies/vaccine-requirements/hib-childcare-2025/
Rhode Island,Hib,Childcare,doses_required,age-appropriate,2025,https://www.immunize.org/official-guidance/state-policies/vaccine-requirements/hib-childcare-2025/
Rhode Island,Hib,Childcare,year_first_implemented,longstanding,2025,https://www.immunize.org/official-guidance/state-policies/vaccine-requirements/hib-childcare-2025/
South Carolina,Hib,Childcare,required,yes,2025,https://www.immunize.org/official-guidance/state-policies/vaccine-requirements/hib-childcare-2025/
South Carolina,Hib,Childcare,doses_required,age-appropriate,2025,https://www.immunize.org/official-guidance/state-policies/vaccine-requirements/hib-childcare-2025/
South Carolina,Hib,Childcare,year_first_implemented,longstanding,2025,https://www.immunize.org/official-guidance/state-policies/vaccine-requirements/hib-childcare-2025/
South Dakota,Hib,Childcare,required,yes,2025,https://www.immunize.org/official-guidance/state-policies/vaccine-requirements/hib-childcare-2025/
South Dakota,Hib,Childcare,doses_required,age-appropriate,2025,https://www.immunize.org/official-guidance/state-policies/vaccine-requirements/hib-childcare-2025/
South Dakota,Hib,Childcare,year_first_implemented,longstanding,2025,https://www.immunize.org/official-guidance/state-policies/vaccine-requirements/hib-childcare-2025/
Tennessee,Hib,Childcare,required,yes,2025,https://www.immunize.org/official-guidance/state-policies/vaccine-requirements/hib-childcare-2025/
Tennessee,Hib,Childcare,doses_required,age-appropriate,2025,https://www.immunize.org/official-guidance/state-policies/vaccine-requirements/hib-childcare-2025/
Tennessee,Hib,Childcare,year_first_implemented,longstanding,2025,https://www.immunize.org/official-guidance/state-policies/vaccine-requirements/hib-childcare-2025/
Texas,Hib,Childcare,required,yes,2025,https://www.immunize.org/official-guidance/state-policies/vaccine-requirements/hib-childcare-2025/
Texas,Hib,Childcare,doses_required,age-appropriate,2025,https://www.immunize.org/official-guidance/state-policies/vaccine-requirements/hib-childcare-2025/
Texas,Hib,Childcare,year_first_implemented,longstanding,2025,https://www.immunize.org/official-guidance/state-policies/vaccine-requirements/hib-childcare-2025/
Utah,Hib,Childcare,required,yes,2025,https://www.immunize.org/official-guidance/state-policies/vaccine-requirements/hib-childcare-2025/
Utah,Hib,Childcare,doses_required,age-appropriate,2025,https://www.immunize.org/official-guidance/state-policies/vaccine-requirements/hib-childcare-2025/
Utah,Hib,Childcare,year_first_implemented,longstanding,2025,https://www.immunize.org/official-guidance/state-policies/vaccine-requirements/hib-childcare-2025/
Vermont,Hib,Childcare,required,yes,2025,https://www.immunize.org/official-guidance/state-policies/vaccine-requirements/hib-childcare-2025/
Vermont,Hib,Childcare,doses_required,age-appropriate,2025,https://www.immunize.org/official-guidance/state-policies/vaccine-requirements/hib-childcare-2025/
Vermont,Hib,Childcare,year_first_implemented,longstanding,2025,https://www.immunize.org/official-guidance/state-policies/vaccine-requirements/hib-childcare-2025/
Virginia,Hib,Childcare,required,yes,2025,https://www.immunize.org/official-guidance/state-policies/vaccine-requirements/hib-childcare-2025/
Virginia,Hib,Childcare,doses_required,age-appropriate,2025,https://www.immunize.org/official-guidance/state-policies/vaccine-requirements/hib-childcare-2025/
Virginia,Hib,Childcare,year_first_implemented,longstanding,2025,https://www.immunize.org/official-guidance/state-policies/vaccine-requirements/hib-childcare-2025/
Washington,Hib,Childcare,required,yes,2025,https://www.immunize.org/official-guidance/state-policies/vaccine-requirements/hib-childcare-2025/
Washington,Hib,Childcare,doses_required,age-appropriate,2025,https://www.immunize.org/official-guidance/state-policies/vaccine-requirements/hib-childcare-2025/
Washington,Hib,Childcare,year_first_implemented,longstanding,2025,https://www.immunize.org/official-guidance/state-policies/vaccine-requirements/hib-childcare-2025/
Wisconsin,Hib,Childcare,required,yes,2025,https://www.immunize.org/official-guidance/state-policies/vaccine-requirements/hib-childcare-2025/
Wisconsin,Hib,Childcare,doses_required,age-appropriate,2025,https://www.immunize.org/official-guidance/state-policies/vaccine-requirements/hib-childcare-2025/
Wisconsin,Hib,Childcare,year_first_implemented,longstanding,2025,https://www.immunize.org/official-guidance/state-policies/vaccine-requirements/hib-childcare-2025/
Wyoming,Hib,Childcare,required,yes,2025,https://www.immunize.org/official-guidance/state-policies/vaccine-requirements/hib-childcare-2025/
Wyoming,Hib,Childcare,doses_required,age-appropriate,2025,https://www.immunize.org/official-guidance/state-policies/vaccine-requirements/hib-childcare-2025/
Wyoming,Hib,Childcare,year_first_implemented,longstanding,2025,https://www.immunize.org/official-guidance/state-policies/vaccine-requirements/hib-childcare-2025/
District of Columbia,HPV,School,required,yes,2025,https://www.immunize.org/official-guidance/state-policies/vaccine-requirements/hpv-secondary-2025/
District of Columbia,HPV,School,doses_required,age-appropriate,2025,https://www.immunize.org/official-guidance/state-policies/vaccine-requirements/hpv-secondary-2025/
District of Columbia,HPV,School,grades_included,"Gr 7, Gr 11",2025,https://www.immunize.org/official-guidance/state-policies/vaccine-requirements/hpv-secondary-2025/
District of Columbia,HPV,School,year_first_implemented,2014,2025,https://www.immunize.org/official-guidance/state-policies/vaccine-requirements/hpv-secondary-2025/
Hawaii,HPV,School,required,yes,2025,https://www.immunize.org/official-guidance/state-policies/vaccine-requirements/hpv-secondary-2025/
Hawaii,HPV,School,doses_required,age-appropriate,2025,https://www.immunize.org/official-guidance/state-policies/vaccine-requirements/hpv-secondary-2025/
Hawaii,HPV,School,grades_included,Gr 7–12,2025,https://www.immunize.org/official-guidance/state-policies/vaccine-requirements/hpv-secondary-2025/
Hawaii,HPV,School,year_first_implemented,2020,2025,https://www.immunize.org/official-guidance/state-policies/vaccine-requirements/hpv-secondary-2025/
Rhode Island,HPV,School,required,yes,2025,https://www.immunize.org/official-guidance/state-policies/vaccine-requirements/hpv-secondary-2025/
Rhode Island,HPV,School,doses_required,age-appropriate,2025,https://www.immunize.org/official-guidance/state-policies/vaccine-requirements/hpv-secondary-2025/
Rhode Island,HPV,School,grades_included,Gr 7,2025,https://www.immunize.org/official-guidance/state-policies/vaccine-requirements/hpv-secondary-2025/
Rhode Island,HPV,School,year_first_implemented,2015,2025,https://www.immunize.org/official-guidance/state-policies/vaccine-requirements/hpv-secondary-2025/
Virginia,HPV,School,required,yes,2025,https://www.immunize.org/official-guidance/state-policies/vaccine-requirements/hpv-secondary-2025/
Virginia,HPV,School,doses_required,age-appropriate,2025,https://www.immunize.org/official-guidance/state-policies/vaccine-requirements/hpv-secondary-2025/
Virginia,HPV,School,grades_included,Gr 7,2025,https://www.immunize.org/official-guidance/state-policies/vaccine-requirements/hpv-secondary-2025/
Virginia,HPV,School,year_first_implemented,2021,2025,https://www.immunize.org/official-guidance/state-policies/vaccine-requirements/hpv-secondary-2025/
Connecticut,Influenza,Childcare,required,yes,2025,https://www.immunize.org/official-guidance/state-policies/vaccine-requirements/influenza-childcare-2025/
Connecticut,Influenza,Childcare,population_subject,childcare and pre-K enrollees age 6–59 months,2025,https://www.immunize.org/official-guidance/state-policies/vaccine-requirements/influenza-childcare-2025/
Connecticut,Influenza,Childcare,year_first_implemented,2011,2025,https://www.immunize.org/official-guidance/state-policies/vaccine-requirements/influenza-childcare-2025/
New Jersey,Influenza,Childcare,required,yes,2025,https://www.immunize.org/official-guidance/state-policies/vaccine-requirements/influenza-childcare-2025/
New Jersey,Influenza,Childcare,population_subject,childcare and preschool enrollees age 6–59 months,2025,https://www.immunize.org/official-guidance/state-policies/vaccine-requirements/influenza-childcare-2025/
New Jersey,Influenza,Childcare,year_first_implemented,2008,2025,https://www.immunize.org/official-guidance/state-policies/vaccine-requirements/influenza-childcare-2025/
Ohio,Influenza,Childcare,required,yes,2025,https://www.immunize.org/official-guidance/state-policies/vaccine-requirements/influenza-childcare-2025/
Ohio,Influenza,Childcare,population_subject,childcare enrollees,2025,https://www.immunize.org/official-guidance/state-policies/vaccine-requirements/influenza-childcare-2025/
Ohio,Influenza,Childcare,year_first_implemented,2015,2025,https://www.immunize.org/official-guidance/state-policies/vaccine-requirements/influenza-childcare-2025/
Pennsylvania,Influenza,Childcare,required,yes,2025,https://www.immunize.org/official-guidance/state-policies/vaccine-requirements/influenza-childcare-2025/
Pennsylvania,Influenza,Childcare,population_subject,childcare enrollees,2025,https://www.immunize.org/official-guidance/state-policies/vaccine-requirements/influenza-childcare-2025/
Pennsylvania,Influenza,Childcare,year_first_implemented,2015,2025,https://www.immunize.org/official-guidance/state-policies/vaccine-requirements/influenza-childcare-2025/
Rhode Island,Influenza,Childcare,required,yes,2025,https://www.immunize.org/official-guidance/state-policies/vaccine-requirements/influenza-childcare-2025/
Rhode Island,Influenza,Childcare,population_subject,childcare and preschool enrollees,2025,https://www.immunize.org/official-guidance/state-policies/vaccine-requirements/influenza-childcare-2025/
Rhode Island,Influenza,Childcare,year_first_implemented,2018,2025,https://www.immunize.org/official-guidance/state-policies/vaccine-requirements/influenza-childcare-2025/
Arizona,MenACWY,School,required,yes,2025,https://www.immunize.org/official-guidance/state-policies/vaccine-requirements/menacwy-school-2025/
Arizona,MenACWY,School,year_first_implemented,2008,2025,https://www.immunize.org/official-guidance/state-policies/vaccine-requirements/menacwy-school-2025/
Arizona,MenACWY,School,note_1dose,Gr 6 if age 11 or older,2025,https://www.immunize.org/official-guidance/state-policies/vaccine-requirements/menacwy-school-2025/
Arkansas,MenACWY,School,required,yes,2025,https://www.immunize.org/official-guidance/state-policies/vaccine-requirements/menacwy-school-2025/
Arkansas,MenACWY,School,year_first_implemented,2014,2025,https://www.immunize.org/official-guidance/state-policies/vaccine-requirements/menacwy-school-2025/
Arkansas,MenACWY,School,note_1dose,Gr 7,2025,https://www.immunize.org/official-guidance/state-policies/vaccine-requirements/menacwy-school-2025/
Arkansas,MenACWY,School,note_dose_age16,age 16,2025,https://www.immunize.org/official-guidance/state-policies/vaccine-requirements/menacwy-school-2025/
Connecticut,MenACWY,School,required,yes,2025,https://www.immunize.org/official-guidance/state-policies/vaccine-requirements/menacwy-school-2025/
Connecticut,MenACWY,School,year_first_implemented,2011,2025,https://www.immunize.org/official-guidance/state-policies/vaccine-requirements/menacwy-school-2025/
Connecticut,MenACWY,School,note_1dose,Gr 7,2025,https://www.immunize.org/official-guidance/state-policies/vaccine-requirements/menacwy-school-2025/
Delaware,MenACWY,School,required,yes,2025,https://www.immunize.org/official-guidance/state-policies/vaccine-requirements/menacwy-school-2025/
Delaware,MenACWY,School,year_first_implemented,2016,2025,https://www.immunize.org/official-guidance/state-policies/vaccine-requirements/menacwy-school-2025/
Delaware,MenACWY,School,note_1dose,Gr 9–12,2025,https://www.immunize.org/official-guidance/state-policies/vaccine-requirements/menacwy-school-2025/
District of Columbia,MenACWY,School,required,yes,2025,https://www.immunize.org/official-guidance/state-policies/vaccine-requirements/menacwy-school-2025/
District of Columbia,MenACWY,School,year_first_implemented,2009,2025,https://www.immunize.org/official-guidance/state-policies/vaccine-requirements/menacwy-school-2025/
District of Columbia,MenACWY,School,note_1dose,Gr 6–12 if age 11 or older,2025,https://www.immunize.org/official-guidance/state-policies/vaccine-requirements/menacwy-school-2025/
District of Columbia,MenACWY,School,note_dose_age16,age 16,2025,https://www.immunize.org/official-guidance/state-policies/vaccine-requirements/menacwy-school-2025/
Georgia,MenACWY,School,required,yes,2025,https://www.immunize.org/official-guidance/state-policies/vaccine-requirements/menacwy-school-2025/
Georgia,MenACWY,School,year_first_implemented,2014,2025,https://www.immunize.org/official-guidance/state-policies/vaccine-requirements/menacwy-school-2025/
Georgia,MenACWY,School,historical_note,2014: Gr 7; new enrollees Gr 8–12 2021: new entrants; transfer students Gr 11,2025,https://www.immunize.org/official-guidance/state-policies/vaccine-requirements/menacwy-school-2025/
Georgia,MenACWY,School,note_1dose,Gr 7; new enrollees Gr 8–12,2025,https://www.immunize.org/official-guidance/state-policies/vaccine-requirements/menacwy-school-2025/
Georgia,MenACWY,School,note_dose_age16,Gr 11,2025,https://www.immunize.org/official-guidance/state-policies/vaccine-requirements/menacwy-school-2025/
Hawaii,MenACWY,School,required,yes,2025,https://www.immunize.org/official-guidance/state-policies/vaccine-requirements/menacwy-school-2025/
Hawaii,MenACWY,School,year_first_implemented,2020,2025,https://www.immunize.org/official-guidance/state-policies/vaccine-requirements/menacwy-school-2025/
Hawaii,MenACWY,School,note_1dose,new enrollees Gr 7–12,2025,https://www.immunize.org/official-guidance/state-policies/vaccine-requirements/menacwy-school-2025/
Hawaii,MenACWY,School,note_dose_age16,age 16,2025,https://www.immunize.org/official-guidance/state-policies/vaccine-requirements/menacwy-school-2025/
Idaho,MenACWY,School,required,yes,2025,https://www.immunize.org/official-guidance/state-policies/vaccine-requirements/menacwy-school-2025/
Idaho,MenACWY,School,year_first_implemented,2015,2025,https://www.immunize.org/official-guidance/state-policies/vaccine-requirements/menacwy-school-2025/
Idaho,MenACWY,School,historical_note,2019: Gr 12 added (effective 2020-2021 school yr),2025,https://www.immunize.org/official-guidance/state-policies/vaccine-requirements/menacwy-school-2025/
Idaho,MenACWY,School,note_1dose,Gr 7,2025,https://www.immunize.org/official-guidance/state-policies/vaccine-requirements/menacwy-school-2025/
Idaho,MenACWY,School,note_dose_age16,Gr 12,2025,https://www.immunize.org/official-guidance/state-policies/vaccine-requirements/menacwy-school-2025/
Illinois,MenACWY,School,required,yes,2025,https://www.immunize.org/official-guidance/state-policies/vaccine-requirements/menacwy-school-2025/
Illinois,MenACWY,School,year_first_implemented,2015,2025,https://www.immunize.org/official-guidance/state-policies/vaccine-requirements/menacwy-school-2025/
Illinois,MenACWY,School,note_1dose,Gr 6,2025,https://www.immunize.org/official-guidance/state-policies/vaccine-requirements/menacwy-school-2025/
Illinois,MenACWY,School,note_dose_age16,Gr 12,2025,https://www.immunize.org/official-guidance/state-policies/vaccine-requirements/menacwy-school-2025/
Indiana,MenACWY,School,required,yes,2025,https://www.immunize.org/official-guidance/state-policies/vaccine-requirements/menacwy-school-2025/
Indiana,MenACWY,School,year_first_implemented,2015,2025,https://www.immunize.org/official-guidance/state-policies/vaccine-requirements/menacwy-school-2025/
Indiana,MenACWY,School,note_1dose,Gr 6–11,2025,https://www.immunize.org/official-guidance/state-policies/vaccine-requirements/menacwy-school-2025/
Indiana,MenACWY,School,note_dose_age16,Gr 12,2025,https://www.immunize.org/official-guidance/state-policies/vaccine-requirements/menacwy-school-2025/
Iowa,MenACWY,School,required,yes,2025,https://www.immunize.org/official-guidance/state-policies/vaccine-requirements/menacwy-school-2025/
Iowa,MenACWY,School,year_first_implemented,2017,2025,https://www.immunize.org/official-guidance/state-policies/vaccine-requirements/menacwy-school-2025/
Iowa,MenACWY,School,note_1dose,Gr 7–12,2025,https://www.immunize.org/official-guidance/state-policies/vaccine-requirements/menacwy-school-2025/
Iowa,MenACWY,School,note_dose_age16,Gr 12,2025,https://www.immunize.org/official-guidance/state-policies/vaccine-requirements/menacwy-school-2025/
Kansas,MenACWY,School,required,yes,2025,https://www.immunize.org/official-guidance/state-policies/vaccine-requirements/menacwy-school-2025/
Kansas,MenACWY,School,year_first_implemented,2019,2025,https://www.immunize.org/official-guidance/state-policies/vaccine-requirements/menacwy-school-2025/
Kansas,MenACWY,School,note_1dose,"Gr 7, Gr 11",2025,https://www.immunize.org/official-guidance/state-policies/vaccine-requirements/menacwy-school-2025/
Kansas,MenACWY,School,note_dose_age16,Gr 11,2025,https://www.immunize.org/official-guidance/state-policies/vaccine-requirements/menacwy-school-2025/
Kentucky,MenACWY,School,required,yes,2025,https://www.immunize.org/official-guidance/state-policies/vaccine-requirements/menacwy-school-2025/
Kentucky,MenACWY,School,year_first_implemented,2018,2025,https://www.immunize.org/official-guidance/state-policies/vaccine-requirements/menacwy-school-2025/
Kentucky,MenACWY,School,note_1dose,Age 11–15,2025,https://www.immunize.org/official-guidance/state-policies/vaccine-requirements/menacwy-school-2025/
Kentucky,MenACWY,School,note_dose_age16,age 16 or older,2025,https://www.immunize.org/official-guidance/state-policies/vaccine-requirements/menacwy-school-2025/
Louisiana,MenACWY,School,required,yes,2025,https://www.immunize.org/official-guidance/state-policies/vaccine-requirements/menacwy-school-2025/
Louisiana,MenACWY,School,historical_note,2009: Gr 6 2019: Gr 11,2025,https://www.immunize.org/official-guidance/state-policies/vaccine-requirements/menacwy-school-2025/
Louisiana,MenACWY,School,note_1dose,Gr 6,2025,https://www.immunize.org/official-guidance/state-policies/vaccine-requirements/menacwy-school-2025/
Louisiana,MenACWY,School,note_dose_age16,Gr 11,2025,https://www.immunize.org/official-guidance/state-policies/vaccine-requirements/menacwy-school-2025/
Maine,MenACWY,School,required,yes,2025,https://www.immunize.org/official-guidance/state-policies/vaccine-requirements/menacwy-school-2025/
Maine,MenACWY,School,year_first_implemented,2018,2025,https://www.immunize.org/official-guidance/state-policies/vaccine-requirements/menacwy-school-2025/
Maine,MenACWY,School,note_1dose,Gr 7,2025,https://www.immunize.org/official-guidance/state-policies/vaccine-requirements/menacwy-school-2025/
Maine,MenACWY,School,note_dose_age16,Gr 12,2025,https://www.immunize.org/official-guidance/state-policies/vaccine-requirements/menacwy-school-2025/
Maryland,MenACWY,School,required,yes,2025,https://www.immunize.org/official-guidance/state-policies/vaccine-requirements/menacwy-school-2025/
Maryland,MenACWY,School,year_first_implemented,2014,2025,https://www.immunize.org/official-guidance/state-policies/vaccine-requirements/menacwy-school-2025/
Maryland,MenACWY,School,note_1dose,Gr 7–12,2025,https://www.immunize.org/official-guidance/state-policies/vaccine-requirements/menacwy-school-2025/
Massachusetts,MenACWY,School,required,yes,2025,https://www.immunize.org/official-guidance/state-policies/vaccine-requirements/menacwy-school-2025/
Massachusetts,MenACWY,School,year_first_implemented,2005,2025,https://www.immunize.org/official-guidance/state-policies/vaccine-requirements/menacwy-school-2025/
Massachusetts,MenACWY,School,historical_note,2009: Gr 7–12 if residing in on-campus housing 2020: all students Gr 7–12,2025,https://www.immunize.org/official-guidance/state-policies/vaccine-requirements/menacwy-school-2025/
Massachusetts,MenACWY,School,note_1dose,Gr 7–12,2025,https://www.immunize.org/official-guidance/state-policies/vaccine-requirements/menacwy-school-2025/
Massachusetts,MenACWY,School,note_dose_age16,Gr 11–12,2025,https://www.immunize.org/official-guidance/state-policies/vaccine-requirements/menacwy-school-2025/
Michigan,MenACWY,School,required,yes,2025,https://www.immunize.org/official-guidance/state-policies/vaccine-requirements/menacwy-school-2025/
Michigan,MenACWY,School,year_first_implemented,2010,2025,https://www.immunize.org/official-guidance/state-policies/vaccine-requirements/menacwy-school-2025/
Michigan,MenACWY,School,note_1dose,Gr 7; transfer students age 7 through 18,2025,https://www.immunize.org/official-guidance/state-policies/vaccine-requirements/menacwy-school-2025/
Minnesota,MenACWY,School,required,yes,2025,https://www.immunize.org/official-guidance/state-policies/vaccine-requirements/menacwy-school-2025/
Minnesota,MenACWY,School,year_first_implemented,2014,2025,https://www.immunize.org/official-guidance/state-policies/vaccine-requirements/menacwy-school-2025/
Minnesota,MenACWY,School,note_1dose,Gr 7,2025,https://www.immunize.org/official-guidance/state-policies/vaccine-requirements/menacwy-school-2025/
Minnesota,MenACWY,School,note_dose_age16,age-appropriate,2025,https://www.immunize.org/official-guidance/state-policies/vaccine-requirements/menacwy-school-2025/
Missouri,MenACWY,School,required,yes,2025,https://www.immunize.org/official-guidance/state-policies/vaccine-requirements/menacwy-school-2025/
Missouri,MenACWY,School,year_first_implemented,2016,2025,https://www.immunize.org/official-guidance/state-policies/vaccine-requirements/menacwy-school-2025/
Missouri,MenACWY,School,note_1dose,Gr 8–11,2025,https://www.immunize.org/official-guidance/state-policies/vaccine-requirements/menacwy-school-2025/
Missouri,MenACWY,School,note_dose_age16,Gr 12,2025,https://www.immunize.org/official-guidance/state-policies/vaccine-requirements/menacwy-school-2025/
Nevada,MenACWY,School,required,yes,2025,https://www.immunize.org/official-guidance/state-policies/vaccine-requirements/menacwy-school-2025/
Nevada,MenACWY,School,year_first_implemented,2022,2025,https://www.immunize.org/official-guidance/state-policies/vaccine-requirements/menacwy-school-2025/
Nevada,MenACWY,School,note_1dose,"Gr 7, Gr 12",2025,https://www.immunize.org/official-guidance/state-policies/vaccine-requirements/menacwy-school-2025/
Nevada,MenACWY,School,note_dose_age16,Gr 12,2025,https://www.immunize.org/official-guidance/state-policies/vaccine-requirements/menacwy-school-2025/
New Jersey,MenACWY,School,required,yes,2025,https://www.immunize.org/official-guidance/state-policies/vaccine-requirements/menacwy-school-2025/
New Jersey,MenACWY,School,year_first_implemented,2008,2025,https://www.immunize.org/official-guidance/state-policies/vaccine-requirements/menacwy-school-2025/
New Jersey,MenACWY,School,note_1dose,Gr 6–12 if age 11 or older,2025,https://www.immunize.org/official-guidance/state-policies/vaccine-requirements/menacwy-school-2025/
New Mexico,MenACWY,School,required,yes,2025,https://www.immunize.org/official-guidance/state-policies/vaccine-requirements/menacwy-school-2025/
New Mexico,MenACWY,School,year_first_implemented,2023,2025,https://www.immunize.org/official-guidance/state-policies/vaccine-requirements/menacwy-school-2025/
New Mexico,MenACWY,School,note_1dose,Gr 7–11,2025,https://www.immunize.org/official-guidance/state-policies/vaccine-requirements/menacwy-school-2025/
New Mexico,MenACWY,School,note_dose_age16,Gr 12,2025,https://www.immunize.org/official-guidance/state-policies/vaccine-requirements/menacwy-school-2025/
New York,MenACWY,School,required,yes,2025,https://www.immunize.org/official-guidance/state-policies/vaccine-requirements/menacwy-school-2025/
New York,MenACWY,School,year_first_implemented,2016,2025,https://www.immunize.org/official-guidance/state-policies/vaccine-requirements/menacwy-school-2025/
New York,MenACWY,School,note_1dose,"Gr 7, Gr 12",2025,https://www.immunize.org/official-guidance/state-policies/vaccine-requirements/menacwy-school-2025/
New York,MenACWY,School,note_dose_age16,Gr 12,2025,https://www.immunize.org/official-guidance/state-policies/vaccine-requirements/menacwy-school-2025/
North Carolina,MenACWY,School,required,yes,2025,https://www.immunize.org/official-guidance/state-policies/vaccine-requirements/menacwy-school-2025/
North Carolina,MenACWY,School,year_first_implemented,2020,2025,https://www.immunize.org/official-guidance/state-policies/vaccine-requirements/menacwy-school-2025/
North Carolina,MenACWY,School,historical_note,2015: Gr 7 2020: Gr 12,2025,https://www.immunize.org/official-guidance/state-policies/vaccine-requirements/menacwy-school-2025/
North Carolina,MenACWY,School,note_1dose,Gr 7,2025,https://www.immunize.org/official-guidance/state-policies/vaccine-requirements/menacwy-school-2025/
North Carolina,MenACWY,School,note_dose_age16,Gr 12,2025,https://www.immunize.org/official-guidance/state-policies/vaccine-requirements/menacwy-school-2025/
North Dakota,MenACWY,School,required,yes,2025,https://www.immunize.org/official-guidance/state-policies/vaccine-requirements/menacwy-school-2025/
North Dakota,MenACWY,School,year_first_implemented,2018,2025,https://www.immunize.org/official-guidance/state-policies/vaccine-requirements/menacwy-school-2025/
North Dakota,MenACWY,School,historical_note,2014: Gr 7 2018: Gr 11–12,2025,https://www.immunize.org/official-guidance/state-policies/vaccine-requirements/menacwy-school-2025/
North Dakota,MenACWY,School,note_1dose,Gr 7–10,2025,https://www.immunize.org/official-guidance/state-policies/vaccine-requirements/menacwy-school-2025/
North Dakota,MenACWY,School,note_dose_age16,Gr 11–12,2025,https://www.immunize.org/official-guidance/state-policies/vaccine-requirements/menacwy-school-2025/
Ohio,MenACWY,School,required,yes,2025,https://www.immunize.org/official-guidance/state-policies/vaccine-requirements/menacwy-school-2025/
Ohio,MenACWY,School,year_first_implemented,2016,2025,https://www.immunize.org/official-guidance/state-policies/vaccine-requirements/menacwy-school-2025/
Ohio,MenACWY,School,note_1dose,Gr 7–11,2025,https://www.immunize.org/official-guidance/state-policies/vaccine-requirements/menacwy-school-2025/
Ohio,MenACWY,School,note_dose_age16,Gr 12,2025,https://www.immunize.org/official-guidance/state-policies/vaccine-requirements/menacwy-school-2025/
Pennsylvania,MenACWY,School,required,yes,2025,https://www.immunize.org/official-guidance/state-policies/vaccine-requirements/menacwy-school-2025/
Pennsylvania,MenACWY,School,year_first_implemented,2011,2025,https://www.immunize.org/official-guidance/state-policies/vaccine-requirements/menacwy-school-2025/
Pennsylvania,MenACWY,School,historical_note,2011: Gr 7 2017: Gr 12,2025,https://www.immunize.org/official-guidance/state-policies/vaccine-requirements/menacwy-school-2025/
Pennsylvania,MenACWY,School,note_1dose,Gr 7,2025,https://www.immunize.org/official-guidance/state-policies/vaccine-requirements/menacwy-school-2025/
Pennsylvania,MenACWY,School,note_dose_age16,Gr 12,2025,https://www.immunize.org/official-guidance/state-policies/vaccine-requirements/menacwy-school-2025/
Rhode Island,MenACWY,School,required,yes,2025,https://www.immunize.org/official-guidance/state-policies/vaccine-requirements/menacwy-school-2025/
Rhode Island,MenACWY,School,year_first_implemented,2009,2025,https://www.immunize.org/official-guidance/state-policies/vaccine-requirements/menacwy-school-2025/
Rhode Island,MenACWY,School,note_1dose,Gr 7–12,2025,https://www.immunize.org/official-guidance/state-policies/vaccine-requirements/menacwy-school-2025/
Rhode Island,MenACWY,School,note_dose_age16,Gr 12,2025,https://www.immunize.org/official-guidance/state-policies/vaccine-requirements/menacwy-school-2025/
South Dakota,MenACWY,School,required,yes,2025,https://www.immunize.org/official-guidance/state-policies/vaccine-requirements/menacwy-school-2025/
South Dakota,MenACWY,School,year_first_implemented,2016,2025,https://www.immunize.org/official-guidance/state-policies/vaccine-requirements/menacwy-school-2025/
South Dakota,MenACWY,School,note_1dose,Gr 6 if age 11 or older; transfer students Gr 6–12,2025,https://www.immunize.org/official-guidance/state-policies/vaccine-requirements/menacwy-school-2025/
Texas,MenACWY,School,required,yes,2025,https://www.immunize.org/official-guidance/state-policies/vaccine-requirements/menacwy-school-2025/
Texas,MenACWY,School,year_first_implemented,2016,2025,https://www.immunize.org/official-guidance/state-policies/vaccine-requirements/menacwy-school-2025/
Texas,MenACWY,School,note_1dose,Gr 7–12,2025,https://www.immunize.org/official-guidance/state-policies/vaccine-requirements/menacwy-school-2025/
Utah,MenACWY,School,required,yes,2025,https://www.immunize.org/official-guidance/state-policies/vaccine-requirements/menacwy-school-2025/
Utah,MenACWY,School,year_first_implemented,2015,2025,https://www.immunize.org/official-guidance/state-policies/vaccine-requirements/menacwy-school-2025/
Utah,MenACWY,School,note_1dose,Gr 7,2025,https://www.immunize.org/official-guidance/state-policies/vaccine-requirements/menacwy-school-2025/
Vermont,MenACWY,School,required,yes,2025,https://www.immunize.org/official-guidance/state-policies/vaccine-requirements/menacwy-school-2025/
Vermont,MenACWY,School,year_first_implemented,2008,2025,https://www.immunize.org/official-guidance/state-policies/vaccine-requirements/menacwy-school-2025/
Vermont,MenACWY,School,note_1dose,Gr 7–12 in residential schools,2025,https://www.immunize.org/official-guidance/state-policies/vaccine-requirements/menacwy-school-2025/
Virginia,MenACWY,School,required,yes,2025,https://www.immunize.org/official-guidance/state-policies/vaccine-requirements/menacwy-school-2025/
Virginia,MenACWY,School,year_first_implemented,2021,2025,https://www.immunize.org/official-guidance/state-policies/vaccine-requirements/menacwy-school-2025/
Virginia,MenACWY,School,note_1dose,Gr 7,2025,https://www.immunize.org/official-guidance/state-policies/vaccine-requirements/menacwy-school-2025/
Virginia,MenACWY,School,note_dose_age16,Gr 12,2025,https://www.immunize.org/official-guidance/state-policies/vaccine-requirements/menacwy-school-2025/
West Virginia,MenACWY,School,required,yes,2025,https://www.immunize.org/official-guidance/state-policies/vaccine-requirements/menacwy-school-2025/
West Virginia,MenACWY,School,year_first_implemented,2012,2025,https://www.immunize.org/official-guidance/state-policies/vaccine-requirements/menacwy-school-2025/
West Virginia,MenACWY,School,note_1dose,"Gr 7, Gr 12",2025,https://www.immunize.org/official-guidance/state-policies/vaccine-requirements/menacwy-school-2025/
West Virginia,MenACWY,School,note_dose_age16,Gr 12,2025,https://www.immunize.org/official-guidance/state-policies/vaccine-requirements/menacwy-school-2025/
Wisconsin,MenACWY,School,required,yes,2025,https://www.immunize.org/official-guidance/state-policies/vaccine-requirements/menacwy-school-2025/
Wisconsin,MenACWY,School,year_first_implemented,2024,2025,https://www.immunize.org/official-guidance/state-policies/vaccine-requirements/menacwy-school-2025/
Wisconsin,MenACWY,School,note_1dose,Gr 7,2025,https://www.immunize.org/official-guidance/state-policies/vaccine-requirements/menacwy-school-2025/
Wisconsin,MenACWY,School,note_dose_age16,Gr 12,2025,https://www.immunize.org/official-guidance/state-policies/vaccine-requirements/menacwy-school-2025/
Colorado,MenACWY,College,population_subject,new college or university students residing in student housing,2025,https://www.immunize.org/official-guidance/state-policies/vaccine-requirements/menacwy-college-2025/
Colorado,MenACWY,College,type_of_institution,all colleges and universities,2025,https://www.immunize.org/official-guidance/state-policies/vaccine-requirements/menacwy-college-2025/
Colorado,MenACWY,College,year_first_implemented,2005,2025,https://www.immunize.org/official-guidance/state-policies/vaccine-requirements/menacwy-college-2025/
Connecticut,MenACWY,College,population_subject,incoming students in on-campus housing,2025,https://www.immunize.org/official-guidance/state-policies/vaccine-requirements/menacwy-college-2025/
Connecticut,MenACWY,College,type_of_institution,all colleges and universities,2025,https://www.immunize.org/official-guidance/state-policies/vaccine-requirements/menacwy-college-2025/
Connecticut,MenACWY,College,year_first_implemented,2002,2025,https://www.immunize.org/official-guidance/state-policies/vaccine-requirements/menacwy-college-2025/
Delaware,MenACWY,College,population_subject,all incoming students,2025,https://www.immunize.org/official-guidance/state-policies/vaccine-requirements/menacwy-college-2025/
Delaware,MenACWY,College,type_of_institution,all with on-campus housing,2025,https://www.immunize.org/official-guidance/state-policies/vaccine-requirements/menacwy-college-2025/
Delaware,MenACWY,College,year_first_implemented,2017,2025,https://www.immunize.org/official-guidance/state-policies/vaccine-requirements/menacwy-college-2025/
Delaware,MenACWY,College,comment,dose required within 5 years before enrollment,2025,https://www.immunize.org/official-guidance/state-policies/vaccine-requirements/menacwy-college-2025/
District of Columbia,MenACWY,College,population_subject,all students,2025,https://www.immunize.org/official-guidance/state-policies/vaccine-requirements/menacwy-college-2025/
District of Columbia,MenACWY,College,type_of_institution,all post-secondary institutions,2025,https://www.immunize.org/official-guidance/state-policies/vaccine-requirements/menacwy-college-2025/
District of Columbia,MenACWY,College,year_first_implemented,2008,2025,https://www.immunize.org/official-guidance/state-policies/vaccine-requirements/menacwy-college-2025/
Florida,MenACWY,College,population_subject,all students in on-campus housing,2025,https://www.immunize.org/official-guidance/state-policies/vaccine-requirements/menacwy-college-2025/
Florida,MenACWY,College,type_of_institution,all colleges and universities,2025,https://www.immunize.org/official-guidance/state-policies/vaccine-requirements/menacwy-college-2025/
Florida,MenACWY,College,year_first_implemented,2003,2025,https://www.immunize.org/official-guidance/state-policies/vaccine-requirements/menacwy-college-2025/
Georgia,MenACWY,College,population_subject,incoming students in on-campus housing or fraternity/sorority houses,2025,https://www.immunize.org/official-guidance/state-policies/vaccine-requirements/menacwy-college-2025/
Georgia,MenACWY,College,type_of_institution,university system,2025,https://www.immunize.org/official-guidance/state-policies/vaccine-requirements/menacwy-college-2025/
Georgia,MenACWY,College,year_first_implemented,2015,2025,https://www.immunize.org/official-guidance/state-policies/vaccine-requirements/menacwy-college-2025/
Hawaii,MenACWY,College,population_subject,first-year students in on-campus housing,2025,https://www.immunize.org/official-guidance/state-policies/vaccine-requirements/menacwy-college-2025/
Hawaii,MenACWY,College,type_of_institution,all post-secondary institutions,2025,https://www.immunize.org/official-guidance/state-policies/vaccine-requirements/menacwy-college-2025/
Hawaii,MenACWY,College,year_first_implemented,2020,2025,https://www.immunize.org/official-guidance/state-policies/vaccine-requirements/menacwy-college-2025/
Illinois,MenACWY,College,population_subject,incoming students age 21 or younger,2025,https://www.immunize.org/official-guidance/state-policies/vaccine-requirements/menacwy-college-2025/
Illinois,MenACWY,College,type_of_institution,all colleges and universities,2025,https://www.immunize.org/official-guidance/state-policies/vaccine-requirements/menacwy-college-2025/
Illinois,MenACWY,College,year_first_implemented,2016,2025,https://www.immunize.org/official-guidance/state-policies/vaccine-requirements/menacwy-college-2025/
Indiana,MenACWY,College,population_subject,all incoming students,2025,https://www.immunize.org/official-guidance/state-policies/vaccine-requirements/menacwy-college-2025/
Indiana,MenACWY,College,type_of_institution,all colleges and universities,2025,https://www.immunize.org/official-guidance/state-policies/vaccine-requirements/menacwy-college-2025/
Indiana,MenACWY,College,year_first_implemented,2018,2025,https://www.immunize.org/official-guidance/state-policies/vaccine-requirements/menacwy-college-2025/
Iowa,MenACWY,College,comment,education on meningococcal disease and vaccine required in higher education institutions with on-campus housing,2025,https://www.immunize.org/official-guidance/state-policies/vaccine-requirements/menacwy-college-2025/
Kansas,MenACWY,College,population_subject,incoming students in on-campus housing,2025,https://www.immunize.org/official-guidance/state-policies/vaccine-requirements/menacwy-college-2025/
Kansas,MenACWY,College,type_of_institution,all with on-campus housing,2025,https://www.immunize.org/official-guidance/state-policies/vaccine-requirements/menacwy-college-2025/
Kansas,MenACWY,College,year_first_implemented,2007,2025,https://www.immunize.org/official-guidance/state-policies/vaccine-requirements/menacwy-college-2025/
Louisiana,MenACWY,College,population_subject,all college freshmen,2025,https://www.immunize.org/official-guidance/state-policies/vaccine-requirements/menacwy-college-2025/
Louisiana,MenACWY,College,type_of_institution,all colleges and universities,2025,https://www.immunize.org/official-guidance/state-policies/vaccine-requirements/menacwy-college-2025/
Louisiana,MenACWY,College,year_first_implemented,2006,2025,https://www.immunize.org/official-guidance/state-policies/vaccine-requirements/menacwy-college-2025/
Maryland,MenACWY,College,population_subject,incoming students in on-campus housing,2025,https://www.immunize.org/official-guidance/state-policies/vaccine-requirements/menacwy-college-2025/
Maryland,MenACWY,College,type_of_institution,all colleges and universities,2025,https://www.immunize.org/official-guidance/state-policies/vaccine-requirements/menacwy-college-2025/
Maryland,MenACWY,College,year_first_implemented,2000,2025,https://www.immunize.org/official-guidance/state-policies/vaccine-requirements/menacwy-college-2025/
Massachusetts,MenACWY,College,population_subject,all students age 21 or younger,2025,https://www.immunize.org/official-guidance/state-policies/vaccine-requirements/menacwy-college-2025/
Massachusetts,MenACWY,College,type_of_institution,all colleges and universities,2025,https://www.immunize.org/official-guidance/state-policies/vaccine-requirements/menacwy-college-2025/
Massachusetts,MenACWY,College,year_first_implemented,2004,2025,https://www.immunize.org/official-guidance/state-policies/vaccine-requirements/menacwy-college-2025/
Massachusetts,MenACWY,College,comment,dose required at age 16 or older,2025,https://www.immunize.org/official-guidance/state-policies/vaccine-requirements/menacwy-college-2025/
Missouri,MenACWY,College,population_subject,all students in on-campus housing,2025,https://www.immunize.org/official-guidance/state-policies/vaccine-requirements/menacwy-college-2025/
Missouri,MenACWY,College,type_of_institution,all public institutions,2025,https://www.immunize.org/official-guidance/state-policies/vaccine-requirements/menacwy-college-2025/
Missouri,MenACWY,College,year_first_implemented,2003,2025,https://www.immunize.org/official-guidance/state-policies/vaccine-requirements/menacwy-college-2025/
Nevada,MenACWY,College,population_subject,incoming freshmen age 23 or younger,2025,https://www.immunize.org/official-guidance/state-policies/vaccine-requirements/menacwy-college-2025/
Nevada,MenACWY,College,type_of_institution,all colleges and universities,2025,https://www.immunize.org/official-guidance/state-policies/vaccine-requirements/menacwy-college-2025/
Nevada,MenACWY,College,year_first_implemented,2017,2025,https://www.immunize.org/official-guidance/state-policies/vaccine-requirements/menacwy-college-2025/
New Jersey,MenACWY,College,population_subject,all incoming students,2025,https://www.immunize.org/official-guidance/state-policies/vaccine-requirements/menacwy-college-2025/
New Jersey,MenACWY,College,type_of_institution,all colleges and universities,2025,https://www.immunize.org/official-guidance/state-policies/vaccine-requirements/menacwy-college-2025/
New Jersey,MenACWY,College,year_first_implemented,2005,2025,https://www.immunize.org/official-guidance/state-policies/vaccine-requirements/menacwy-college-2025/
New York,MenACWY,College,population_subject,all students enrolled in at least 6 semester hrs or 4 quarter hrs,2025,https://www.immunize.org/official-guidance/state-policies/vaccine-requirements/menacwy-college-2025/
New York,MenACWY,College,type_of_institution,all colleges and universities,2025,https://www.immunize.org/official-guidance/state-policies/vaccine-requirements/menacwy-college-2025/
New York,MenACWY,College,year_first_implemented,2003,2025,https://www.immunize.org/official-guidance/state-policies/vaccine-requirements/menacwy-college-2025/
North Carolina,MenACWY,College,population_subject,all incoming students,2025,https://www.immunize.org/official-guidance/state-policies/vaccine-requirements/menacwy-college-2025/
North Carolina,MenACWY,College,type_of_institution,all colleges and universities,2025,https://www.immunize.org/official-guidance/state-policies/vaccine-requirements/menacwy-college-2025/
North Carolina,MenACWY,College,year_first_implemented,2021,2025,https://www.immunize.org/official-guidance/state-policies/vaccine-requirements/menacwy-college-2025/
North Dakota,MenACWY,College,population_subject,students age 21 or younger in on-campus housing,2025,https://www.immunize.org/official-guidance/state-policies/vaccine-requirements/menacwy-college-2025/
North Dakota,MenACWY,College,type_of_institution,university system,2025,https://www.immunize.org/official-guidance/state-policies/vaccine-requirements/menacwy-college-2025/
North Dakota,MenACWY,College,year_first_implemented,2015,2025,https://www.immunize.org/official-guidance/state-policies/vaccine-requirements/menacwy-college-2025/
Ohio,MenACWY,College,population_subject,all students in on-campus housing,2025,https://www.immunize.org/official-guidance/state-policies/vaccine-requirements/menacwy-college-2025/
Ohio,MenACWY,College,type_of_institution,non-profit institutions of higher learning,2025,https://www.immunize.org/official-guidance/state-policies/vaccine-requirements/menacwy-college-2025/
Ohio,MenACWY,College,year_first_implemented,2005,2025,https://www.immunize.org/official-guidance/state-policies/vaccine-requirements/menacwy-college-2025/
Oklahoma,MenACWY,College,population_subject,all incoming students in on-campus housing,2025,https://www.immunize.org/official-guidance/state-policies/vaccine-requirements/menacwy-college-2025/
Oklahoma,MenACWY,College,type_of_institution,all colleges and universities,2025,https://www.immunize.org/official-guidance/state-policies/vaccine-requirements/menacwy-college-2025/
Oklahoma,MenACWY,College,year_first_implemented,2004,2025,https://www.immunize.org/official-guidance/state-policies/vaccine-requirements/menacwy-college-2025/
Pennsylvania,MenACWY,College,population_subject,all students in dormitory or housing unit,2025,https://www.immunize.org/official-guidance/state-policies/vaccine-requirements/menacwy-college-2025/
Pennsylvania,MenACWY,College,type_of_institution,all colleges and universities,2025,https://www.immunize.org/official-guidance/state-policies/vaccine-requirements/menacwy-college-2025/
Pennsylvania,MenACWY,College,year_first_implemented,2002,2025,https://www.immunize.org/official-guidance/state-policies/vaccine-requirements/menacwy-college-2025/
Rhode Island,MenACWY,College,population_subject,all incoming students,2025,https://www.immunize.org/official-guidance/state-policies/vaccine-requirements/menacwy-college-2025/
Rhode Island,MenACWY,College,type_of_institution,all colleges and universities,2025,https://www.immunize.org/official-guidance/state-policies/vaccine-requirements/menacwy-college-2025/
Rhode Island,MenACWY,College,year_first_implemented,2015,2025,https://www.immunize.org/official-guidance/state-policies/vaccine-requirements/menacwy-college-2025/
Tennessee,MenACWY,College,population_subject,first-year students age 21 or younger living in on-campus housing,2025,https://www.immunize.org/official-guidance/state-policies/vaccine-requirements/menacwy-college-2025/
Tennessee,MenACWY,College,type_of_institution,public universities,2025,https://www.immunize.org/official-guidance/state-policies/vaccine-requirements/menacwy-college-2025/
Tennessee,MenACWY,College,year_first_implemented,2013,2025,https://www.immunize.org/official-guidance/state-policies/vaccine-requirements/menacwy-college-2025/
Texas,MenACWY,College,population_subject,all incoming students,2025,https://www.immunize.org/official-guidance/state-policies/vaccine-requirements/menacwy-college-2025/
Texas,MenACWY,College,type_of_institution,all colleges and universities,2025,https://www.immunize.org/official-guidance/state-policies/vaccine-requirements/menacwy-college-2025/
Texas,MenACWY,College,year_first_implemented,2011,2025,https://www.immunize.org/official-guidance/state-policies/vaccine-requirements/menacwy-college-2025/
Vermont,MenACWY,College,population_subject,all first-year students in on-campus housing,2025,https://www.immunize.org/official-guidance/state-policies/vaccine-requirements/menacwy-college-2025/
Vermont,MenACWY,College,type_of_institution,all colleges and universities,2025,https://www.immunize.org/official-guidance/state-policies/vaccine-requirements/menacwy-college-2025/
Vermont,MenACWY,College,year_first_implemented,2019,2025,https://www.immunize.org/official-guidance/state-policies/vaccine-requirements/menacwy-college-2025/
Virginia,MenACWY,College,population_subject,all incoming full-time students,2025,https://www.immunize.org/official-guidance/state-policies/vaccine-requirements/menacwy-college-2025/
Virginia,MenACWY,College,type_of_institution,all 4-year public institutions,2025,https://www.immunize.org/official-guidance/state-policies/vaccine-requirements/menacwy-college-2025/
Virginia,MenACWY,College,year_first_implemented,2005,2025,https://www.immunize.org/official-guidance/state-policies/vaccine-requirements/menacwy-college-2025/
Alabama,MMR,Childcare,required,yes,2025,https://www.immunize.org/official-guidance/state-policies/vaccine-requirements/mmr-child-school-2025/
Alabama,MMR,Childcare,grades_included,K–12,2025,https://www.immunize.org/official-guidance/state-policies/vaccine-requirements/mmr-child-school-2025/
Alabama,MMR,Childcare,year_first_implemented,longstanding,2025,https://www.immunize.org/official-guidance/state-policies/vaccine-requirements/mmr-child-school-2025/
Alaska,MMR,Childcare,required,yes,2025,https://www.immunize.org/official-guidance/state-policies/vaccine-requirements/mmr-child-school-2025/
Alaska,MMR,Childcare,grades_included,K–12,2025,https://www.immunize.org/official-guidance/state-policies/vaccine-requirements/mmr-child-school-2025/
Alaska,MMR,Childcare,year_first_implemented,longstanding,2025,https://www.immunize.org/official-guidance/state-policies/vaccine-requirements/mmr-child-school-2025/
Arizona,MMR,Childcare,required,yes,2025,https://www.immunize.org/official-guidance/state-policies/vaccine-requirements/mmr-child-school-2025/
Arizona,MMR,Childcare,grades_included,K–12,2025,https://www.immunize.org/official-guidance/state-policies/vaccine-requirements/mmr-child-school-2025/
Arizona,MMR,Childcare,year_first_implemented,longstanding,2025,https://www.immunize.org/official-guidance/state-policies/vaccine-requirements/mmr-child-school-2025/
Arkansas,MMR,Childcare,required,yes,2025,https://www.immunize.org/official-guidance/state-policies/vaccine-requirements/mmr-child-school-2025/
Arkansas,MMR,Childcare,grades_included,K–12,2025,https://www.immunize.org/official-guidance/state-policies/vaccine-requirements/mmr-child-school-2025/
Arkansas,MMR,Childcare,year_first_implemented,longstanding,2025,https://www.immunize.org/official-guidance/state-policies/vaccine-requirements/mmr-child-school-2025/
California,MMR,Childcare,required,yes,2025,https://www.immunize.org/official-guidance/state-policies/vaccine-requirements/mmr-child-school-2025/
California,MMR,Childcare,grades_included,K–12,2025,https://www.immunize.org/official-guidance/state-policies/vaccine-requirements/mmr-child-school-2025/
California,MMR,Childcare,year_first_implemented,longstanding,2025,https://www.immunize.org/official-guidance/state-policies/vaccine-requirements/mmr-child-school-2025/
Colorado,MMR,Childcare,required,yes,2025,https://www.immunize.org/official-guidance/state-policies/vaccine-requirements/mmr-child-school-2025/
Colorado,MMR,Childcare,grades_included,K–12,2025,https://www.immunize.org/official-guidance/state-policies/vaccine-requirements/mmr-child-school-2025/
Colorado,MMR,Childcare,year_first_implemented,longstanding,2025,https://www.immunize.org/official-guidance/state-policies/vaccine-requirements/mmr-child-school-2025/
Connecticut,MMR,Childcare,required,yes,2025,https://www.immunize.org/official-guidance/state-policies/vaccine-requirements/mmr-child-school-2025/
Connecticut,MMR,Childcare,grades_included,K–12,2025,https://www.immunize.org/official-guidance/state-policies/vaccine-requirements/mmr-child-school-2025/
Connecticut,MMR,Childcare,year_first_implemented,longstanding,2025,https://www.immunize.org/official-guidance/state-policies/vaccine-requirements/mmr-child-school-2025/
Delaware,MMR,Childcare,required,yes,2025,https://www.immunize.org/official-guidance/state-policies/vaccine-requirements/mmr-child-school-2025/
Delaware,MMR,Childcare,grades_included,K–12,2025,https://www.immunize.org/official-guidance/state-policies/vaccine-requirements/mmr-child-school-2025/
Delaware,MMR,Childcare,year_first_implemented,longstanding,2025,https://www.immunize.org/official-guidance/state-policies/vaccine-requirements/mmr-child-school-2025/
District of Columbia,MMR,Childcare,required,yes,2025,https://www.immunize.org/official-guidance/state-policies/vaccine-requirements/mmr-child-school-2025/
District of Columbia,MMR,Childcare,grades_included,K–12,2025,https://www.immunize.org/official-guidance/state-policies/vaccine-requirements/mmr-child-school-2025/
District of Columbia,MMR,Childcare,year_first_implemented,longstanding,2025,https://www.immunize.org/official-guidance/state-policies/vaccine-requirements/mmr-child-school-2025/
Florida,MMR,Childcare,required,yes,2025,https://www.immunize.org/official-guidance/state-policies/vaccine-requirements/mmr-child-school-2025/
Florida,MMR,Childcare,grades_included,K–12,2025,https://www.immunize.org/official-guidance/state-policies/vaccine-requirements/mmr-child-school-2025/
Florida,MMR,Childcare,year_first_implemented,longstanding,2025,https://www.immunize.org/official-guidance/state-policies/vaccine-requirements/mmr-child-school-2025/
Georgia,MMR,Childcare,required,yes,2025,https://www.immunize.org/official-guidance/state-policies/vaccine-requirements/mmr-child-school-2025/
Georgia,MMR,Childcare,grades_included,K–12,2025,https://www.immunize.org/official-guidance/state-policies/vaccine-requirements/mmr-child-school-2025/
Georgia,MMR,Childcare,year_first_implemented,longstanding,2025,https://www.immunize.org/official-guidance/state-policies/vaccine-requirements/mmr-child-school-2025/
Hawaii,MMR,Childcare,required,yes,2025,https://www.immunize.org/official-guidance/state-policies/vaccine-requirements/mmr-child-school-2025/
Hawaii,MMR,Childcare,grades_included,K–12,2025,https://www.immunize.org/official-guidance/state-policies/vaccine-requirements/mmr-child-school-2025/
Hawaii,MMR,Childcare,year_first_implemented,longstanding,2025,https://www.immunize.org/official-guidance/state-policies/vaccine-requirements/mmr-child-school-2025/
Idaho,MMR,Childcare,required,yes,2025,https://www.immunize.org/official-guidance/state-policies/vaccine-requirements/mmr-child-school-2025/
Idaho,MMR,Childcare,grades_included,K–12,2025,https://www.immunize.org/official-guidance/state-policies/vaccine-requirements/mmr-child-school-2025/
Idaho,MMR,Childcare,year_first_implemented,longstanding,2025,https://www.immunize.org/official-guidance/state-policies/vaccine-requirements/mmr-child-school-2025/
Illinois,MMR,Childcare,required,yes,2025,https://www.immunize.org/official-guidance/state-policies/vaccine-requirements/mmr-child-school-2025/
Illinois,MMR,Childcare,grades_included,K–12,2025,https://www.immunize.org/official-guidance/state-policies/vaccine-requirements/mmr-child-school-2025/
Illinois,MMR,Childcare,year_first_implemented,longstanding,2025,https://www.immunize.org/official-guidance/state-policies/vaccine-requirements/mmr-child-school-2025/
Indiana,MMR,Childcare,required,yes,2025,https://www.immunize.org/official-guidance/state-policies/vaccine-requirements/mmr-child-school-2025/
Indiana,MMR,Childcare,grades_included,K–12,2025,https://www.immunize.org/official-guidance/state-policies/vaccine-requirements/mmr-child-school-2025/
Indiana,MMR,Childcare,year_first_implemented,longstanding,2025,https://www.immunize.org/official-guidance/state-policies/vaccine-requirements/mmr-child-school-2025/
Iowa,MMR,Childcare,required,yes,2025,https://www.immunize.org/official-guidance/state-policies/vaccine-requirements/mmr-child-school-2025/
Iowa,MMR,Childcare,grades_included,K–12,2025,https://www.immunize.org/official-guidance/state-policies/vaccine-requirements/mmr-child-school-2025/
Iowa,MMR,Childcare,year_first_implemented,longstanding,2025,https://www.immunize.org/official-guidance/state-policies/vaccine-requirements/mmr-child-school-2025/
Iowa,MMR,Childcare,comment,Only measles and rubella required,2025,https://www.immunize.org/official-guidance/state-policies/vaccine-requirements/mmr-child-school-2025/
Kansas,MMR,Childcare,required,yes,2025,https://www.immunize.org/official-guidance/state-policies/vaccine-requirements/mmr-child-school-2025/
Kansas,MMR,Childcare,grades_included,K–12,2025,https://www.immunize.org/official-guidance/state-policies/vaccine-requirements/mmr-child-school-2025/
Kansas,MMR,Childcare,year_first_implemented,longstanding,2025,https://www.immunize.org/official-guidance/state-policies/vaccine-requirements/mmr-child-school-2025/
Kentucky,MMR,Childcare,required,yes,2025,https://www.immunize.org/official-guidance/state-policies/vaccine-requirements/mmr-child-school-2025/
Kentucky,MMR,Childcare,grades_included,K–12,2025,https://www.immunize.org/official-guidance/state-policies/vaccine-requirements/mmr-child-school-2025/
Kentucky,MMR,Childcare,year_first_implemented,longstanding,2025,https://www.immunize.org/official-guidance/state-policies/vaccine-requirements/mmr-child-school-2025/
Louisiana,MMR,Childcare,required,yes,2025,https://www.immunize.org/official-guidance/state-policies/vaccine-requirements/mmr-child-school-2025/
Louisiana,MMR,Childcare,grades_included,K–12,2025,https://www.immunize.org/official-guidance/state-policies/vaccine-requirements/mmr-child-school-2025/
Louisiana,MMR,Childcare,year_first_implemented,longstanding,2025,https://www.immunize.org/official-guidance/state-policies/vaccine-requirements/mmr-child-school-2025/
Maine,MMR,Childcare,required,yes,2025,https://www.immunize.org/official-guidance/state-policies/vaccine-requirements/mmr-child-school-2025/
Maine,MMR,Childcare,grades_included,K–12,2025,https://www.immunize.org/official-guidance/state-policies/vaccine-requirements/mmr-child-school-2025/
Maine,MMR,Childcare,year_first_implemented,longstanding,2025,https://www.immunize.org/official-guidance/state-policies/vaccine-requirements/mmr-child-school-2025/
Maryland,MMR,Childcare,required,yes,2025,https://www.immunize.org/official-guidance/state-policies/vaccine-requirements/mmr-child-school-2025/
Maryland,MMR,Childcare,grades_included,K–12,2025,https://www.immunize.org/official-guidance/state-policies/vaccine-requirements/mmr-child-school-2025/
Maryland,MMR,Childcare,year_first_implemented,longstanding,2025,https://www.immunize.org/official-guidance/state-policies/vaccine-requirements/mmr-child-school-2025/
Massachusetts,MMR,Childcare,required,yes,2025,https://www.immunize.org/official-guidance/state-policies/vaccine-requirements/mmr-child-school-2025/
Massachusetts,MMR,Childcare,grades_included,K–12,2025,https://www.immunize.org/official-guidance/state-policies/vaccine-requirements/mmr-child-school-2025/
Massachusetts,MMR,Childcare,year_first_implemented,longstanding,2025,https://www.immunize.org/official-guidance/state-policies/vaccine-requirements/mmr-child-school-2025/
Michigan,MMR,Childcare,required,yes,2025,https://www.immunize.org/official-guidance/state-policies/vaccine-requirements/mmr-child-school-2025/
Michigan,MMR,Childcare,grades_included,K–12,2025,https://www.immunize.org/official-guidance/state-policies/vaccine-requirements/mmr-child-school-2025/
Michigan,MMR,Childcare,year_first_implemented,longstanding,2025,https://www.immunize.org/official-guidance/state-policies/vaccine-requirements/mmr-child-school-2025/
Minnesota,MMR,Childcare,required,yes,2025,https://www.immunize.org/official-guidance/state-policies/vaccine-requirements/mmr-child-school-2025/
Minnesota,MMR,Childcare,grades_included,K–12,2025,https://www.immunize.org/official-guidance/state-policies/vaccine-requirements/mmr-child-school-2025/
Minnesota,MMR,Childcare,year_first_implemented,longstanding,2025,https://www.immunize.org/official-guidance/state-policies/vaccine-requirements/mmr-child-school-2025/
Mississippi,MMR,Childcare,required,yes,2025,https://www.immunize.org/official-guidance/state-policies/vaccine-requirements/mmr-child-school-2025/
Mississippi,MMR,Childcare,grades_included,K–12,2025,https://www.immunize.org/official-guidance/state-policies/vaccine-requirements/mmr-child-school-2025/
Mississippi,MMR,Childcare,year_first_implemented,longstanding,2025,https://www.immunize.org/official-guidance/state-policies/vaccine-requirements/mmr-child-school-2025/
Missouri,MMR,Childcare,required,yes,2025,https://www.immunize.org/official-guidance/state-policies/vaccine-requirements/mmr-child-school-2025/
Missouri,MMR,Childcare,grades_included,K–12,2025,https://www.immunize.org/official-guidance/state-policies/vaccine-requirements/mmr-child-school-2025/
Missouri,MMR,Childcare,year_first_implemented,longstanding,2025,https://www.immunize.org/official-guidance/state-policies/vaccine-requirements/mmr-child-school-2025/
Montana,MMR,Childcare,required,yes,2025,https://www.immunize.org/official-guidance/state-policies/vaccine-requirements/mmr-child-school-2025/
Montana,MMR,Childcare,grades_included,K–12,2025,https://www.immunize.org/official-guidance/state-policies/vaccine-requirements/mmr-child-school-2025/
Montana,MMR,Childcare,year_first_implemented,longstanding,2025,https://www.immunize.org/official-guidance/state-policies/vaccine-requirements/mmr-child-school-2025/
Nebraska,MMR,Childcare,required,yes,2025,https://www.immunize.org/official-guidance/state-policies/vaccine-requirements/mmr-child-school-2025/
Nebraska,MMR,Childcare,grades_included,K–12,2025,https://www.immunize.org/official-guidance/state-policies/vaccine-requirements/mmr-child-school-2025/
Nebraska,MMR,Childcare,year_first_implemented,longstanding,2025,https://www.immunize.org/official-guidance/state-policies/vaccine-requirements/mmr-child-school-2025/
Nevada,MMR,Childcare,required,yes,2025,https://www.immunize.org/official-guidance/state-policies/vaccine-requirements/mmr-child-school-2025/
Nevada,MMR,Childcare,grades_included,K–12,2025,https://www.immunize.org/official-guidance/state-policies/vaccine-requirements/mmr-child-school-2025/
Nevada,MMR,Childcare,year_first_implemented,longstanding,2025,https://www.immunize.org/official-guidance/state-policies/vaccine-requirements/mmr-child-school-2025/
New Hampshire,MMR,Childcare,required,yes,2025,https://www.immunize.org/official-guidance/state-policies/vaccine-requirements/mmr-child-school-2025/
New Hampshire,MMR,Childcare,grades_included,K–12,2025,https://www.immunize.org/official-guidance/state-policies/vaccine-requirements/mmr-child-school-2025/
New Hampshire,MMR,Childcare,year_first_implemented,longstanding,2025,https://www.immunize.org/official-guidance/state-policies/vaccine-requirements/mmr-child-school-2025/
New Jersey,MMR,Childcare,required,yes,2025,https://www.immunize.org/official-guidance/state-policies/vaccine-requirements/mmr-child-school-2025/
New Jersey,MMR,Childcare,grades_included,K–12,2025,https://www.immunize.org/official-guidance/state-policies/vaccine-requirements/mmr-child-school-2025/
New Jersey,MMR,Childcare,year_first_implemented,longstanding,2025,https://www.immunize.org/official-guidance/state-policies/vaccine-requirements/mmr-child-school-2025/
New Mexico,MMR,Childcare,required,yes,2025,https://www.immunize.org/official-guidance/state-policies/vaccine-requirements/mmr-child-school-2025/
New Mexico,MMR,Childcare,grades_included,K–12,2025,https://www.immunize.org/official-guidance/state-policies/vaccine-requirements/mmr-child-school-2025/
New Mexico,MMR,Childcare,year_first_implemented,longstanding,2025,https://www.immunize.org/official-guidance/state-policies/vaccine-requirements/mmr-child-school-2025/
New York,MMR,Childcare,required,yes,2025,https://www.immunize.org/official-guidance/state-policies/vaccine-requirements/mmr-child-school-2025/
New York,MMR,Childcare,grades_included,K–12,2025,https://www.immunize.org/official-guidance/state-policies/vaccine-requirements/mmr-child-school-2025/
New York,MMR,Childcare,year_first_implemented,longstanding,2025,https://www.immunize.org/official-guidance/state-policies/vaccine-requirements/mmr-child-school-2025/
North Carolina,MMR,Childcare,required,yes,2025,https://www.immunize.org/official-guidance/state-policies/vaccine-requirements/mmr-child-school-2025/
North Carolina,MMR,Childcare,grades_included,K–12,2025,https://www.immunize.org/official-guidance/state-policies/vaccine-requirements/mmr-child-school-2025/
North Carolina,MMR,Childcare,year_first_implemented,longstanding,2025,https://www.immunize.org/official-guidance/state-policies/vaccine-requirements/mmr-child-school-2025/
North Dakota,MMR,Childcare,required,yes,2025,https://www.immunize.org/official-guidance/state-policies/vaccine-requirements/mmr-child-school-2025/
North Dakota,MMR,Childcare,grades_included,K–12,2025,https://www.immunize.org/official-guidance/state-policies/vaccine-requirements/mmr-child-school-2025/
North Dakota,MMR,Childcare,year_first_implemented,longstanding,2025,https://www.immunize.org/official-guidance/state-policies/vaccine-requirements/mmr-child-school-2025/
Ohio,MMR,Childcare,required,yes,2025,https://www.immunize.org/official-guidance/state-policies/vaccine-requirements/mmr-child-school-2025/
Ohio,MMR,Childcare,grades_included,K–12,2025,https://www.immunize.org/official-guidance/state-policies/vaccine-requirements/mmr-child-school-2025/
Ohio,MMR,Childcare,year_first_implemented,longstanding,2025,https://www.immunize.org/official-guidance/state-policies/vaccine-requirements/mmr-child-school-2025/
Oklahoma,MMR,Childcare,required,yes,2025,https://www.immunize.org/official-guidance/state-policies/vaccine-requirements/mmr-child-school-2025/
Oklahoma,MMR,Childcare,grades_included,K–12,2025,https://www.immunize.org/official-guidance/state-policies/vaccine-requirements/mmr-child-school-2025/
Oklahoma,MMR,Childcare,year_first_implemented,longstanding,2025,https://www.immunize.org/official-guidance/state-policies/vaccine-requirements/mmr-child-school-2025/
Oregon,MMR,Childcare,required,yes,2025,https://www.immunize.org/official-guidance/state-policies/vaccine-requirements/mmr-child-school-2025/
Oregon,MMR,Childcare,grades_included,K–12,2025,https://www.immunize.org/official-guidance/state-policies/vaccine-requirements/mmr-child-school-2025/
Oregon,MMR,Childcare,year_first_implemented,longstanding,2025,https://www.immunize.org/official-guidance/state-policies/vaccine-requirements/mmr-child-school-2025/
Pennsylvania,MMR,Childcare,required,yes,2025,https://www.immunize.org/official-guidance/state-policies/vaccine-requirements/mmr-child-school-2025/
Pennsylvania,MMR,Childcare,grades_included,K–12,2025,https://www.immunize.org/official-guidance/state-policies/vaccine-requirements/mmr-child-school-2025/
Pennsylvania,MMR,Childcare,year_first_implemented,longstanding,2025,https://www.immunize.org/official-guidance/state-policies/vaccine-requirements/mmr-child-school-2025/
Rhode Island,MMR,Childcare,required,yes,2025,https://www.immunize.org/official-guidance/state-policies/vaccine-requirements/mmr-child-school-2025/
Rhode Island,MMR,Childcare,grades_included,K–12,2025,https://www.immunize.org/official-guidance/state-policies/vaccine-requirements/mmr-child-school-2025/
Rhode Island,MMR,Childcare,year_first_implemented,longstanding,2025,https://www.immunize.org/official-guidance/state-policies/vaccine-requirements/mmr-child-school-2025/
South Carolina,MMR,Childcare,required,yes,2025,https://www.immunize.org/official-guidance/state-policies/vaccine-requirements/mmr-child-school-2025/
South Carolina,MMR,Childcare,grades_included,K–12,2025,https://www.immunize.org/official-guidance/state-policies/vaccine-requirements/mmr-child-school-2025/
South Carolina,MMR,Childcare,year_first_implemented,longstanding,2025,https://www.immunize.org/official-guidance/state-policies/vaccine-requirements/mmr-child-school-2025/
South Dakota,MMR,Childcare,required,yes,2025,https://www.immunize.org/official-guidance/state-policies/vaccine-requirements/mmr-child-school-2025/
South Dakota,MMR,Childcare,grades_included,K–12,2025,https://www.immunize.org/official-guidance/state-policies/vaccine-requirements/mmr-child-school-2025/
South Dakota,MMR,Childcare,year_first_implemented,longstanding,2025,https://www.immunize.org/official-guidance/state-policies/vaccine-requirements/mmr-child-school-2025/
Tennessee,MMR,Childcare,required,yes,2025,https://www.immunize.org/official-guidance/state-policies/vaccine-requirements/mmr-child-school-2025/
Tennessee,MMR,Childcare,grades_included,K–12,2025,https://www.immunize.org/official-guidance/state-policies/vaccine-requirements/mmr-child-school-2025/
Tennessee,MMR,Childcare,year_first_implemented,longstanding,2025,https://www.immunize.org/official-guidance/state-policies/vaccine-requirements/mmr-child-school-2025/
Texas,MMR,Childcare,required,yes,2025,https://www.immunize.org/official-guidance/state-policies/vaccine-requirements/mmr-child-school-2025/
Texas,MMR,Childcare,grades_included,K–12,2025,https://www.immunize.org/official-guidance/state-policies/vaccine-requirements/mmr-child-school-2025/
Texas,MMR,Childcare,year_first_implemented,longstanding,2025,https://www.immunize.org/official-guidance/state-policies/vaccine-requirements/mmr-child-school-2025/
Utah,MMR,Childcare,required,yes,2025,https://www.immunize.org/official-guidance/state-policies/vaccine-requirements/mmr-child-school-2025/
Utah,MMR,Childcare,grades_included,K–12,2025,https://www.immunize.org/official-guidance/state-policies/vaccine-requirements/mmr-child-school-2025/
Utah,MMR,Childcare,year_first_implemented,longstanding,2025,https://www.immunize.org/official-guidance/state-policies/vaccine-requirements/mmr-child-school-2025/
Vermont,MMR,Childcare,required,yes,2025,https://www.immunize.org/official-guidance/state-policies/vaccine-requirements/mmr-child-school-2025/
Vermont,MMR,Childcare,grades_included,K–12,2025,https://www.immunize.org/official-guidance/state-policies/vaccine-requirements/mmr-child-school-2025/
Vermont,MMR,Childcare,year_first_implemented,longstanding,2025,https://www.immunize.org/official-guidance/state-policies/vaccine-requirements/mmr-child-school-2025/
Virginia,MMR,Childcare,required,yes,2025,https://www.immunize.org/official-guidance/state-policies/vaccine-requirements/mmr-child-school-2025/
Virginia,MMR,Childcare,grades_included,K–12,2025,https://www.immunize.org/official-guidance/state-policies/vaccine-requirements/mmr-child-school-2025/
Virginia,MMR,Childcare,year_first_implemented,longstanding,2025,https://www.immunize.org/official-guidance/state-policies/vaccine-requirements/mmr-child-school-2025/
Washington,MMR,Childcare,required,yes,2025,https://www.immunize.org/official-guidance/state-policies/vaccine-requirements/mmr-child-school-2025/
Washington,MMR,Childcare,grades_included,K–12,2025,https://www.immunize.org/official-guidance/state-policies/vaccine-requirements/mmr-child-school-2025/
Washington,MMR,Childcare,year_first_implemented,longstanding,2025,https://www.immunize.org/official-guidance/state-policies/vaccine-requirements/mmr-child-school-2025/
West Virginia,MMR,Childcare,required,yes,2025,https://www.immunize.org/official-guidance/state-policies/vaccine-requirements/mmr-child-school-2025/
West Virginia,MMR,Childcare,grades_included,K–12,2025,https://www.immunize.org/official-guidance/state-policies/vaccine-requirements/mmr-child-school-2025/
West Virginia,MMR,Childcare,year_first_implemented,longstanding,2025,https://www.immunize.org/official-guidance/state-policies/vaccine-requirements/mmr-child-school-2025/
Wisconsin,MMR,Childcare,required,yes,2025,https://www.immunize.org/official-guidance/state-policies/vaccine-requirements/mmr-child-school-2025/
Wisconsin,MMR,Childcare,grades_included,K–12,2025,https://www.immunize.org/official-guidance/state-policies/vaccine-requirements/mmr-child-school-2025/
Wisconsin,MMR,Childcare,year_first_implemented,longstanding,2025,https://www.immunize.org/official-guidance/state-policies/vaccine-requirements/mmr-child-school-2025/
Wyoming,MMR,Childcare,required,yes,2025,https://www.immunize.org/official-guidance/state-policies/vaccine-requirements/mmr-child-school-2025/
Wyoming,MMR,Childcare,grades_included,K–12,2025,https://www.immunize.org/official-guidance/state-policies/vaccine-requirements/mmr-child-school-2025/
Wyoming,MMR,Childcare,year_first_implemented,longstanding,2025,https://www.immunize.org/official-guidance/state-policies/vaccine-requirements/mmr-child-school-2025/
Alabama,PCV,Childcare,required,yes,2025,https://www.immunize.org/official-guidance/state-policies/vaccine-requirements/pcv-childcare-2025/
Alabama,PCV,Childcare,year_first_implemented,2009,2025,https://www.immunize.org/official-guidance/state-policies/vaccine-requirements/pcv-childcare-2025/
Arkansas,PCV,Childcare,required,yes,2025,https://www.immunize.org/official-guidance/state-policies/vaccine-requirements/pcv-childcare-2025/
Arkansas,PCV,Childcare,year_first_implemented,2008,2025,https://www.immunize.org/official-guidance/state-policies/vaccine-requirements/pcv-childcare-2025/
Colorado,PCV,Childcare,required,yes,2025,https://www.immunize.org/official-guidance/state-policies/vaccine-requirements/pcv-childcare-2025/
Colorado,PCV,Childcare,year_first_implemented,2007,2025,https://www.immunize.org/official-guidance/state-policies/vaccine-requirements/pcv-childcare-2025/
Connecticut,PCV,Childcare,required,yes,2025,https://www.immunize.org/official-guidance/state-policies/vaccine-requirements/pcv-childcare-2025/
Connecticut,PCV,Childcare,year_first_implemented,2007,2025,https://www.immunize.org/official-guidance/state-policies/vaccine-requirements/pcv-childcare-2025/
District of Columbia,PCV,Childcare,required,yes,2025,https://www.immunize.org/official-guidance/state-policies/vaccine-requirements/pcv-childcare-2025/
District of Columbia,PCV,Childcare,year_first_implemented,2008,2025,https://www.immunize.org/official-guidance/state-policies/vaccine-requirements/pcv-childcare-2025/
Florida,PCV,Childcare,required,yes,2025,https://www.immunize.org/official-guidance/state-policies/vaccine-requirements/pcv-childcare-2025/
Florida,PCV,Childcare,year_first_implemented,2012,2025,https://www.immunize.org/official-guidance/state-policies/vaccine-requirements/pcv-childcare-2025/
Georgia,PCV,Childcare,required,yes,2025,https://www.immunize.org/official-guidance/state-policies/vaccine-requirements/pcv-childcare-2025/
Georgia,PCV,Childcare,year_first_implemented,2007,2025,https://www.immunize.org/official-guidance/state-policies/vaccine-requirements/pcv-childcare-2025/
Hawaii,PCV,Childcare,required,yes,2025,https://www.immunize.org/official-guidance/state-policies/vaccine-requirements/pcv-childcare-2025/
Hawaii,PCV,Childcare,year_first_implemented,2020,2025,https://www.immunize.org/official-guidance/state-policies/vaccine-requirements/pcv-childcare-2025/
Idaho,PCV,Childcare,required,yes,2025,https://www.immunize.org/official-guidance/state-policies/vaccine-requirements/pcv-childcare-2025/
Idaho,PCV,Childcare,year_first_implemented,2011,2025,https://www.immunize.org/official-guidance/state-policies/vaccine-requirements/pcv-childcare-2025/
Illinois,PCV,Childcare,required,yes,2025,https://www.immunize.org/official-guidance/state-policies/vaccine-requirements/pcv-childcare-2025/
Illinois,PCV,Childcare,year_first_implemented,2007,2025,https://www.immunize.org/official-guidance/state-policies/vaccine-requirements/pcv-childcare-2025/
Indiana,PCV,Childcare,required,yes,2025,https://www.immunize.org/official-guidance/state-policies/vaccine-requirements/pcv-childcare-2025/
Indiana,PCV,Childcare,year_first_implemented,2003,2025,https://www.immunize.org/official-guidance/state-policies/vaccine-requirements/pcv-childcare-2025/
Iowa,PCV,Childcare,required,yes,2025,https://www.immunize.org/official-guidance/state-policies/vaccine-requirements/pcv-childcare-2025/
Iowa,PCV,Childcare,year_first_implemented,2009,2025,https://www.immunize.org/official-guidance/state-policies/vaccine-requirements/pcv-childcare-2025/
Kansas,PCV,Childcare,required,yes,2025,https://www.immunize.org/official-guidance/state-policies/vaccine-requirements/pcv-childcare-2025/
Kansas,PCV,Childcare,year_first_implemented,2009,2025,https://www.immunize.org/official-guidance/state-policies/vaccine-requirements/pcv-childcare-2025/
Kentucky,PCV,Childcare,required,yes,2025,https://www.immunize.org/official-guidance/state-policies/vaccine-requirements/pcv-childcare-2025/
Kentucky,PCV,Childcare,year_first_implemented,2011,2025,https://www.immunize.org/official-guidance/state-policies/vaccine-requirements/pcv-childcare-2025/
Louisiana,PCV,Childcare,required,yes,2025,https://www.immunize.org/official-guidance/state-policies/vaccine-requirements/pcv-childcare-2025/
Louisiana,PCV,Childcare,year_first_implemented,2006,2025,https://www.immunize.org/official-guidance/state-policies/vaccine-requirements/pcv-childcare-2025/
Maine,PCV,Childcare,required,yes,2025,https://www.immunize.org/official-guidance/state-policies/vaccine-requirements/pcv-childcare-2025/
Maine,PCV,Childcare,year_first_implemented,2002,2025,https://www.immunize.org/official-guidance/state-policies/vaccine-requirements/pcv-childcare-2025/
Maryland,PCV,Childcare,required,yes,2025,https://www.immunize.org/official-guidance/state-policies/vaccine-requirements/pcv-childcare-2025/
Maryland,PCV,Childcare,year_first_implemented,2005,2025,https://www.immunize.org/official-guidance/state-policies/vaccine-requirements/pcv-childcare-2025/
Michigan,PCV,Childcare,required,yes,2025,https://www.immunize.org/official-guidance/state-policies/vaccine-requirements/pcv-childcare-2025/
Michigan,PCV,Childcare,year_first_implemented,2007,2025,https://www.immunize.org/official-guidance/state-policies/vaccine-requirements/pcv-childcare-2025/
Minnesota,PCV,Childcare,required,yes,2025,https://www.immunize.org/official-guidance/state-policies/vaccine-requirements/pcv-childcare-2025/
Minnesota,PCV,Childcare,year_first_implemented,2004,2025,https://www.immunize.org/official-guidance/state-policies/vaccine-requirements/pcv-childcare-2025/
Mississippi,PCV,Childcare,required,yes,2025,https://www.immunize.org/official-guidance/state-policies/vaccine-requirements/pcv-childcare-2025/
Mississippi,PCV,Childcare,year_first_implemented,2007,2025,https://www.immunize.org/official-guidance/state-policies/vaccine-requirements/pcv-childcare-2025/
Missouri,PCV,Childcare,required,yes,2025,https://www.immunize.org/official-guidance/state-policies/vaccine-requirements/pcv-childcare-2025/
Missouri,PCV,Childcare,year_first_implemented,2010,2025,https://www.immunize.org/official-guidance/state-policies/vaccine-requirements/pcv-childcare-2025/
Montana,PCV,Childcare,required,yes,2025,https://www.immunize.org/official-guidance/state-policies/vaccine-requirements/pcv-childcare-2025/
Montana,PCV,Childcare,year_first_implemented,2018,2025,https://www.immunize.org/official-guidance/state-policies/vaccine-requirements/pcv-childcare-2025/
Nebraska,PCV,Childcare,required,yes,2025,https://www.immunize.org/official-guidance/state-policies/vaccine-requirements/pcv-childcare-2025/
Nebraska,PCV,Childcare,year_first_implemented,2008,2025,https://www.immunize.org/official-guidance/state-policies/vaccine-requirements/pcv-childcare-2025/
Nevada,PCV,Childcare,required,yes,2025,https://www.immunize.org/official-guidance/state-policies/vaccine-requirements/pcv-childcare-2025/
Nevada,PCV,Childcare,year_first_implemented,2007,2025,https://www.immunize.org/official-guidance/state-policies/vaccine-requirements/pcv-childcare-2025/
New Jersey,PCV,Childcare,required,yes,2025,https://www.immunize.org/official-guidance/state-policies/vaccine-requirements/pcv-childcare-2025/
New Jersey,PCV,Childcare,year_first_implemented,2008,2025,https://www.immunize.org/official-guidance/state-policies/vaccine-requirements/pcv-childcare-2025/
New Mexico,PCV,Childcare,required,yes,2025,https://www.immunize.org/official-guidance/state-policies/vaccine-requirements/pcv-childcare-2025/
New Mexico,PCV,Childcare,year_first_implemented,2018,2025,https://www.immunize.org/official-guidance/state-policies/vaccine-requirements/pcv-childcare-2025/
New York,PCV,Childcare,required,yes,2025,https://www.immunize.org/official-guidance/state-policies/vaccine-requirements/pcv-childcare-2025/
New York,PCV,Childcare,year_first_implemented,2008,2025,https://www.immunize.org/official-guidance/state-policies/vaccine-requirements/pcv-childcare-2025/
North Carolina,PCV,Childcare,required,yes,2025,https://www.immunize.org/official-guidance/state-policies/vaccine-requirements/pcv-childcare-2025/
North Carolina,PCV,Childcare,year_first_implemented,2015,2025,https://www.immunize.org/official-guidance/state-policies/vaccine-requirements/pcv-childcare-2025/
North Dakota,PCV,Childcare,required,yes,2025,https://www.immunize.org/official-guidance/state-policies/vaccine-requirements/pcv-childcare-2025/
North Dakota,PCV,Childcare,year_first_implemented,2008,2025,https://www.immunize.org/official-guidance/state-policies/vaccine-requirements/pcv-childcare-2025/
Ohio,PCV,Childcare,required,yes,2025,https://www.immunize.org/official-guidance/state-policies/vaccine-requirements/pcv-childcare-2025/
Ohio,PCV,Childcare,year_first_implemented,2015,2025,https://www.immunize.org/official-guidance/state-policies/vaccine-requirements/pcv-childcare-2025/
Oklahoma,PCV,Childcare,required,yes,2025,https://www.immunize.org/official-guidance/state-policies/vaccine-requirements/pcv-childcare-2025/
Oklahoma,PCV,Childcare,year_first_implemented,2007,2025,https://www.immunize.org/official-guidance/state-policies/vaccine-requirements/pcv-childcare-2025/
Pennsylvania,PCV,Childcare,required,yes,2025,https://www.immunize.org/official-guidance/state-policies/vaccine-requirements/pcv-childcare-2025/
Pennsylvania,PCV,Childcare,year_first_implemented,2001,2025,https://www.immunize.org/official-guidance/state-policies/vaccine-requirements/pcv-childcare-2025/
Rhode Island,PCV,Childcare,required,yes,2025,https://www.immunize.org/official-guidance/state-policies/vaccine-requirements/pcv-childcare-2025/
Rhode Island,PCV,Childcare,year_first_implemented,2005,2025,https://www.immunize.org/official-guidance/state-policies/vaccine-requirements/pcv-childcare-2025/
South Carolina,PCV,Childcare,required,yes,2025,https://www.immunize.org/official-guidance/state-policies/vaccine-requirements/pcv-childcare-2025/
South Carolina,PCV,Childcare,year_first_implemented,2007,2025,https://www.immunize.org/official-guidance/state-policies/vaccine-requirements/pcv-childcare-2025/
South Dakota,PCV,Childcare,required,yes,2025,https://www.immunize.org/official-guidance/state-policies/vaccine-requirements/pcv-childcare-2025/
South Dakota,PCV,Childcare,year_first_implemented,2016,2025,https://www.immunize.org/official-guidance/state-policies/vaccine-requirements/pcv-childcare-2025/
Tennessee,PCV,Childcare,required,yes,2025,https://www.immunize.org/official-guidance/state-policies/vaccine-requirements/pcv-childcare-2025/
Tennessee,PCV,Childcare,year_first_implemented,2010,2025,https://www.immunize.org/official-guidance/state-policies/vaccine-requirements/pcv-childcare-2025/
Texas,PCV,Childcare,required,yes,2025,https://www.immunize.org/official-guidance/state-policies/vaccine-requirements/pcv-childcare-2025/
Texas,PCV,Childcare,year_first_implemented,2005,2025,https://www.immunize.org/official-guidance/state-policies/vaccine-requirements/pcv-childcare-2025/
Utah,PCV,Childcare,required,yes,2025,https://www.immunize.org/official-guidance/state-policies/vaccine-requirements/pcv-childcare-2025/
Utah,PCV,Childcare,year_first_implemented,2008,2025,https://www.immunize.org/official-guidance/state-policies/vaccine-requirements/pcv-childcare-2025/
Vermont,PCV,Childcare,required,yes,2025,https://www.immunize.org/official-guidance/state-policies/vaccine-requirements/pcv-childcare-2025/
Vermont,PCV,Childcare,year_first_implemented,2011,2025,https://www.immunize.org/official-guidance/state-policies/vaccine-requirements/pcv-childcare-2025/
Virginia,PCV,Childcare,required,yes,2025,https://www.immunize.org/official-guidance/state-policies/vaccine-requirements/pcv-childcare-2025/
Virginia,PCV,Childcare,year_first_implemented,2006,2025,https://www.immunize.org/official-guidance/state-policies/vaccine-requirements/pcv-childcare-2025/
Washington,PCV,Childcare,required,yes,2025,https://www.immunize.org/official-guidance/state-policies/vaccine-requirements/pcv-childcare-2025/
Washington,PCV,Childcare,year_first_implemented,2008,2025,https://www.immunize.org/official-guidance/state-policies/vaccine-requirements/pcv-childcare-2025/
Wisconsin,PCV,Childcare,required,yes,2025,https://www.immunize.org/official-guidance/state-policies/vaccine-requirements/pcv-childcare-2025/
Wisconsin,PCV,Childcare,year_first_implemented,2008,2025,https://www.immunize.org/official-guidance/state-policies/vaccine-requirements/pcv-childcare-2025/
Wyoming,PCV,Childcare,required,yes,2025,https://www.immunize.org/official-guidance/state-policies/vaccine-requirements/pcv-childcare-2025/
Wyoming,PCV,Childcare,year_first_implemented,2018,2025,https://www.immunize.org/official-guidance/state-policies/vaccine-requirements/pcv-childcare-2025/
Alabama,Polio,Childcare,required,yes,2025,https://www.immunize.org/official-guidance/state-policies/vaccine-requirements/polio-child-school-2025/
Alabama,Polio,Childcare,grades_included,K–12,2025,https://www.immunize.org/official-guidance/state-policies/vaccine-requirements/polio-child-school-2025/
Alabama,Polio,Childcare,year_first_implemented,longstanding,2025,https://www.immunize.org/official-guidance/state-policies/vaccine-requirements/polio-child-school-2025/
Alaska,Polio,Childcare,required,yes,2025,https://www.immunize.org/official-guidance/state-policies/vaccine-requirements/polio-child-school-2025/
Alaska,Polio,Childcare,grades_included,K–12,2025,https://www.immunize.org/official-guidance/state-policies/vaccine-requirements/polio-child-school-2025/
Alaska,Polio,Childcare,year_first_implemented,longstanding,2025,https://www.immunize.org/official-guidance/state-policies/vaccine-requirements/polio-child-school-2025/
Arizona,Polio,Childcare,required,yes,2025,https://www.immunize.org/official-guidance/state-policies/vaccine-requirements/polio-child-school-2025/
Arizona,Polio,Childcare,grades_included,K–12,2025,https://www.immunize.org/official-guidance/state-policies/vaccine-requirements/polio-child-school-2025/
Arizona,Polio,Childcare,year_first_implemented,longstanding,2025,https://www.immunize.org/official-guidance/state-policies/vaccine-requirements/polio-child-school-2025/
Arkansas,Polio,Childcare,required,yes,2025,https://www.immunize.org/official-guidance/state-policies/vaccine-requirements/polio-child-school-2025/
Arkansas,Polio,Childcare,grades_included,K–12,2025,https://www.immunize.org/official-guidance/state-policies/vaccine-requirements/polio-child-school-2025/
Arkansas,Polio,Childcare,year_first_implemented,longstanding,2025,https://www.immunize.org/official-guidance/state-policies/vaccine-requirements/polio-child-school-2025/
California,Polio,Childcare,required,yes,2025,https://www.immunize.org/official-guidance/state-policies/vaccine-requirements/polio-child-school-2025/
California,Polio,Childcare,grades_included,K–12,2025,https://www.immunize.org/official-guidance/state-policies/vaccine-requirements/polio-child-school-2025/
California,Polio,Childcare,year_first_implemented,longstanding,2025,https://www.immunize.org/official-guidance/state-policies/vaccine-requirements/polio-child-school-2025/
Colorado,Polio,Childcare,required,yes,2025,https://www.immunize.org/official-guidance/state-policies/vaccine-requirements/polio-child-school-2025/
Colorado,Polio,Childcare,grades_included,K–12,2025,https://www.immunize.org/official-guidance/state-policies/vaccine-requirements/polio-child-school-2025/
Colorado,Polio,Childcare,year_first_implemented,longstanding,2025,https://www.immunize.org/official-guidance/state-policies/vaccine-requirements/polio-child-school-2025/
Connecticut,Polio,Childcare,required,yes,2025,https://www.immunize.org/official-guidance/state-policies/vaccine-requirements/polio-child-school-2025/
Connecticut,Polio,Childcare,grades_included,K–12,2025,https://www.immunize.org/official-guidance/state-policies/vaccine-requirements/polio-child-school-2025/
Connecticut,Polio,Childcare,year_first_implemented,longstanding,2025,https://www.immunize.org/official-guidance/state-policies/vaccine-requirements/polio-child-school-2025/
Delaware,Polio,Childcare,required,yes,2025,https://www.immunize.org/official-guidance/state-policies/vaccine-requirements/polio-child-school-2025/
Delaware,Polio,Childcare,grades_included,K–12,2025,https://www.immunize.org/official-guidance/state-policies/vaccine-requirements/polio-child-school-2025/
Delaware,Polio,Childcare,year_first_implemented,longstanding,2025,https://www.immunize.org/official-guidance/state-policies/vaccine-requirements/polio-child-school-2025/
District of Columbia,Polio,Childcare,required,yes,2025,https://www.immunize.org/official-guidance/state-policies/vaccine-requirements/polio-child-school-2025/
District of Columbia,Polio,Childcare,grades_included,K–12,2025,https://www.immunize.org/official-guidance/state-policies/vaccine-requirements/polio-child-school-2025/
District of Columbia,Polio,Childcare,year_first_implemented,longstanding,2025,https://www.immunize.org/official-guidance/state-policies/vaccine-requirements/polio-child-school-2025/
Florida,Polio,Childcare,required,yes,2025,https://www.immunize.org/official-guidance/state-policies/vaccine-requirements/polio-child-school-2025/
Florida,Polio,Childcare,grades_included,K–12,2025,https://www.immunize.org/official-guidance/state-policies/vaccine-requirements/polio-child-school-2025/
Florida,Polio,Childcare,year_first_implemented,longstanding,2025,https://www.immunize.org/official-guidance/state-policies/vaccine-requirements/polio-child-school-2025/
Georgia,Polio,Childcare,required,yes,2025,https://www.immunize.org/official-guidance/state-policies/vaccine-requirements/polio-child-school-2025/
Georgia,Polio,Childcare,grades_included,K–12,2025,https://www.immunize.org/official-guidance/state-policies/vaccine-requirements/polio-child-school-2025/
Georgia,Polio,Childcare,year_first_implemented,longstanding,2025,https://www.immunize.org/official-guidance/state-policies/vaccine-requirements/polio-child-school-2025/
Hawaii,Polio,Childcare,required,yes,2025,https://www.immunize.org/official-guidance/state-policies/vaccine-requirements/polio-child-school-2025/
Hawaii,Polio,Childcare,grades_included,K–12,2025,https://www.immunize.org/official-guidance/state-policies/vaccine-requirements/polio-child-school-2025/
Hawaii,Polio,Childcare,year_first_implemented,longstanding,2025,https://www.immunize.org/official-guidance/state-policies/vaccine-requirements/polio-child-school-2025/
Idaho,Polio,Childcare,required,yes,2025,https://www.immunize.org/official-guidance/state-policies/vaccine-requirements/polio-child-school-2025/
Idaho,Polio,Childcare,grades_included,K–12,2025,https://www.immunize.org/official-guidance/state-policies/vaccine-requirements/polio-child-school-2025/
Idaho,Polio,Childcare,year_first_implemented,longstanding,2025,https://www.immunize.org/official-guidance/state-policies/vaccine-requirements/polio-child-school-2025/
Illinois,Polio,Childcare,required,yes,2025,https://www.immunize.org/official-guidance/state-policies/vaccine-requirements/polio-child-school-2025/
Illinois,Polio,Childcare,grades_included,K–12,2025,https://www.immunize.org/official-guidance/state-policies/vaccine-requirements/polio-child-school-2025/
Illinois,Polio,Childcare,year_first_implemented,longstanding,2025,https://www.immunize.org/official-guidance/state-policies/vaccine-requirements/polio-child-school-2025/
Indiana,Polio,Childcare,required,yes,2025,https://www.immunize.org/official-guidance/state-policies/vaccine-requirements/polio-child-school-2025/
Indiana,Polio,Childcare,grades_included,K–12,2025,https://www.immunize.org/official-guidance/state-policies/vaccine-requirements/polio-child-school-2025/
Indiana,Polio,Childcare,year_first_implemented,longstanding,2025,https://www.immunize.org/official-guidance/state-policies/vaccine-requirements/polio-child-school-2025/
Iowa,Polio,Childcare,required,yes,2025,https://www.immunize.org/official-guidance/state-policies/vaccine-requirements/polio-child-school-2025/
Iowa,Polio,Childcare,grades_included,K–12,2025,https://www.immunize.org/official-guidance/state-policies/vaccine-requirements/polio-child-school-2025/
Iowa,Polio,Childcare,year_first_implemented,longstanding,2025,https://www.immunize.org/official-guidance/state-policies/vaccine-requirements/polio-child-school-2025/
Kansas,Polio,Childcare,required,yes,2025,https://www.immunize.org/official-guidance/state-policies/vaccine-requirements/polio-child-school-2025/
Kansas,Polio,Childcare,grades_included,K–12,2025,https://www.immunize.org/official-guidance/state-policies/vaccine-requirements/polio-child-school-2025/
Kansas,Polio,Childcare,year_first_implemented,longstanding,2025,https://www.immunize.org/official-guidance/state-policies/vaccine-requirements/polio-child-school-2025/
Kentucky,Polio,Childcare,required,yes,2025,https://www.immunize.org/official-guidance/state-policies/vaccine-requirements/polio-child-school-2025/
Kentucky,Polio,Childcare,grades_included,K–12,2025,https://www.immunize.org/official-guidance/state-policies/vaccine-requirements/polio-child-school-2025/
Kentucky,Polio,Childcare,year_first_implemented,longstanding,2025,https://www.immunize.org/official-guidance/state-policies/vaccine-requirements/polio-child-school-2025/
Louisiana,Polio,Childcare,required,yes,2025,https://www.immunize.org/official-guidance/state-policies/vaccine-requirements/polio-child-school-2025/
Louisiana,Polio,Childcare,grades_included,K–12,2025,https://www.immunize.org/official-guidance/state-policies/vaccine-requirements/polio-child-school-2025/
Louisiana,Polio,Childcare,year_first_implemented,longstanding,2025,https://www.immunize.org/official-guidance/state-policies/vaccine-requirements/polio-child-school-2025/
Maine,Polio,Childcare,required,yes,2025,https://www.immunize.org/official-guidance/state-policies/vaccine-requirements/polio-child-school-2025/
Maine,Polio,Childcare,grades_included,K–12,2025,https://www.immunize.org/official-guidance/state-policies/vaccine-requirements/polio-child-school-2025/
Maine,Polio,Childcare,year_first_implemented,longstanding,2025,https://www.immunize.org/official-guidance/state-policies/vaccine-requirements/polio-child-school-2025/
Maryland,Polio,Childcare,required,yes,2025,https://www.immunize.org/official-guidance/state-policies/vaccine-requirements/polio-child-school-2025/
Maryland,Polio,Childcare,grades_included,K–12,2025,https://www.immunize.org/official-guidance/state-policies/vaccine-requirements/polio-child-school-2025/
Maryland,Polio,Childcare,year_first_implemented,longstanding,2025,https://www.immunize.org/official-guidance/state-policies/vaccine-requirements/polio-child-school-2025/
Massachusetts,Polio,Childcare,required,yes,2025,https://www.immunize.org/official-guidance/state-policies/vaccine-requirements/polio-child-school-2025/
Massachusetts,Polio,Childcare,grades_included,K–12,2025,https://www.immunize.org/official-guidance/state-policies/vaccine-requirements/polio-child-school-2025/
Massachusetts,Polio,Childcare,year_first_implemented,longstanding,2025,https://www.immunize.org/official-guidance/state-policies/vaccine-requirements/polio-child-school-2025/
Michigan,Polio,Childcare,required,yes,2025,https://www.immunize.org/official-guidance/state-policies/vaccine-requirements/polio-child-school-2025/
Michigan,Polio,Childcare,grades_included,K–12,2025,https://www.immunize.org/official-guidance/state-policies/vaccine-requirements/polio-child-school-2025/
Michigan,Polio,Childcare,year_first_implemented,longstanding,2025,https://www.immunize.org/official-guidance/state-policies/vaccine-requirements/polio-child-school-2025/
Minnesota,Polio,Childcare,required,yes,2025,https://www.immunize.org/official-guidance/state-policies/vaccine-requirements/polio-child-school-2025/
Minnesota,Polio,Childcare,grades_included,K–12,2025,https://www.immunize.org/official-guidance/state-policies/vaccine-requirements/polio-child-school-2025/
Minnesota,Polio,Childcare,year_first_implemented,longstanding,2025,https://www.immunize.org/official-guidance/state-policies/vaccine-requirements/polio-child-school-2025/
Mississippi,Polio,Childcare,required,yes,2025,https://www.immunize.org/official-guidance/state-policies/vaccine-requirements/polio-child-school-2025/
Mississippi,Polio,Childcare,grades_included,K–12,2025,https://www.immunize.org/official-guidance/state-policies/vaccine-requirements/polio-child-school-2025/
Mississippi,Polio,Childcare,year_first_implemented,longstanding,2025,https://www.immunize.org/official-guidance/state-policies/vaccine-requirements/polio-child-school-2025/
Missouri,Polio,Childcare,required,yes,2025,https://www.immunize.org/official-guidance/state-policies/vaccine-requirements/polio-child-school-2025/
Missouri,Polio,Childcare,grades_included,K–12,2025,https://www.immunize.org/official-guidance/state-policies/vaccine-requirements/polio-child-school-2025/
Missouri,Polio,Childcare,year_first_implemented,longstanding,2025,https://www.immunize.org/official-guidance/state-policies/vaccine-requirements/polio-child-school-2025/
Montana,Polio,Childcare,required,yes,2025,https://www.immunize.org/official-guidance/state-policies/vaccine-requirements/polio-child-school-2025/
Montana,Polio,Childcare,grades_included,K–12,2025,https://www.immunize.org/official-guidance/state-policies/vaccine-requirements/polio-child-school-2025/
Montana,Polio,Childcare,year_first_implemented,longstanding,2025,https://www.immunize.org/official-guidance/state-policies/vaccine-requirements/polio-child-school-2025/
Nebraska,Polio,Childcare,required,yes,2025,https://www.immunize.org/official-guidance/state-policies/vaccine-requirements/polio-child-school-2025/
Nebraska,Polio,Childcare,grades_included,K–12,2025,https://www.immunize.org/official-guidance/state-policies/vaccine-requirements/polio-child-school-2025/
Nebraska,Polio,Childcare,year_first_implemented,longstanding,2025,https://www.immunize.org/official-guidance/state-policies/vaccine-requirements/polio-child-school-2025/
Nevada,Polio,Childcare,required,yes,2025,https://www.immunize.org/official-guidance/state-policies/vaccine-requirements/polio-child-school-2025/
Nevada,Polio,Childcare,grades_included,K–12,2025,https://www.immunize.org/official-guidance/state-policies/vaccine-requirements/polio-child-school-2025/
Nevada,Polio,Childcare,year_first_implemented,longstanding,2025,https://www.immunize.org/official-guidance/state-policies/vaccine-requirements/polio-child-school-2025/
New Hampshire,Polio,Childcare,required,yes,2025,https://www.immunize.org/official-guidance/state-policies/vaccine-requirements/polio-child-school-2025/
New Hampshire,Polio,Childcare,grades_included,K–12,2025,https://www.immunize.org/official-guidance/state-policies/vaccine-requirements/polio-child-school-2025/
New Hampshire,Polio,Childcare,year_first_implemented,longstanding,2025,https://www.immunize.org/official-guidance/state-policies/vaccine-requirements/polio-child-school-2025/
New Jersey,Polio,Childcare,required,yes,2025,https://www.immunize.org/official-guidance/state-policies/vaccine-requirements/polio-child-school-2025/
New Jersey,Polio,Childcare,grades_included,K–12,2025,https://www.immunize.org/official-guidance/state-policies/vaccine-requirements/polio-child-school-2025/
New Jersey,Polio,Childcare,year_first_implemented,longstanding,2025,https://www.immunize.org/official-guidance/state-policies/vaccine-requirements/polio-child-school-2025/
New Mexico,Polio,Childcare,required,yes,2025,https://www.immunize.org/official-guidance/state-policies/vaccine-requirements/polio-child-school-2025/
New Mexico,Polio,Childcare,grades_included,K–12,2025,https://www.immunize.org/official-guidance/state-policies/vaccine-requirements/polio-child-school-2025/
New Mexico,Polio,Childcare,year_first_implemented,longstanding,2025,https://www.immunize.org/official-guidance/state-policies/vaccine-requirements/polio-child-school-2025/
New York,Polio,Childcare,required,yes,2025,https://www.immunize.org/official-guidance/state-policies/vaccine-requirements/polio-child-school-2025/
New York,Polio,Childcare,grades_included,K–12,2025,https://www.immunize.org/official-guidance/state-policies/vaccine-requirements/polio-child-school-2025/
New York,Polio,Childcare,year_first_implemented,longstanding,2025,https://www.immunize.org/official-guidance/state-policies/vaccine-requirements/polio-child-school-2025/
North Carolina,Polio,Childcare,required,yes,2025,https://www.immunize.org/official-guidance/state-policies/vaccine-requirements/polio-child-school-2025/
North Carolina,Polio,Childcare,grades_included,K–12,2025,https://www.immunize.org/official-guidance/state-policies/vaccine-requirements/polio-child-school-2025/
North Carolina,Polio,Childcare,year_first_implemented,longstanding,2025,https://www.immunize.org/official-guidance/state-policies/vaccine-requirements/polio-child-school-2025/
North Dakota,Polio,Childcare,required,yes,2025,https://www.immunize.org/official-guidance/state-policies/vaccine-requirements/polio-child-school-2025/
North Dakota,Polio,Childcare,grades_included,K–12,2025,https://www.immunize.org/official-guidance/state-policies/vaccine-requirements/polio-child-school-2025/
North Dakota,Polio,Childcare,year_first_implemented,longstanding,2025,https://www.immunize.org/official-guidance/state-policies/vaccine-requirements/polio-child-school-2025/
Ohio,Polio,Childcare,required,yes,2025,https://www.immunize.org/official-guidance/state-policies/vaccine-requirements/polio-child-school-2025/
Ohio,Polio,Childcare,grades_included,K–12,2025,https://www.immunize.org/official-guidance/state-policies/vaccine-requirements/polio-child-school-2025/
Ohio,Polio,Childcare,year_first_implemented,longstanding,2025,https://www.immunize.org/official-guidance/state-policies/vaccine-requirements/polio-child-school-2025/
Oklahoma,Polio,Childcare,required,yes,2025,https://www.immunize.org/official-guidance/state-policies/vaccine-requirements/polio-child-school-2025/
Oklahoma,Polio,Childcare,grades_included,K–12,2025,https://www.immunize.org/official-guidance/state-policies/vaccine-requirements/polio-child-school-2025/
Oklahoma,Polio,Childcare,year_first_implemented,longstanding,2025,https://www.immunize.org/official-guidance/state-policies/vaccine-requirements/polio-child-school-2025/
Oregon,Polio,Childcare,required,yes,2025,https://www.immunize.org/official-guidance/state-policies/vaccine-requirements/polio-child-school-2025/
Oregon,Polio,Childcare,grades_included,K–12,2025,https://www.immunize.org/official-guidance/state-policies/vaccine-requirements/polio-child-school-2025/
Oregon,Polio,Childcare,year_first_implemented,longstanding,2025,https://www.immunize.org/official-guidance/state-policies/vaccine-requirements/polio-child-school-2025/
Pennsylvania,Polio,Childcare,required,yes,2025,https://www.immunize.org/official-guidance/state-policies/vaccine-requirements/polio-child-school-2025/
Pennsylvania,Polio,Childcare,grades_included,K–12,2025,https://www.immunize.org/official-guidance/state-policies/vaccine-requirements/polio-child-school-2025/
Pennsylvania,Polio,Childcare,year_first_implemented,longstanding,2025,https://www.immunize.org/official-guidance/state-policies/vaccine-requirements/polio-child-school-2025/
Rhode Island,Polio,Childcare,required,yes,2025,https://www.immunize.org/official-guidance/state-policies/vaccine-requirements/polio-child-school-2025/
Rhode Island,Polio,Childcare,grades_included,K–12,2025,https://www.immunize.org/official-guidance/state-policies/vaccine-requirements/polio-child-school-2025/
Rhode Island,Polio,Childcare,year_first_implemented,longstanding,2025,https://www.immunize.org/official-guidance/state-policies/vaccine-requirements/polio-child-school-2025/
South Carolina,Polio,Childcare,required,yes,2025,https://www.immunize.org/official-guidance/state-policies/vaccine-requirements/polio-child-school-2025/
South Carolina,Polio,Childcare,grades_included,K–12,2025,https://www.immunize.org/official-guidance/state-policies/vaccine-requirements/polio-child-school-2025/
South Carolina,Polio,Childcare,year_first_implemented,longstanding,2025,https://www.immunize.org/official-guidance/state-policies/vaccine-requirements/polio-child-school-2025/
South Dakota,Polio,Childcare,required,yes,2025,https://www.immunize.org/official-guidance/state-policies/vaccine-requirements/polio-child-school-2025/
South Dakota,Polio,Childcare,grades_included,K–12,2025,https://www.immunize.org/official-guidance/state-policies/vaccine-requirements/polio-child-school-2025/
South Dakota,Polio,Childcare,year_first_implemented,longstanding,2025,https://www.immunize.org/official-guidance/state-policies/vaccine-requirements/polio-child-school-2025/
Tennessee,Polio,Childcare,required,yes,2025,https://www.immunize.org/official-guidance/state-policies/vaccine-requirements/polio-child-school-2025/
Tennessee,Polio,Childcare,grades_included,K–12,2025,https://www.immunize.org/official-guidance/state-policies/vaccine-requirements/polio-child-school-2025/
Tennessee,Polio,Childcare,year_first_implemented,longstanding,2025,https://www.immunize.org/official-guidance/state-policies/vaccine-requirements/polio-child-school-2025/
Texas,Polio,Childcare,required,yes,2025,https://www.immunize.org/official-guidance/state-policies/vaccine-requirements/polio-child-school-2025/
Texas,Polio,Childcare,grades_included,K–12,2025,https://www.immunize.org/official-guidance/state-policies/vaccine-requirements/polio-child-school-2025/
Texas,Polio,Childcare,year_first_implemented,longstanding,2025,https://www.immunize.org/official-guidance/state-policies/vaccine-requirements/polio-child-school-2025/
Utah,Polio,Childcare,required,yes,2025,https://www.immunize.org/official-guidance/state-policies/vaccine-requirements/polio-child-school-2025/
Utah,Polio,Childcare,grades_included,K–12,2025,https://www.immunize.org/official-guidance/state-policies/vaccine-requirements/polio-child-school-2025/
Utah,Polio,Childcare,year_first_implemented,longstanding,2025,https://www.immunize.org/official-guidance/state-policies/vaccine-requirements/polio-child-school-2025/
Vermont,Polio,Childcare,required,yes,2025,https://www.immunize.org/official-guidance/state-policies/vaccine-requirements/polio-child-school-2025/
Vermont,Polio,Childcare,grades_included,K–12,2025,https://www.immunize.org/official-guidance/state-policies/vaccine-requirements/polio-child-school-2025/
Vermont,Polio,Childcare,year_first_implemented,longstanding,2025,https://www.immunize.org/official-guidance/state-policies/vaccine-requirements/polio-child-school-2025/
Virginia,Polio,Childcare,required,yes,2025,https://www.immunize.org/official-guidance/state-policies/vaccine-requirements/polio-child-school-2025/
Virginia,Polio,Childcare,grades_included,K–12,2025,https://www.immunize.org/official-guidance/state-policies/vaccine-requirements/polio-child-school-2025/
Virginia,Polio,Childcare,year_first_implemented,longstanding,2025,https://www.immunize.org/official-guidance/state-policies/vaccine-requirements/polio-child-school-2025/
Washington,Polio,Childcare,required,yes,2025,https://www.immunize.org/official-guidance/state-policies/vaccine-requirements/polio-child-school-2025/
Washington,Polio,Childcare,grades_included,K–12,2025,https://www.immunize.org/official-guidance/state-policies/vaccine-requirements/polio-child-school-2025/
Washington,Polio,Childcare,year_first_implemented,longstanding,2025,https://www.immunize.org/official-guidance/state-policies/vaccine-requirements/polio-child-school-2025/
West Virginia,Polio,Childcare,required,yes,2025,https://www.immunize.org/official-guidance/state-policies/vaccine-requirements/polio-child-school-2025/
West Virginia,Polio,Childcare,grades_included,K–12,2025,https://www.immunize.org/official-guidance/state-policies/vaccine-requirements/polio-child-school-2025/
West Virginia,Polio,Childcare,year_first_implemented,longstanding,2025,https://www.immunize.org/official-guidance/state-policies/vaccine-requirements/polio-child-school-2025/
Wisconsin,Polio,Childcare,required,yes,2025,https://www.immunize.org/official-guidance/state-policies/vaccine-requirements/polio-child-school-2025/
Wisconsin,Polio,Childcare,grades_included,K–12,2025,https://www.immunize.org/official-guidance/state-policies/vaccine-requirements/polio-child-school-2025/
Wisconsin,Polio,Childcare,year_first_implemented,longstanding,2025,https://www.immunize.org/official-guidance/state-policies/vaccine-requirements/polio-child-school-2025/
Wyoming,Polio,Childcare,required,yes,2025,https://www.immunize.org/official-guidance/state-policies/vaccine-requirements/polio-child-school-2025/
Wyoming,Polio,Childcare,grades_included,K–12,2025,https://www.immunize.org/official-guidance/state-policies/vaccine-requirements/polio-child-school-2025/
Wyoming,Polio,Childcare,year_first_implemented,longstanding,2025,https://www.immunize.org/official-guidance/state-policies/vaccine-requirements/polio-child-school-2025/
Idaho,Rotavirus,Childcare,required,yes,2025,https://www.immunize.org/official-guidance/state-policies/vaccine-requirements/rotavirus-childcare-2025/
Idaho,Rotavirus,Childcare,year_first_implemented,2011,2025,https://www.immunize.org/official-guidance/state-policies/vaccine-requirements/rotavirus-childcare-2025/
Louisiana,Rotavirus,Childcare,required,yes,2025,https://www.immunize.org/official-guidance/state-policies/vaccine-requirements/rotavirus-childcare-2025/
Louisiana,Rotavirus,Childcare,year_first_implemented,2009,2025,https://www.immunize.org/official-guidance/state-policies/vaccine-requirements/rotavirus-childcare-2025/
North Dakota,Rotavirus,Childcare,required,yes,2025,https://www.immunize.org/official-guidance/state-policies/vaccine-requirements/rotavirus-childcare-2025/
North Dakota,Rotavirus,Childcare,year_first_implemented,2008,2025,https://www.immunize.org/official-guidance/state-policies/vaccine-requirements/rotavirus-childcare-2025/
Ohio,Rotavirus,Childcare,required,yes,2025,https://www.immunize.org/official-guidance/state-policies/vaccine-requirements/rotavirus-childcare-2025/
Ohio,Rotavirus,Childcare,year_first_implemented,2015,2025,https://www.immunize.org/official-guidance/state-policies/vaccine-requirements/rotavirus-childcare-2025/
Pennsylvania,Rotavirus,Childcare,required,yes,2025,https://www.immunize.org/official-guidance/state-policies/vaccine-requirements/rotavirus-childcare-2025/
Pennsylvania,Rotavirus,Childcare,year_first_implemented,1999,2025,https://www.immunize.org/official-guidance/state-policies/vaccine-requirements/rotavirus-childcare-2025/
Rhode Island,Rotavirus,Childcare,required,yes,2025,https://www.immunize.org/official-guidance/state-policies/vaccine-requirements/rotavirus-childcare-2025/
Rhode Island,Rotavirus,Childcare,year_first_implemented,2015,2025,https://www.immunize.org/official-guidance/state-policies/vaccine-requirements/rotavirus-childcare-2025/
Virginia,Rotavirus,Childcare,required,yes,2025,https://www.immunize.org/official-guidance/state-policies/vaccine-requirements/rotavirus-childcare-2025/
Virginia,Rotavirus,Childcare,year_first_implemented,2021,2025,https://www.immunize.org/official-guidance/state-policies/vaccine-requirements/rotavirus-childcare-2025/
Wyoming,Rotavirus,Childcare,required,yes,2025,https://www.immunize.org/official-guidance/state-policies/vaccine-requirements/rotavirus-childcare-2025/
Wyoming,Rotavirus,Childcare,year_first_implemented,2018,2025,https://www.immunize.org/official-guidance/state-policies/vaccine-requirements/rotavirus-childcare-2025/
Alabama,Tdap,School,required,yes,2025,https://www.immunize.org/official-guidance/state-policies/vaccine-requirements/tdap-school-2025/
Alabama,Tdap,School,age_or_grade,Gr 6–12,2025,https://www.immunize.org/official-guidance/state-policies/vaccine-requirements/tdap-school-2025/
Alabama,Tdap,School,year_first_implemented,2010,2025,https://www.immunize.org/official-guidance/state-policies/vaccine-requirements/tdap-school-2025/
Alaska,Tdap,School,required,yes,2025,https://www.immunize.org/official-guidance/state-policies/vaccine-requirements/tdap-school-2025/
Alaska,Tdap,School,age_or_grade,required 10 years after most recent tetanus-diphtheria-containing vaccine,2025,https://www.immunize.org/official-guidance/state-policies/vaccine-requirements/tdap-school-2025/
Alaska,Tdap,School,year_first_implemented,2009,2025,https://www.immunize.org/official-guidance/state-policies/vaccine-requirements/tdap-school-2025/
Arizona,Tdap,School,required,yes,2025,https://www.immunize.org/official-guidance/state-policies/vaccine-requirements/tdap-school-2025/
Arizona,Tdap,School,age_or_grade,Age 11 or older,2025,https://www.immunize.org/official-guidance/state-policies/vaccine-requirements/tdap-school-2025/
Arizona,Tdap,School,year_first_implemented,2008,2025,https://www.immunize.org/official-guidance/state-policies/vaccine-requirements/tdap-school-2025/
Arkansas,Tdap,School,required,yes,2025,https://www.immunize.org/official-guidance/state-policies/vaccine-requirements/tdap-school-2025/
Arkansas,Tdap,School,age_or_grade,Age 11 or older,2025,https://www.immunize.org/official-guidance/state-policies/vaccine-requirements/tdap-school-2025/
Arkansas,Tdap,School,year_first_implemented,2014,2025,https://www.immunize.org/official-guidance/state-policies/vaccine-requirements/tdap-school-2025/
California,Tdap,School,required,yes,2025,https://www.immunize.org/official-guidance/state-policies/vaccine-requirements/tdap-school-2025/
California,Tdap,School,age_or_grade,Gr 7,2025,https://www.immunize.org/official-guidance/state-policies/vaccine-requirements/tdap-school-2025/
California,Tdap,School,year_first_implemented,2011,2025,https://www.immunize.org/official-guidance/state-policies/vaccine-requirements/tdap-school-2025/
Colorado,Tdap,School,required,yes,2025,https://www.immunize.org/official-guidance/state-policies/vaccine-requirements/tdap-school-2025/
Colorado,Tdap,School,age_or_grade,Gr 6–12,2025,https://www.immunize.org/official-guidance/state-policies/vaccine-requirements/tdap-school-2025/
Colorado,Tdap,School,year_first_implemented,2007,2025,https://www.immunize.org/official-guidance/state-policies/vaccine-requirements/tdap-school-2025/
Connecticut,Tdap,School,required,yes,2025,https://www.immunize.org/official-guidance/state-policies/vaccine-requirements/tdap-school-2025/
Connecticut,Tdap,School,age_or_grade,Gr 7,2025,https://www.immunize.org/official-guidance/state-policies/vaccine-requirements/tdap-school-2025/
Connecticut,Tdap,School,year_first_implemented,2011,2025,https://www.immunize.org/official-guidance/state-policies/vaccine-requirements/tdap-school-2025/
Delaware,Tdap,School,required,yes,2025,https://www.immunize.org/official-guidance/state-policies/vaccine-requirements/tdap-school-2025/
Delaware,Tdap,School,age_or_grade,Gr 9–12,2025,https://www.immunize.org/official-guidance/state-policies/vaccine-requirements/tdap-school-2025/
Delaware,Tdap,School,year_first_implemented,2016,2025,https://www.immunize.org/official-guidance/state-policies/vaccine-requirements/tdap-school-2025/
District of Columbia,Tdap,School,required,yes,2025,https://www.immunize.org/official-guidance/state-policies/vaccine-requirements/tdap-school-2025/
District of Columbia,Tdap,School,age_or_grade,Gr 6–12,2025,https://www.immunize.org/official-guidance/state-policies/vaccine-requirements/tdap-school-2025/
District of Columbia,Tdap,School,year_first_implemented,2008,2025,https://www.immunize.org/official-guidance/state-policies/vaccine-requirements/tdap-school-2025/
Florida,Tdap,School,required,yes,2025,https://www.immunize.org/official-guidance/state-policies/vaccine-requirements/tdap-school-2025/
Florida,Tdap,School,age_or_grade,Gr 7–12,2025,https://www.immunize.org/official-guidance/state-policies/vaccine-requirements/tdap-school-2025/
Florida,Tdap,School,year_first_implemented,2009,2025,https://www.immunize.org/official-guidance/state-policies/vaccine-requirements/tdap-school-2025/
Georgia,Tdap,School,required,yes,2025,https://www.immunize.org/official-guidance/state-policies/vaccine-requirements/tdap-school-2025/
Georgia,Tdap,School,age_or_grade,Gr 7–12,2025,https://www.immunize.org/official-guidance/state-policies/vaccine-requirements/tdap-school-2025/
Georgia,Tdap,School,year_first_implemented,2014,2025,https://www.immunize.org/official-guidance/state-policies/vaccine-requirements/tdap-school-2025/
Georgia,Tdap,School,historical_note,Gr 7: born on/after 1/1/2002 Gr 8–12: new entrants,2025,https://www.immunize.org/official-guidance/state-policies/vaccine-requirements/tdap-school-2025/
Hawaii,Tdap,School,required,yes,2025,https://www.immunize.org/official-guidance/state-policies/vaccine-requirements/tdap-school-2025/
Hawaii,Tdap,School,age_or_grade,Gr 7–12,2025,https://www.immunize.org/official-guidance/state-policies/vaccine-requirements/tdap-school-2025/
Hawaii,Tdap,School,year_first_implemented,2020,2025,https://www.immunize.org/official-guidance/state-policies/vaccine-requirements/tdap-school-2025/
Hawaii,Tdap,School,historical_note,Gr 7: all Gr 8–12: new entrants,2025,https://www.immunize.org/official-guidance/state-policies/vaccine-requirements/tdap-school-2025/
Idaho,Tdap,School,required,yes,2025,https://www.immunize.org/official-guidance/state-policies/vaccine-requirements/tdap-school-2025/
Idaho,Tdap,School,age_or_grade,Gr 7–12,2025,https://www.immunize.org/official-guidance/state-policies/vaccine-requirements/tdap-school-2025/
Idaho,Tdap,School,year_first_implemented,2011,2025,https://www.immunize.org/official-guidance/state-policies/vaccine-requirements/tdap-school-2025/
Illinois,Tdap,School,required,yes,2025,https://www.immunize.org/official-guidance/state-policies/vaccine-requirements/tdap-school-2025/
Illinois,Tdap,School,age_or_grade,Gr 6–12,2025,https://www.immunize.org/official-guidance/state-policies/vaccine-requirements/tdap-school-2025/
Illinois,Tdap,School,year_first_implemented,2012,2025,https://www.immunize.org/official-guidance/state-policies/vaccine-requirements/tdap-school-2025/
Indiana,Tdap,School,required,yes,2025,https://www.immunize.org/official-guidance/state-policies/vaccine-requirements/tdap-school-2025/
Indiana,Tdap,School,age_or_grade,Gr 6–12,2025,https://www.immunize.org/official-guidance/state-policies/vaccine-requirements/tdap-school-2025/
Indiana,Tdap,School,year_first_implemented,2010,2025,https://www.immunize.org/official-guidance/state-policies/vaccine-requirements/tdap-school-2025/
Iowa,Tdap,School,required,yes,2025,https://www.immunize.org/official-guidance/state-policies/vaccine-requirements/tdap-school-2025/
Iowa,Tdap,School,age_or_grade,Gr 7–12,2025,https://www.immunize.org/official-guidance/state-policies/vaccine-requirements/tdap-school-2025/
Iowa,Tdap,School,year_first_implemented,2013,2025,https://www.immunize.org/official-guidance/state-policies/vaccine-requirements/tdap-school-2025/
Iowa,Tdap,School,historical_note,2024: requirement to be born on/after 9/15/2000 removed,2025,https://www.immunize.org/official-guidance/state-policies/vaccine-requirements/tdap-school-2025/
Kansas,Tdap,School,required,yes,2025,https://www.immunize.org/official-guidance/state-policies/vaccine-requirements/tdap-school-2025/
Kansas,Tdap,School,age_or_grade,Gr 7,2025,https://www.immunize.org/official-guidance/state-policies/vaccine-requirements/tdap-school-2025/
Kansas,Tdap,School,year_first_implemented,2009,2025,https://www.immunize.org/official-guidance/state-policies/vaccine-requirements/tdap-school-2025/
Kentucky,Tdap,School,required,yes,2025,https://www.immunize.org/official-guidance/state-policies/vaccine-requirements/tdap-school-2025/
Kentucky,Tdap,School,age_or_grade,Gr 6,2025,https://www.immunize.org/official-guidance/state-policies/vaccine-requirements/tdap-school-2025/
Kentucky,Tdap,School,year_first_implemented,2011,2025,https://www.immunize.org/official-guidance/state-policies/vaccine-requirements/tdap-school-2025/
Louisiana,Tdap,School,required,yes,2025,https://www.immunize.org/official-guidance/state-policies/vaccine-requirements/tdap-school-2025/
Louisiana,Tdap,School,age_or_grade,Gr 6–12,2025,https://www.immunize.org/official-guidance/state-policies/vaccine-requirements/tdap-school-2025/
Louisiana,Tdap,School,year_first_implemented,2009,2025,https://www.immunize.org/official-guidance/state-policies/vaccine-requirements/tdap-school-2025/
Maine,Tdap,School,required,yes,2025,https://www.immunize.org/official-guidance/state-policies/vaccine-requirements/tdap-school-2025/
Maine,Tdap,School,age_or_grade,Gr 7,2025,https://www.immunize.org/official-guidance/state-policies/vaccine-requirements/tdap-school-2025/
Maine,Tdap,School,year_first_implemented,2017,2025,https://www.immunize.org/official-guidance/state-policies/vaccine-requirements/tdap-school-2025/
Maryland,Tdap,School,required,yes,2025,https://www.immunize.org/official-guidance/state-policies/vaccine-requirements/tdap-school-2025/
Maryland,Tdap,School,age_or_grade,Gr 7–12,2025,https://www.immunize.org/official-guidance/state-policies/vaccine-requirements/tdap-school-2025/
Maryland,Tdap,School,year_first_implemented,2014,2025,https://www.immunize.org/official-guidance/state-policies/vaccine-requirements/tdap-school-2025/
Massachusetts,Tdap,School,required,yes,2025,https://www.immunize.org/official-guidance/state-policies/vaccine-requirements/tdap-school-2025/
Massachusetts,Tdap,School,age_or_grade,Gr 7–12,2025,https://www.immunize.org/official-guidance/state-policies/vaccine-requirements/tdap-school-2025/
Massachusetts,Tdap,School,year_first_implemented,2011,2025,https://www.immunize.org/official-guidance/state-policies/vaccine-requirements/tdap-school-2025/
Michigan,Tdap,School,required,yes,2025,https://www.immunize.org/official-guidance/state-policies/vaccine-requirements/tdap-school-2025/
Michigan,Tdap,School,age_or_grade,Gr 7; transfer students up to date age 7–18,2025,https://www.immunize.org/official-guidance/state-policies/vaccine-requirements/tdap-school-2025/
Michigan,Tdap,School,year_first_implemented,2010,2025,https://www.immunize.org/official-guidance/state-policies/vaccine-requirements/tdap-school-2025/
Minnesota,Tdap,School,required,yes,2025,https://www.immunize.org/official-guidance/state-policies/vaccine-requirements/tdap-school-2025/
Minnesota,Tdap,School,age_or_grade,Gr 7–12,2025,https://www.immunize.org/official-guidance/state-policies/vaccine-requirements/tdap-school-2025/
Minnesota,Tdap,School,year_first_implemented,2014,2025,https://www.immunize.org/official-guidance/state-policies/vaccine-requirements/tdap-school-2025/
Mississippi,Tdap,School,required,yes,2025,https://www.immunize.org/official-guidance/state-policies/vaccine-requirements/tdap-school-2025/
Mississippi,Tdap,School,age_or_grade,Gr 7,2025,https://www.immunize.org/official-guidance/state-policies/vaccine-requirements/tdap-school-2025/
Mississippi,Tdap,School,year_first_implemented,2012,2025,https://www.immunize.org/official-guidance/state-policies/vaccine-requirements/tdap-school-2025/
Missouri,Tdap,School,required,yes,2025,https://www.immunize.org/official-guidance/state-policies/vaccine-requirements/tdap-school-2025/
Missouri,Tdap,School,age_or_grade,Gr 8–12,2025,https://www.immunize.org/official-guidance/state-policies/vaccine-requirements/tdap-school-2025/
Missouri,Tdap,School,year_first_implemented,2010,2025,https://www.immunize.org/official-guidance/state-policies/vaccine-requirements/tdap-school-2025/
Montana,Tdap,School,required,yes,2025,https://www.immunize.org/official-guidance/state-policies/vaccine-requirements/tdap-school-2025/
Montana,Tdap,School,age_or_grade,Gr 7–12,2025,https://www.immunize.org/official-guidance/state-policies/vaccine-requirements/tdap-school-2025/
Montana,Tdap,School,year_first_implemented,2015,2025,https://www.immunize.org/official-guidance/state-policies/vaccine-requirements/tdap-school-2025/
Nebraska,Tdap,School,required,yes,2025,https://www.immunize.org/official-guidance/state-policies/vaccine-requirements/tdap-school-2025/
Nebraska,Tdap,School,age_or_grade,Gr 7,2025,https://www.immunize.org/official-guidance/state-policies/vaccine-requirements/tdap-school-2025/
Nebraska,Tdap,School,year_first_implemented,2010,2025,https://www.immunize.org/official-guidance/state-policies/vaccine-requirements/tdap-school-2025/
Nevada,Tdap,School,required,yes,2025,https://www.immunize.org/official-guidance/state-policies/vaccine-requirements/tdap-school-2025/
Nevada,Tdap,School,age_or_grade,Gr 7,2025,https://www.immunize.org/official-guidance/state-policies/vaccine-requirements/tdap-school-2025/
Nevada,Tdap,School,year_first_implemented,2008,2025,https://www.immunize.org/official-guidance/state-policies/vaccine-requirements/tdap-school-2025/
New Hampshire,Tdap,School,required,yes,2025,https://www.immunize.org/official-guidance/state-policies/vaccine-requirements/tdap-school-2025/
New Hampshire,Tdap,School,age_or_grade,Age 11,2025,https://www.immunize.org/official-guidance/state-policies/vaccine-requirements/tdap-school-2025/
New Hampshire,Tdap,School,year_first_implemented,2009,2025,https://www.immunize.org/official-guidance/state-policies/vaccine-requirements/tdap-school-2025/
New Jersey,Tdap,School,required,yes,2025,https://www.immunize.org/official-guidance/state-policies/vaccine-requirements/tdap-school-2025/
New Jersey,Tdap,School,age_or_grade,Gr 6–12 if age 11 or older,2025,https://www.immunize.org/official-guidance/state-policies/vaccine-requirements/tdap-school-2025/
New Jersey,Tdap,School,year_first_implemented,2008,2025,https://www.immunize.org/official-guidance/state-policies/vaccine-requirements/tdap-school-2025/
New Mexico,Tdap,School,required,yes,2025,https://www.immunize.org/official-guidance/state-policies/vaccine-requirements/tdap-school-2025/
New Mexico,Tdap,School,age_or_grade,Gr 7–12,2025,https://www.immunize.org/official-guidance/state-policies/vaccine-requirements/tdap-school-2025/
New Mexico,Tdap,School,year_first_implemented,2007,2025,https://www.immunize.org/official-guidance/state-policies/vaccine-requirements/tdap-school-2025/
New York,Tdap,School,required,yes,2025,https://www.immunize.org/official-guidance/state-policies/vaccine-requirements/tdap-school-2025/
New York,Tdap,School,age_or_grade,Gr 6–12,2025,https://www.immunize.org/official-guidance/state-policies/vaccine-requirements/tdap-school-2025/
New York,Tdap,School,year_first_implemented,2007,2025,https://www.immunize.org/official-guidance/state-policies/vaccine-requirements/tdap-school-2025/
North Carolina,Tdap,School,required,yes,2025,https://www.immunize.org/official-guidance/state-policies/vaccine-requirements/tdap-school-2025/
North Carolina,Tdap,School,age_or_grade,Gr 7 or age 12 (whichever is 1st),2025,https://www.immunize.org/official-guidance/state-policies/vaccine-requirements/tdap-school-2025/
North Carolina,Tdap,School,year_first_implemented,2015,2025,https://www.immunize.org/official-guidance/state-policies/vaccine-requirements/tdap-school-2025/
North Dakota,Tdap,School,required,yes,2025,https://www.immunize.org/official-guidance/state-policies/vaccine-requirements/tdap-school-2025/
North Dakota,Tdap,School,age_or_grade,Gr 7–12,2025,https://www.immunize.org/official-guidance/state-policies/vaccine-requirements/tdap-school-2025/
North Dakota,Tdap,School,year_first_implemented,2014,2025,https://www.immunize.org/official-guidance/state-policies/vaccine-requirements/tdap-school-2025/
Ohio,Tdap,School,required,yes,2025,https://www.immunize.org/official-guidance/state-policies/vaccine-requirements/tdap-school-2025/
Ohio,Tdap,School,age_or_grade,Gr 7–12,2025,https://www.immunize.org/official-guidance/state-policies/vaccine-requirements/tdap-school-2025/
Ohio,Tdap,School,year_first_implemented,2012,2025,https://www.immunize.org/official-guidance/state-policies/vaccine-requirements/tdap-school-2025/
Oklahoma,Tdap,School,required,yes,2025,https://www.immunize.org/official-guidance/state-policies/vaccine-requirements/tdap-school-2025/
Oklahoma,Tdap,School,age_or_grade,Gr 7–12,2025,https://www.immunize.org/official-guidance/state-policies/vaccine-requirements/tdap-school-2025/
Oklahoma,Tdap,School,year_first_implemented,2011,2025,https://www.immunize.org/official-guidance/state-policies/vaccine-requirements/tdap-school-2025/
Oregon,Tdap,School,required,yes,2025,https://www.immunize.org/official-guidance/state-policies/vaccine-requirements/tdap-school-2025/
Oregon,Tdap,School,age_or_grade,Gr 7–12,2025,https://www.immunize.org/official-guidance/state-policies/vaccine-requirements/tdap-school-2025/
Oregon,Tdap,School,year_first_implemented,2008,2025,https://www.immunize.org/official-guidance/state-policies/vaccine-requirements/tdap-school-2025/
Pennsylvania,Tdap,School,required,yes,2025,https://www.immunize.org/official-guidance/state-policies/vaccine-requirements/tdap-school-2025/
Pennsylvania,Tdap,School,age_or_grade,Gr 7,2025,https://www.immunize.org/official-guidance/state-policies/vaccine-requirements/tdap-school-2025/
Pennsylvania,Tdap,School,year_first_implemented,2011,2025,https://www.immunize.org/official-guidance/state-policies/vaccine-requirements/tdap-school-2025/
Rhode Island,Tdap,School,required,yes,2025,https://www.immunize.org/official-guidance/state-policies/vaccine-requirements/tdap-school-2025/
Rhode Island,Tdap,School,age_or_grade,Gr 7,2025,https://www.immunize.org/official-guidance/state-policies/vaccine-requirements/tdap-school-2025/
Rhode Island,Tdap,School,year_first_implemented,2009,2025,https://www.immunize.org/official-guidance/state-policies/vaccine-requirements/tdap-school-2025/
South Carolina,Tdap,School,required,yes,2025,https://www.immunize.org/official-guidance/state-policies/vaccine-requirements/tdap-school-2025/
South Carolina,Tdap,School,age_or_grade,Gr 7,2025,https://www.immunize.org/official-guidance/state-policies/vaccine-requirements/tdap-school-2025/
South Carolina,Tdap,School,year_first_implemented,2013,2025,https://www.immunize.org/official-guidance/state-policies/vaccine-requirements/tdap-school-2025/
South Dakota,Tdap,School,required,yes,2025,https://www.immunize.org/official-guidance/state-policies/vaccine-requirements/tdap-school-2025/
South Dakota,Tdap,School,age_or_grade,Gr 6,2025,https://www.immunize.org/official-guidance/state-policies/vaccine-requirements/tdap-school-2025/
South Dakota,Tdap,School,year_first_implemented,2016,2025,https://www.immunize.org/official-guidance/state-policies/vaccine-requirements/tdap-school-2025/
Tennessee,Tdap,School,required,yes,2025,https://www.immunize.org/official-guidance/state-policies/vaccine-requirements/tdap-school-2025/
Tennessee,Tdap,School,age_or_grade,Gr 7,2025,https://www.immunize.org/official-guidance/state-policies/vaccine-requirements/tdap-school-2025/
Tennessee,Tdap,School,year_first_implemented,2010,2025,https://www.immunize.org/official-guidance/state-policies/vaccine-requirements/tdap-school-2025/
Texas,Tdap,School,required,yes,2025,https://www.immunize.org/official-guidance/state-policies/vaccine-requirements/tdap-school-2025/
Texas,Tdap,School,age_or_grade,Gr 7,2025,https://www.immunize.org/official-guidance/state-policies/vaccine-requirements/tdap-school-2025/
Texas,Tdap,School,year_first_implemented,2009,2025,https://www.immunize.org/official-guidance/state-policies/vaccine-requirements/tdap-school-2025/
Utah,Tdap,School,required,yes,2025,https://www.immunize.org/official-guidance/state-policies/vaccine-requirements/tdap-school-2025/
Utah,Tdap,School,age_or_grade,Gr 7,2025,https://www.immunize.org/official-guidance/state-policies/vaccine-requirements/tdap-school-2025/
Utah,Tdap,School,year_first_implemented,2007,2025,https://www.immunize.org/official-guidance/state-policies/vaccine-requirements/tdap-school-2025/
Vermont,Tdap,School,required,yes,2025,https://www.immunize.org/official-guidance/state-policies/vaccine-requirements/tdap-school-2025/
Vermont,Tdap,School,age_or_grade,Gr 7,2025,https://www.immunize.org/official-guidance/state-policies/vaccine-requirements/tdap-school-2025/
Vermont,Tdap,School,year_first_implemented,2008,2025,https://www.immunize.org/official-guidance/state-policies/vaccine-requirements/tdap-school-2025/
Virginia,Tdap,School,required,yes,2025,https://www.immunize.org/official-guidance/state-policies/vaccine-requirements/tdap-school-2025/
Virginia,Tdap,School,age_or_grade,Gr 7,2025,https://www.immunize.org/official-guidance/state-policies/vaccine-requirements/tdap-school-2025/
Virginia,Tdap,School,year_first_implemented,2006,2025,https://www.immunize.org/official-guidance/state-policies/vaccine-requirements/tdap-school-2025/
Washington,Tdap,School,required,yes,2025,https://www.immunize.org/official-guidance/state-policies/vaccine-requirements/tdap-school-2025/
Washington,Tdap,School,age_or_grade,Gr 7–12,2025,https://www.immunize.org/official-guidance/state-policies/vaccine-requirements/tdap-school-2025/
Washington,Tdap,School,year_first_implemented,2007,2025,https://www.immunize.org/official-guidance/state-policies/vaccine-requirements/tdap-school-2025/
Washington,Tdap,School,historical_note,2020: changed from Gr 6–12 to Gr 7–12,2025,https://www.immunize.org/official-guidance/state-policies/vaccine-requirements/tdap-school-2025/
West Virginia,Tdap,School,required,yes,2025,https://www.immunize.org/official-guidance/state-policies/vaccine-requirements/tdap-school-2025/
West Virginia,Tdap,School,age_or_grade,"Gr 7, 12",2025,https://www.immunize.org/official-guidance/state-policies/vaccine-requirements/tdap-school-2025/
West Virginia,Tdap,School,year_first_implemented,2012,2025,https://www.immunize.org/official-guidance/state-policies/vaccine-requirements/tdap-school-2025/
Wisconsin,Tdap,School,required,yes,2025,https://www.immunize.org/official-guidance/state-policies/vaccine-requirements/tdap-school-2025/
Wisconsin,Tdap,School,age_or_grade,Gr 7,2025,https://www.immunize.org/official-guidance/state-policies/vaccine-requirements/tdap-school-2025/
Wisconsin,Tdap,School,year_first_implemented,2023,2025,https://www.immunize.org/official-guidance/state-policies/vaccine-requirements/tdap-school-2025/
Wyoming,Tdap,School,required,yes,2025,https://www.immunize.org/official-guidance/state-policies/vaccine-requirements/tdap-school-2025/
Wyoming,Tdap,School,age_or_grade,Gr 7,2025,https://www.immunize.org/official-guidance/state-policies/vaccine-requirements/tdap-school-2025/
Wyoming,Tdap,School,year_first_implemented,2010,2025,https://www.immunize.org/official-guidance/state-policies/vaccine-requirements/tdap-school-2025/
Alabama,Varicella,Childcare,required,yes,2025,https://www.immunize.org/official-guidance/state-policies/vaccine-requirements/varicella-child-school-2025/
Alabama,Varicella,Childcare,doses_required,1–2,2025,https://www.immunize.org/official-guidance/state-policies/vaccine-requirements/varicella-child-school-2025/
Alabama,Varicella,Childcare,grades_included,K–12,2025,https://www.immunize.org/official-guidance/state-policies/vaccine-requirements/varicella-child-school-2025/
Alabama,Varicella,Childcare,year_first_implemented,2001,2025,https://www.immunize.org/official-guidance/state-policies/vaccine-requirements/varicella-child-school-2025/
Alabama,Varicella,Childcare,comment,2 doses required if dose 1 given at age 13 or older,2025,https://www.immunize.org/official-guidance/state-policies/vaccine-requirements/varicella-child-school-2025/
Alaska,Varicella,Childcare,required,yes,2025,https://www.immunize.org/official-guidance/state-policies/vaccine-requirements/varicella-child-school-2025/
Alaska,Varicella,Childcare,doses_required,2,2025,https://www.immunize.org/official-guidance/state-policies/vaccine-requirements/varicella-child-school-2025/
Alaska,Varicella,Childcare,grades_included,K–6,2025,https://www.immunize.org/official-guidance/state-policies/vaccine-requirements/varicella-child-school-2025/
Alaska,Varicella,Childcare,year_first_implemented,2009,2025,https://www.immunize.org/official-guidance/state-policies/vaccine-requirements/varicella-child-school-2025/
Arizona,Varicella,Childcare,required,yes,2025,https://www.immunize.org/official-guidance/state-policies/vaccine-requirements/varicella-child-school-2025/
Arizona,Varicella,Childcare,doses_required,1–2,2025,https://www.immunize.org/official-guidance/state-policies/vaccine-requirements/varicella-child-school-2025/
Arizona,Varicella,Childcare,grades_included,K–12,2025,https://www.immunize.org/official-guidance/state-policies/vaccine-requirements/varicella-child-school-2025/
Arizona,Varicella,Childcare,year_first_implemented,2005,2025,https://www.immunize.org/official-guidance/state-policies/vaccine-requirements/varicella-child-school-2025/
Arizona,Varicella,Childcare,comment,2 doses required if dose 1 given at age 13 or older,2025,https://www.immunize.org/official-guidance/state-policies/vaccine-requirements/varicella-child-school-2025/
Arkansas,Varicella,Childcare,required,yes,2025,https://www.immunize.org/official-guidance/state-policies/vaccine-requirements/varicella-child-school-2025/
Arkansas,Varicella,Childcare,doses_required,2,2025,https://www.immunize.org/official-guidance/state-policies/vaccine-requirements/varicella-child-school-2025/
Arkansas,Varicella,Childcare,grades_included,K–7,2025,https://www.immunize.org/official-guidance/state-policies/vaccine-requirements/varicella-child-school-2025/
Arkansas,Varicella,Childcare,year_first_implemented,2000,2025,https://www.immunize.org/official-guidance/state-policies/vaccine-requirements/varicella-child-school-2025/
California,Varicella,Childcare,required,yes,2025,https://www.immunize.org/official-guidance/state-policies/vaccine-requirements/varicella-child-school-2025/
California,Varicella,Childcare,doses_required,2,2025,https://www.immunize.org/official-guidance/state-policies/vaccine-requirements/varicella-child-school-2025/
California,Varicella,Childcare,grades_included,K–12,2025,https://www.immunize.org/official-guidance/state-policies/vaccine-requirements/varicella-child-school-2025/
California,Varicella,Childcare,year_first_implemented,2001,2025,https://www.immunize.org/official-guidance/state-policies/vaccine-requirements/varicella-child-school-2025/
Colorado,Varicella,Childcare,required,yes,2025,https://www.immunize.org/official-guidance/state-policies/vaccine-requirements/varicella-child-school-2025/
Colorado,Varicella,Childcare,doses_required,2,2025,https://www.immunize.org/official-guidance/state-policies/vaccine-requirements/varicella-child-school-2025/
Colorado,Varicella,Childcare,grades_included,K–12,2025,https://www.immunize.org/official-guidance/state-policies/vaccine-requirements/varicella-child-school-2025/
Colorado,Varicella,Childcare,year_first_implemented,2000,2025,https://www.immunize.org/official-guidance/state-policies/vaccine-requirements/varicella-child-school-2025/
Colorado,Varicella,Childcare,historical_note,2000: K–6 2006: Gr 7–12,2025,https://www.immunize.org/official-guidance/state-policies/vaccine-requirements/varicella-child-school-2025/
Connecticut,Varicella,Childcare,required,yes,2025,https://www.immunize.org/official-guidance/state-policies/vaccine-requirements/varicella-child-school-2025/
Connecticut,Varicella,Childcare,doses_required,2,2025,https://www.immunize.org/official-guidance/state-policies/vaccine-requirements/varicella-child-school-2025/
Connecticut,Varicella,Childcare,grades_included,K–12,2025,https://www.immunize.org/official-guidance/state-policies/vaccine-requirements/varicella-child-school-2025/
Connecticut,Varicella,Childcare,year_first_implemented,2000,2025,https://www.immunize.org/official-guidance/state-policies/vaccine-requirements/varicella-child-school-2025/
Delaware,Varicella,Childcare,required,yes,2025,https://www.immunize.org/official-guidance/state-policies/vaccine-requirements/varicella-child-school-2025/
Delaware,Varicella,Childcare,doses_required,2,2025,https://www.immunize.org/official-guidance/state-policies/vaccine-requirements/varicella-child-school-2025/
Delaware,Varicella,Childcare,grades_included,K–12,2025,https://www.immunize.org/official-guidance/state-policies/vaccine-requirements/varicella-child-school-2025/
Delaware,Varicella,Childcare,year_first_implemented,2003,2025,https://www.immunize.org/official-guidance/state-policies/vaccine-requirements/varicella-child-school-2025/
Delaware,Varicella,Childcare,historical_note,2003: K–6 2009: Gr 7–12,2025,https://www.immunize.org/official-guidance/state-policies/vaccine-requirements/varicella-child-school-2025/
District of Columbia,Varicella,Childcare,required,yes,2025,https://www.immunize.org/official-guidance/state-policies/vaccine-requirements/varicella-child-school-2025/
District of Columbia,Varicella,Childcare,doses_required,2,2025,https://www.immunize.org/official-guidance/state-policies/vaccine-requirements/varicella-child-school-2025/
District of Columbia,Varicella,Childcare,grades_included,K–12,2025,https://www.immunize.org/official-guidance/state-policies/vaccine-requirements/varicella-child-school-2025/
District of Columbia,Varicella,Childcare,year_first_implemented,1997,2025,https://www.immunize.org/official-guidance/state-policies/vaccine-requirements/varicella-child-school-2025/
Florida,Varicella,Childcare,required,yes,2025,https://www.immunize.org/official-guidance/state-policies/vaccine-requirements/varicella-child-school-2025/
Florida,Varicella,Childcare,doses_required,2,2025,https://www.immunize.org/official-guidance/state-policies/vaccine-requirements/varicella-child-school-2025/
Florida,Varicella,Childcare,grades_included,K–12,2025,https://www.immunize.org/official-guidance/state-policies/vaccine-requirements/varicella-child-school-2025/
Florida,Varicella,Childcare,year_first_implemented,2001,2025,https://www.immunize.org/official-guidance/state-policies/vaccine-requirements/varicella-child-school-2025/
Georgia,Varicella,Childcare,required,yes,2025,https://www.immunize.org/official-guidance/state-policies/vaccine-requirements/varicella-child-school-2025/
Georgia,Varicella,Childcare,doses_required,2,2025,https://www.immunize.org/official-guidance/state-policies/vaccine-requirements/varicella-child-school-2025/
Georgia,Varicella,Childcare,grades_included,K–12,2025,https://www.immunize.org/official-guidance/state-policies/vaccine-requirements/varicella-child-school-2025/
Georgia,Varicella,Childcare,year_first_implemented,2000,2025,https://www.immunize.org/official-guidance/state-policies/vaccine-requirements/varicella-child-school-2025/
Hawaii,Varicella,Childcare,required,yes,2025,https://www.immunize.org/official-guidance/state-policies/vaccine-requirements/varicella-child-school-2025/
Hawaii,Varicella,Childcare,doses_required,2,2025,https://www.immunize.org/official-guidance/state-policies/vaccine-requirements/varicella-child-school-2025/
Hawaii,Varicella,Childcare,grades_included,K–12,2025,https://www.immunize.org/official-guidance/state-policies/vaccine-requirements/varicella-child-school-2025/
Hawaii,Varicella,Childcare,year_first_implemented,2002,2025,https://www.immunize.org/official-guidance/state-policies/vaccine-requirements/varicella-child-school-2025/
Idaho,Varicella,Childcare,required,yes,2025,https://www.immunize.org/official-guidance/state-policies/vaccine-requirements/varicella-child-school-2025/
Idaho,Varicella,Childcare,doses_required,2,2025,https://www.immunize.org/official-guidance/state-policies/vaccine-requirements/varicella-child-school-2025/
Idaho,Varicella,Childcare,grades_included,K–12,2025,https://www.immunize.org/official-guidance/state-policies/vaccine-requirements/varicella-child-school-2025/
Idaho,Varicella,Childcare,year_first_implemented,2002,2025,https://www.immunize.org/official-guidance/state-policies/vaccine-requirements/varicella-child-school-2025/
Illinois,Varicella,Childcare,required,yes,2025,https://www.immunize.org/official-guidance/state-policies/vaccine-requirements/varicella-child-school-2025/
Illinois,Varicella,Childcare,doses_required,2,2025,https://www.immunize.org/official-guidance/state-policies/vaccine-requirements/varicella-child-school-2025/
Illinois,Varicella,Childcare,grades_included,K–12,2025,https://www.immunize.org/official-guidance/state-policies/vaccine-requirements/varicella-child-school-2025/
Illinois,Varicella,Childcare,year_first_implemented,2002,2025,https://www.immunize.org/official-guidance/state-policies/vaccine-requirements/varicella-child-school-2025/
Indiana,Varicella,Childcare,required,yes,2025,https://www.immunize.org/official-guidance/state-policies/vaccine-requirements/varicella-child-school-2025/
Indiana,Varicella,Childcare,doses_required,2,2025,https://www.immunize.org/official-guidance/state-policies/vaccine-requirements/varicella-child-school-2025/
Indiana,Varicella,Childcare,grades_included,K–12,2025,https://www.immunize.org/official-guidance/state-policies/vaccine-requirements/varicella-child-school-2025/
Indiana,Varicella,Childcare,year_first_implemented,2004,2025,https://www.immunize.org/official-guidance/state-policies/vaccine-requirements/varicella-child-school-2025/
Iowa,Varicella,Childcare,required,yes,2025,https://www.immunize.org/official-guidance/state-policies/vaccine-requirements/varicella-child-school-2025/
Iowa,Varicella,Childcare,doses_required,2,2025,https://www.immunize.org/official-guidance/state-policies/vaccine-requirements/varicella-child-school-2025/
Iowa,Varicella,Childcare,grades_included,K–12,2025,https://www.immunize.org/official-guidance/state-policies/vaccine-requirements/varicella-child-school-2025/
Iowa,Varicella,Childcare,year_first_implemented,2004,2025,https://www.immunize.org/official-guidance/state-policies/vaccine-requirements/varicella-child-school-2025/
Iowa,Varicella,Childcare,historical_note,2004: K–6 2009: Gr 7–12,2025,https://www.immunize.org/official-guidance/state-policies/vaccine-requirements/varicella-child-school-2025/
Kansas,Varicella,Childcare,required,yes,2025,https://www.immunize.org/official-guidance/state-policies/vaccine-requirements/varicella-child-school-2025/
Kansas,Varicella,Childcare,doses_required,2,2025,https://www.immunize.org/official-guidance/state-policies/vaccine-requirements/varicella-child-school-2025/
Kansas,Varicella,Childcare,grades_included,K–12,2025,https://www.immunize.org/official-guidance/state-policies/vaccine-requirements/varicella-child-school-2025/
Kansas,Varicella,Childcare,year_first_implemented,2004,2025,https://www.immunize.org/official-guidance/state-policies/vaccine-requirements/varicella-child-school-2025/
Kansas,Varicella,Childcare,historical_note,2004: K–6 2010: Gr 7–12,2025,https://www.immunize.org/official-guidance/state-policies/vaccine-requirements/varicella-child-school-2025/
Kentucky,Varicella,Childcare,required,yes,2025,https://www.immunize.org/official-guidance/state-policies/vaccine-requirements/varicella-child-school-2025/
Kentucky,Varicella,Childcare,doses_required,2,2025,https://www.immunize.org/official-guidance/state-policies/vaccine-requirements/varicella-child-school-2025/
Kentucky,Varicella,Childcare,grades_included,K–12,2025,https://www.immunize.org/official-guidance/state-policies/vaccine-requirements/varicella-child-school-2025/
Kentucky,Varicella,Childcare,year_first_implemented,2001,2025,https://www.immunize.org/official-guidance/state-policies/vaccine-requirements/varicella-child-school-2025/
Kentucky,Varicella,Childcare,historical_note,2001: K–6 2009: Gr 7–12,2025,https://www.immunize.org/official-guidance/state-policies/vaccine-requirements/varicella-child-school-2025/
Louisiana,Varicella,Childcare,required,yes,2025,https://www.immunize.org/official-guidance/state-policies/vaccine-requirements/varicella-child-school-2025/
Louisiana,Varicella,Childcare,doses_required,2,2025,https://www.immunize.org/official-guidance/state-policies/vaccine-requirements/varicella-child-school-2025/
Louisiana,Varicella,Childcare,grades_included,K–12,2025,https://www.immunize.org/official-guidance/state-policies/vaccine-requirements/varicella-child-school-2025/
Louisiana,Varicella,Childcare,year_first_implemented,2003,2025,https://www.immunize.org/official-guidance/state-policies/vaccine-requirements/varicella-child-school-2025/
Maine,Varicella,Childcare,required,yes,2025,https://www.immunize.org/official-guidance/state-policies/vaccine-requirements/varicella-child-school-2025/
Maine,Varicella,Childcare,doses_required,2,2025,https://www.immunize.org/official-guidance/state-policies/vaccine-requirements/varicella-child-school-2025/
Maine,Varicella,Childcare,grades_included,K–12,2025,https://www.immunize.org/official-guidance/state-policies/vaccine-requirements/varicella-child-school-2025/
Maine,Varicella,Childcare,year_first_implemented,2003,2025,https://www.immunize.org/official-guidance/state-policies/vaccine-requirements/varicella-child-school-2025/
Maryland,Varicella,Childcare,required,yes,2025,https://www.immunize.org/official-guidance/state-policies/vaccine-requirements/varicella-child-school-2025/
Maryland,Varicella,Childcare,doses_required,1–2,2025,https://www.immunize.org/official-guidance/state-policies/vaccine-requirements/varicella-child-school-2025/
Maryland,Varicella,Childcare,grades_included,K–12,2025,https://www.immunize.org/official-guidance/state-policies/vaccine-requirements/varicella-child-school-2025/
Maryland,Varicella,Childcare,year_first_implemented,2001,2025,https://www.immunize.org/official-guidance/state-policies/vaccine-requirements/varicella-child-school-2025/
Maryland,Varicella,Childcare,comment,K–11: 2 doses required Gr 12: 1 dose required,2025,https://www.immunize.org/official-guidance/state-policies/vaccine-requirements/varicella-child-school-2025/
Massachusetts,Varicella,Childcare,required,yes,2025,https://www.immunize.org/official-guidance/state-policies/vaccine-requirements/varicella-child-school-2025/
Massachusetts,Varicella,Childcare,doses_required,2,2025,https://www.immunize.org/official-guidance/state-policies/vaccine-requirements/varicella-child-school-2025/
Massachusetts,Varicella,Childcare,grades_included,K–12,2025,https://www.immunize.org/official-guidance/state-policies/vaccine-requirements/varicella-child-school-2025/
Massachusetts,Varicella,Childcare,year_first_implemented,1999,2025,https://www.immunize.org/official-guidance/state-policies/vaccine-requirements/varicella-child-school-2025/
Michigan,Varicella,Childcare,required,yes,2025,https://www.immunize.org/official-guidance/state-policies/vaccine-requirements/varicella-child-school-2025/
Michigan,Varicella,Childcare,doses_required,2,2025,https://www.immunize.org/official-guidance/state-policies/vaccine-requirements/varicella-child-school-2025/
Michigan,Varicella,Childcare,grades_included,K–12,2025,https://www.immunize.org/official-guidance/state-policies/vaccine-requirements/varicella-child-school-2025/
Michigan,Varicella,Childcare,year_first_implemented,2002,2025,https://www.immunize.org/official-guidance/state-policies/vaccine-requirements/varicella-child-school-2025/
Minnesota,Varicella,Childcare,required,yes,2025,https://www.immunize.org/official-guidance/state-policies/vaccine-requirements/varicella-child-school-2025/
Minnesota,Varicella,Childcare,doses_required,2,2025,https://www.immunize.org/official-guidance/state-policies/vaccine-requirements/varicella-child-school-2025/
Minnesota,Varicella,Childcare,grades_included,K–12,2025,https://www.immunize.org/official-guidance/state-policies/vaccine-requirements/varicella-child-school-2025/
Minnesota,Varicella,Childcare,year_first_implemented,2004,2025,https://www.immunize.org/official-guidance/state-policies/vaccine-requirements/varicella-child-school-2025/
Mississippi,Varicella,Childcare,required,yes,2025,https://www.immunize.org/official-guidance/state-policies/vaccine-requirements/varicella-child-school-2025/
Mississippi,Varicella,Childcare,doses_required,2,2025,https://www.immunize.org/official-guidance/state-policies/vaccine-requirements/varicella-child-school-2025/
Mississippi,Varicella,Childcare,grades_included,K–6,2025,https://www.immunize.org/official-guidance/state-policies/vaccine-requirements/varicella-child-school-2025/
Mississippi,Varicella,Childcare,year_first_implemented,2002,2025,https://www.immunize.org/official-guidance/state-policies/vaccine-requirements/varicella-child-school-2025/
Missouri,Varicella,Childcare,required,yes,2025,https://www.immunize.org/official-guidance/state-policies/vaccine-requirements/varicella-child-school-2025/
Missouri,Varicella,Childcare,doses_required,2,2025,https://www.immunize.org/official-guidance/state-policies/vaccine-requirements/varicella-child-school-2025/
Missouri,Varicella,Childcare,grades_included,K–12,2025,https://www.immunize.org/official-guidance/state-policies/vaccine-requirements/varicella-child-school-2025/
Missouri,Varicella,Childcare,year_first_implemented,2002,2025,https://www.immunize.org/official-guidance/state-policies/vaccine-requirements/varicella-child-school-2025/
Missouri,Varicella,Childcare,historical_note,2005: K–6 2011: Gr 7–12,2025,https://www.immunize.org/official-guidance/state-policies/vaccine-requirements/varicella-child-school-2025/
Montana,Varicella,Childcare,required,yes,2025,https://www.immunize.org/official-guidance/state-policies/vaccine-requirements/varicella-child-school-2025/
Montana,Varicella,Childcare,doses_required,2,2025,https://www.immunize.org/official-guidance/state-policies/vaccine-requirements/varicella-child-school-2025/
Montana,Varicella,Childcare,grades_included,K–12,2025,https://www.immunize.org/official-guidance/state-policies/vaccine-requirements/varicella-child-school-2025/
Montana,Varicella,Childcare,year_first_implemented,2015,2025,https://www.immunize.org/official-guidance/state-policies/vaccine-requirements/varicella-child-school-2025/
Nebraska,Varicella,Childcare,required,yes,2025,https://www.immunize.org/official-guidance/state-policies/vaccine-requirements/varicella-child-school-2025/
Nebraska,Varicella,Childcare,doses_required,2,2025,https://www.immunize.org/official-guidance/state-policies/vaccine-requirements/varicella-child-school-2025/
Nebraska,Varicella,Childcare,grades_included,K–12,2025,https://www.immunize.org/official-guidance/state-policies/vaccine-requirements/varicella-child-school-2025/
Nebraska,Varicella,Childcare,year_first_implemented,2004,2025,https://www.immunize.org/official-guidance/state-policies/vaccine-requirements/varicella-child-school-2025/
Nevada,Varicella,Childcare,required,yes,2025,https://www.immunize.org/official-guidance/state-policies/vaccine-requirements/varicella-child-school-2025/
Nevada,Varicella,Childcare,doses_required,2,2025,https://www.immunize.org/official-guidance/state-policies/vaccine-requirements/varicella-child-school-2025/
Nevada,Varicella,Childcare,grades_included,K–6,2025,https://www.immunize.org/official-guidance/state-policies/vaccine-requirements/varicella-child-school-2025/
Nevada,Varicella,Childcare,year_first_implemented,2003,2025,https://www.immunize.org/official-guidance/state-policies/vaccine-requirements/varicella-child-school-2025/
New Hampshire,Varicella,Childcare,required,yes,2025,https://www.immunize.org/official-guidance/state-policies/vaccine-requirements/varicella-child-school-2025/
New Hampshire,Varicella,Childcare,doses_required,2,2025,https://www.immunize.org/official-guidance/state-policies/vaccine-requirements/varicella-child-school-2025/
New Hampshire,Varicella,Childcare,grades_included,K–6,2025,https://www.immunize.org/official-guidance/state-policies/vaccine-requirements/varicella-child-school-2025/
New Hampshire,Varicella,Childcare,year_first_implemented,2003,2025,https://www.immunize.org/official-guidance/state-policies/vaccine-requirements/varicella-child-school-2025/
New Jersey,Varicella,Childcare,required,yes,2025,https://www.immunize.org/official-guidance/state-policies/vaccine-requirements/varicella-child-school-2025/
New Jersey,Varicella,Childcare,doses_required,1,2025,https://www.immunize.org/official-guidance/state-policies/vaccine-requirements/varicella-child-school-2025/
New Jersey,Varicella,Childcare,grades_included,K–12,2025,https://www.immunize.org/official-guidance/state-policies/vaccine-requirements/varicella-child-school-2025/
New Jersey,Varicella,Childcare,year_first_implemented,2004,2025,https://www.immunize.org/official-guidance/state-policies/vaccine-requirements/varicella-child-school-2025/
New Mexico,Varicella,Childcare,required,yes,2025,https://www.immunize.org/official-guidance/state-policies/vaccine-requirements/varicella-child-school-2025/
New Mexico,Varicella,Childcare,doses_required,2,2025,https://www.immunize.org/official-guidance/state-policies/vaccine-requirements/varicella-child-school-2025/
New Mexico,Varicella,Childcare,grades_included,K–12,2025,https://www.immunize.org/official-guidance/state-policies/vaccine-requirements/varicella-child-school-2025/
New Mexico,Varicella,Childcare,year_first_implemented,2002,2025,https://www.immunize.org/official-guidance/state-policies/vaccine-requirements/varicella-child-school-2025/
New Mexico,Varicella,Childcare,historical_note,2002: K–6 2008: Gr 7–12,2025,https://www.immunize.org/official-guidance/state-policies/vaccine-requirements/varicella-child-school-2025/
New York,Varicella,Childcare,required,yes,2025,https://www.immunize.org/official-guidance/state-policies/vaccine-requirements/varicella-child-school-2025/
New York,Varicella,Childcare,doses_required,2,2025,https://www.immunize.org/official-guidance/state-policies/vaccine-requirements/varicella-child-school-2025/
New York,Varicella,Childcare,grades_included,K–12,2025,https://www.immunize.org/official-guidance/state-policies/vaccine-requirements/varicella-child-school-2025/
New York,Varicella,Childcare,year_first_implemented,2003,2025,https://www.immunize.org/official-guidance/state-policies/vaccine-requirements/varicella-child-school-2025/
New York,Varicella,Childcare,historical_note,2003: K–6 2005: Gr 7–12,2025,https://www.immunize.org/official-guidance/state-policies/vaccine-requirements/varicella-child-school-2025/
North Carolina,Varicella,Childcare,required,yes,2025,https://www.immunize.org/official-guidance/state-policies/vaccine-requirements/varicella-child-school-2025/
North Carolina,Varicella,Childcare,doses_required,2,2025,https://www.immunize.org/official-guidance/state-policies/vaccine-requirements/varicella-child-school-2025/
North Carolina,Varicella,Childcare,grades_included,K–12,2025,https://www.immunize.org/official-guidance/state-policies/vaccine-requirements/varicella-child-school-2025/
North Carolina,Varicella,Childcare,year_first_implemented,2006,2025,https://www.immunize.org/official-guidance/state-policies/vaccine-requirements/varicella-child-school-2025/
North Carolina,Varicella,Childcare,historical_note,2006: K–6 2012: Gr 7–12,2025,https://www.immunize.org/official-guidance/state-policies/vaccine-requirements/varicella-child-school-2025/
North Dakota,Varicella,Childcare,required,yes,2025,https://www.immunize.org/official-guidance/state-policies/vaccine-requirements/varicella-child-school-2025/
North Dakota,Varicella,Childcare,doses_required,2,2025,https://www.immunize.org/official-guidance/state-policies/vaccine-requirements/varicella-child-school-2025/
North Dakota,Varicella,Childcare,grades_included,K–12,2025,https://www.immunize.org/official-guidance/state-policies/vaccine-requirements/varicella-child-school-2025/
North Dakota,Varicella,Childcare,year_first_implemented,2004,2025,https://www.immunize.org/official-guidance/state-policies/vaccine-requirements/varicella-child-school-2025/
North Dakota,Varicella,Childcare,historical_note,2004: K–6 2010: Gr 7–12,2025,https://www.immunize.org/official-guidance/state-policies/vaccine-requirements/varicella-child-school-2025/
Ohio,Varicella,Childcare,required,yes,2025,https://www.immunize.org/official-guidance/state-policies/vaccine-requirements/varicella-child-school-2025/
Ohio,Varicella,Childcare,doses_required,2,2025,https://www.immunize.org/official-guidance/state-policies/vaccine-requirements/varicella-child-school-2025/
Ohio,Varicella,Childcare,grades_included,K–12,2025,https://www.immunize.org/official-guidance/state-policies/vaccine-requirements/varicella-child-school-2025/
Ohio,Varicella,Childcare,year_first_implemented,2006,2025,https://www.immunize.org/official-guidance/state-policies/vaccine-requirements/varicella-child-school-2025/
Oklahoma,Varicella,Childcare,required,yes,2025,https://www.immunize.org/official-guidance/state-policies/vaccine-requirements/varicella-child-school-2025/
Oklahoma,Varicella,Childcare,doses_required,1,2025,https://www.immunize.org/official-guidance/state-policies/vaccine-requirements/varicella-child-school-2025/
Oklahoma,Varicella,Childcare,grades_included,K–12,2025,https://www.immunize.org/official-guidance/state-policies/vaccine-requirements/varicella-child-school-2025/
Oklahoma,Varicella,Childcare,year_first_implemented,1998,2025,https://www.immunize.org/official-guidance/state-policies/vaccine-requirements/varicella-child-school-2025/
Oklahoma,Varicella,Childcare,historical_note,1998: K–6 2004: Gr 7–12,2025,https://www.immunize.org/official-guidance/state-policies/vaccine-requirements/varicella-child-school-2025/
Oregon,Varicella,Childcare,required,yes,2025,https://www.immunize.org/official-guidance/state-policies/vaccine-requirements/varicella-child-school-2025/
Oregon,Varicella,Childcare,doses_required,1,2025,https://www.immunize.org/official-guidance/state-policies/vaccine-requirements/varicella-child-school-2025/
Oregon,Varicella,Childcare,grades_included,K–12,2025,https://www.immunize.org/official-guidance/state-policies/vaccine-requirements/varicella-child-school-2025/
Oregon,Varicella,Childcare,year_first_implemented,2000,2025,https://www.immunize.org/official-guidance/state-policies/vaccine-requirements/varicella-child-school-2025/
Oregon,Varicella,Childcare,comment,2 doses required if dose 1 given at age 13 or older,2025,https://www.immunize.org/official-guidance/state-policies/vaccine-requirements/varicella-child-school-2025/
Pennsylvania,Varicella,Childcare,required,yes,2025,https://www.immunize.org/official-guidance/state-policies/vaccine-requirements/varicella-child-school-2025/
Pennsylvania,Varicella,Childcare,doses_required,2,2025,https://www.immunize.org/official-guidance/state-policies/vaccine-requirements/varicella-child-school-2025/
Pennsylvania,Varicella,Childcare,grades_included,"K, Gr 7, Gr 12",2025,https://www.immunize.org/official-guidance/state-policies/vaccine-requirements/varicella-child-school-2025/
Pennsylvania,Varicella,Childcare,year_first_implemented,2002,2025,https://www.immunize.org/official-guidance/state-policies/vaccine-requirements/varicella-child-school-2025/
Pennsylvania,Varicella,Childcare,comment,2 doses or evidence of immunity,2025,https://www.immunize.org/official-guidance/state-policies/vaccine-requirements/varicella-child-school-2025/
Rhode Island,Varicella,Childcare,required,yes,2025,https://www.immunize.org/official-guidance/state-policies/vaccine-requirements/varicella-child-school-2025/
Rhode Island,Varicella,Childcare,doses_required,2,2025,https://www.immunize.org/official-guidance/state-policies/vaccine-requirements/varicella-child-school-2025/
Rhode Island,Varicella,Childcare,grades_included,K–12,2025,https://www.immunize.org/official-guidance/state-policies/vaccine-requirements/varicella-child-school-2025/
Rhode Island,Varicella,Childcare,year_first_implemented,1999,2025,https://www.immunize.org/official-guidance/state-policies/vaccine-requirements/varicella-child-school-2025/
South Carolina,Varicella,Childcare,required,yes,2025,https://www.immunize.org/official-guidance/state-policies/vaccine-requirements/varicella-child-school-2025/
South Carolina,Varicella,Childcare,doses_required,2,2025,https://www.immunize.org/official-guidance/state-policies/vaccine-requirements/varicella-child-school-2025/
South Carolina,Varicella,Childcare,grades_included,K–12,2025,https://www.immunize.org/official-guidance/state-policies/vaccine-requirements/varicella-child-school-2025/
South Carolina,Varicella,Childcare,year_first_implemented,2001,2025,https://www.immunize.org/official-guidance/state-policies/vaccine-requirements/varicella-child-school-2025/
South Carolina,Varicella,Childcare,historical_note,2001: K–6 2007: Gr 7–12,2025,https://www.immunize.org/official-guidance/state-policies/vaccine-requirements/varicella-child-school-2025/
South Dakota,Varicella,Childcare,required,yes,2025,https://www.immunize.org/official-guidance/state-policies/vaccine-requirements/varicella-child-school-2025/
South Dakota,Varicella,Childcare,doses_required,2,2025,https://www.immunize.org/official-guidance/state-policies/vaccine-requirements/varicella-child-school-2025/
South Dakota,Varicella,Childcare,grades_included,K–12,2025,https://www.immunize.org/official-guidance/state-policies/vaccine-requirements/varicella-child-school-2025/
South Dakota,Varicella,Childcare,year_first_implemented,2000,2025,https://www.immunize.org/official-guidance/state-policies/vaccine-requirements/varicella-child-school-2025/
Tennessee,Varicella,Childcare,required,yes,2025,https://www.immunize.org/official-guidance/state-policies/vaccine-requirements/varicella-child-school-2025/
Tennessee,Varicella,Childcare,doses_required,2,2025,https://www.immunize.org/official-guidance/state-policies/vaccine-requirements/varicella-child-school-2025/
Tennessee,Varicella,Childcare,grades_included,K–12,2025,https://www.immunize.org/official-guidance/state-policies/vaccine-requirements/varicella-child-school-2025/
Tennessee,Varicella,Childcare,year_first_implemented,2002,2025,https://www.immunize.org/official-guidance/state-policies/vaccine-requirements/varicella-child-school-2025/
Tennessee,Varicella,Childcare,historical_note,2002: K–6 2010: Gr 7–12,2025,https://www.immunize.org/official-guidance/state-policies/vaccine-requirements/varicella-child-school-2025/
Texas,Varicella,Childcare,required,yes,2025,https://www.immunize.org/official-guidance/state-policies/vaccine-requirements/varicella-child-school-2025/
Texas,Varicella,Childcare,doses_required,2,2025,https://www.immunize.org/official-guidance/state-policies/vaccine-requirements/varicella-child-school-2025/
Texas,Varicella,Childcare,grades_included,K–12,2025,https://www.immunize.org/official-guidance/state-policies/vaccine-requirements/varicella-child-school-2025/
Texas,Varicella,Childcare,year_first_implemented,2000,2025,https://www.immunize.org/official-guidance/state-policies/vaccine-requirements/varicella-child-school-2025/
Utah,Varicella,Childcare,required,yes,2025,https://www.immunize.org/official-guidance/state-policies/vaccine-requirements/varicella-child-school-2025/
Utah,Varicella,Childcare,doses_required,2,2025,https://www.immunize.org/official-guidance/state-policies/vaccine-requirements/varicella-child-school-2025/
Utah,Varicella,Childcare,grades_included,K–12,2025,https://www.immunize.org/official-guidance/state-policies/vaccine-requirements/varicella-child-school-2025/
Utah,Varicella,Childcare,year_first_implemented,2002,2025,https://www.immunize.org/official-guidance/state-policies/vaccine-requirements/varicella-child-school-2025/
Utah,Varicella,Childcare,historical_note,2002: K–6 2007: Gr 7–12,2025,https://www.immunize.org/official-guidance/state-policies/vaccine-requirements/varicella-child-school-2025/
Vermont,Varicella,Childcare,required,yes,2025,https://www.immunize.org/official-guidance/state-policies/vaccine-requirements/varicella-child-school-2025/
Vermont,Varicella,Childcare,doses_required,2,2025,https://www.immunize.org/official-guidance/state-policies/vaccine-requirements/varicella-child-school-2025/
Vermont,Varicella,Childcare,grades_included,K–12,2025,https://www.immunize.org/official-guidance/state-policies/vaccine-requirements/varicella-child-school-2025/
Vermont,Varicella,Childcare,year_first_implemented,2008,2025,https://www.immunize.org/official-guidance/state-policies/vaccine-requirements/varicella-child-school-2025/
Virginia,Varicella,Childcare,required,yes,2025,https://www.immunize.org/official-guidance/state-policies/vaccine-requirements/varicella-child-school-2025/
Virginia,Varicella,Childcare,doses_required,2,2025,https://www.immunize.org/official-guidance/state-policies/vaccine-requirements/varicella-child-school-2025/
Virginia,Varicella,Childcare,grades_included,K–12,2025,https://www.immunize.org/official-guidance/state-policies/vaccine-requirements/varicella-child-school-2025/
Virginia,Varicella,Childcare,year_first_implemented,1999,2025,https://www.immunize.org/official-guidance/state-policies/vaccine-requirements/varicella-child-school-2025/
Washington,Varicella,Childcare,required,yes,2025,https://www.immunize.org/official-guidance/state-policies/vaccine-requirements/varicella-child-school-2025/
Washington,Varicella,Childcare,doses_required,2,2025,https://www.immunize.org/official-guidance/state-policies/vaccine-requirements/varicella-child-school-2025/
Washington,Varicella,Childcare,grades_included,K–6,2025,https://www.immunize.org/official-guidance/state-policies/vaccine-requirements/varicella-child-school-2025/
Washington,Varicella,Childcare,year_first_implemented,2006,2025,https://www.immunize.org/official-guidance/state-policies/vaccine-requirements/varicella-child-school-2025/
Washington,Varicella,Childcare,historical_note,2006: K–6 2008: Gr 7–12,2025,https://www.immunize.org/official-guidance/state-policies/vaccine-requirements/varicella-child-school-2025/
West Virginia,Varicella,Childcare,required,yes,2025,https://www.immunize.org/official-guidance/state-policies/vaccine-requirements/varicella-child-school-2025/
West Virginia,Varicella,Childcare,doses_required,2,2025,https://www.immunize.org/official-guidance/state-policies/vaccine-requirements/varicella-child-school-2025/
West Virginia,Varicella,Childcare,grades_included,K–6,2025,https://www.immunize.org/official-guidance/state-policies/vaccine-requirements/varicella-child-school-2025/
West Virginia,Varicella,Childcare,year_first_implemented,2008,2025,https://www.immunize.org/official-guidance/state-policies/vaccine-requirements/varicella-child-school-2025/
Wisconsin,Varicella,Childcare,required,yes,2025,https://www.immunize.org/official-guidance/state-policies/vaccine-requirements/varicella-child-school-2025/
Wisconsin,Varicella,Childcare,doses_required,2,2025,https://www.immunize.org/official-guidance/state-policies/vaccine-requirements/varicella-child-school-2025/
Wisconsin,Varicella,Childcare,grades_included,K–12,2025,https://www.immunize.org/official-guidance/state-policies/vaccine-requirements/varicella-child-school-2025/
Wisconsin,Varicella,Childcare,year_first_implemented,2001,2025,https://www.immunize.org/official-guidance/state-policies/vaccine-requirements/varicella-child-school-2025/
Wisconsin,Varicella,Childcare,historical_note,2001: K–6 2004: Gr 7–12,2025,https://www.immunize.org/official-guidance/state-policies/vaccine-requirements/varicella-child-school-2025/
Wisconsin,Varicella,Childcare,comment,2024: parent report of varicella disease no longer acceptable,2025,https://www.immunize.org/official-guidance/state-policies/vaccine-requirements/varicella-child-school-2025/
Wyoming,Varicella,Childcare,required,yes,2025,https://www.immunize.org/official-guidance/state-policies/vaccine-requirements/varicella-child-school-2025/
Wyoming,Varicella,Childcare,doses_required,2,2025,https://www.immunize.org/official-guidance/state-policies/vaccine-requirements/varicella-child-school-2025/
Wyoming,Varicella,Childcare,grades_included,K–12,2025,https://www.immunize.org/official-guidance/state-policies/vaccine-requirements/varicella-child-school-2025/
Wyoming,Varicella,Childcare,year_first_implemented,2010,2025,https://www.immunize.org/official-guidance/state-policies/vaccine-requirements/varicella-child-school-2025/
